mtllib 3d模型兔子人偶.mtl
# Beijing VAST-c8ae0cb0-1a62-4f77-ac4a-a076927b26f3-AIGC Content
o tripo_part_0
g tripo_part_0
usemtl mat_0
v 0.098832577 0.459884226 0.130133495
vn 0.102432087 -0.527919233 0.843094885
v 0.083177179 0.454013407 0.126227245
vn -0.047374986 -0.631666481 0.773791432
v 0.104703516 0.444224894 0.118391864
vn 0.039243761 -0.690690219 0.722085178
v 0.087091058 0.442271769 0.114477985
vn -0.063037090 -0.780084014 0.622491241
v 0.071434587 0.440311015 0.110564105
vn -0.141785040 -0.811325550 0.567140162
v 0.081219286 0.465755045 0.134055004
vn 0.007872064 -0.551044464 0.834438801
v 0.092961878 0.432483256 0.100783221
vn -0.078708448 -0.873663723 0.480121523
v 0.065565675 0.454013407 0.124258868
vn -0.102169178 -0.699465990 0.707325161
v 0.098832577 0.477496684 0.139914379
vn 0.181502298 -0.378787398 0.907511473
v 0.081219286 0.430530131 0.094908588
vn -0.118396878 -0.907709360 0.402549356
v 0.051867098 0.440311015 0.102736346
vn -0.203785285 -0.854330659 0.478111655
v 0.063608736 0.428569376 0.081213824
vn -0.172608763 -0.933656454 0.313834101
v 0.094918817 0.424655497 0.081213824
vn -0.070971824 -0.946291029 0.315430343
v 0.032297701 0.430530131 0.067511432
vn -0.204237491 -0.934779286 0.290645659
v 0.085134119 0.422702372 0.071425311
vn -0.141767442 -0.952992260 0.267782927
v 0.057737917 0.424655497 0.059687484
vn -0.157778963 -0.962451637 0.220890537
v 0.096875668 0.418788493 0.063597552
vn -0.062943369 -0.967754304 0.243905559
v 0.083177179 0.418788493 0.053816665
vn -0.148974940 -0.972257495 0.180338085
v 0.053824037 0.420741618 0.038161147
vn -0.126518786 -0.980520606 0.150241062
v 0.100789636 0.414874613 0.042075027
vn -0.086673312 -0.984923959 0.149708435
v 0.028383821 0.422702372 0.032290328
vn -0.173854664 -0.972005606 0.158049688
v 0.077305406 0.416827738 0.032290328
vn -0.133816794 -0.983947039 0.118073650
v 0.053824037 0.418788493 0.018589843
vn -0.117771208 -0.989278078 0.086365551
v 0.100789636 0.412913859 0.026417602
vn -0.086643726 -0.992464483 0.086643726
v 0.106660455 0.416827738 0.053816665
vn -0.047086716 -0.980973184 0.188346863
v 0.075348467 0.414874613 0.014675965
vn -0.125781655 -0.990530550 0.055029478
v 0.106660455 0.420741618 0.069472186
vn -0.031360254 -0.956487715 0.290082335
v 0.116446108 0.414874613 0.045988906
vn -0.047220677 -0.983764112 0.173142493
v 0.106660455 0.426616251 0.089041583
vn -0.023573862 -0.935096562 0.353607982
v 0.116446108 0.416827738 0.059687484
vn -0.023688968 -0.971247733 0.236889690
v 0.118403047 0.422702372 0.077299945
vn 0.023710415 -0.948416650 0.316138864
v 0.110574335 0.434444010 0.106650226
vn 0.031473629 -0.834051251 0.550788522
v 0.120359987 0.428569376 0.092955463
vn 0.102128193 -0.903441727 0.416368812
v 0.124273866 0.438357890 0.108610980
vn 0.197137862 -0.757009387 0.622955620
v 0.120359987 0.448138773 0.118391864
vn 0.197580606 -0.569032192 0.798225641
v 0.132101625 0.450099528 0.116438739
vn 0.416060776 -0.416060776 0.808570862
v 0.118403047 0.461841166 0.126227245
vn 0.330544770 -0.393505692 0.857842386
v 0.128187746 0.424655497 0.081213824
vn 0.126250684 -0.923208058 0.362970710
v 0.130144686 0.432483256 0.096869342
vn 0.188689977 -0.856966972 0.479587018
v 0.136015505 0.442271769 0.108610980
vn 0.378293008 -0.630488336 0.677774966
v 0.126230806 0.418788493 0.063597552
vn 0.086528383 -0.959678411 0.267451346
v 0.137972444 0.428569376 0.085127704
vn 0.228630155 -0.882985413 0.409957498
v 0.124273866 0.414874613 0.047945846
vn 0.039496392 -0.979510546 0.197481960
v 0.136015505 0.420741618 0.067511432
vn 0.173849240 -0.940366328 0.292382836
v 0.134058565 0.416827738 0.051859725
vn 0.118326858 -0.962391794 0.244542167
v 0.116446108 0.412913859 0.036204208
vn -0.023677161 -0.994440794 0.102601029
v 0.130144686 0.412913859 0.036204208
vn 0.007867676 -0.983459592 0.180956557
v 0.116446108 0.412913859 0.026417602
vn -0.047232382 -0.991880059 0.118080959
v 0.143843263 0.414874613 0.042075027
vn 0.164864421 -0.957783878 0.235520631
v 0.132101625 0.410960734 0.026417602
vn 0.015773971 -0.993760109 0.110417791
v 0.114487261 0.410960734 0.016632903
vn -0.063237652 -0.995993078 0.063237652
v 0.098832577 0.412913859 0.012719979
vn -0.102626607 -0.994688690 0.007894355
v 0.134058565 0.410960734 0.016632903
vn 0.062859759 -0.997898698 0.015714940
v 0.116446108 0.410960734 0.008806099
vn -0.047191460 -0.998885930 0.000000000
v 0.147757143 0.412913859 0.028374542
vn 0.212902248 -0.969888031 0.118279025
v 0.136015505 0.410960734 0.006849159
vn -0.007865000 -0.990989983 0.133704990
v 0.141886324 0.418788493 0.053816665
vn 0.134153873 -0.946968555 0.291981965
v 0.145800203 0.424655497 0.071425311
vn 0.259264499 -0.895640969 0.361398995
v 0.151671022 0.420741618 0.057730544
vn 0.323668540 -0.899956405 0.292091131
v 0.155584902 0.418788493 0.042075027
vn 0.417815357 -0.875047266 0.244382560
v 0.153627962 0.428569376 0.073386066
vn 0.510137498 -0.761282146 0.400261730
v 0.159498781 0.426616251 0.059687484
vn 0.646471381 -0.701658010 0.299584299
v 0.147757143 0.432483256 0.087080829
vn 0.456579745 -0.763590276 0.456579745
v 0.161455721 0.436397135 0.073386066
vn 0.722954214 -0.573648453 0.385051668
v 0.141886324 0.436397135 0.098822467
vn 0.401861459 -0.724926531 0.559454143
v 0.155584902 0.440311015 0.087080829
vn 0.662341952 -0.567721665 0.488871455
v 0.149714082 0.442271769 0.096869342
vn 0.628190517 -0.526109517 0.573223829
v 0.143843263 0.448138773 0.106650226
vn 0.616009235 -0.339594841 0.710779905
v 0.153627962 0.448138773 0.096869342
vn 0.750033796 -0.260538042 0.607922137
v 0.161455721 0.446185648 0.085127704
vn 0.827670157 -0.275890023 0.488719493
v 0.145800203 0.455966532 0.106650226
vn 0.706105053 -0.117684178 0.698259413
v 0.155584902 0.455966532 0.094908588
vn 0.834051251 0.031473629 0.550788522
v 0.136015505 0.467711985 0.118391864
vn 0.663477302 -0.142173707 0.734564185
v 0.149714082 0.465755045 0.102736346
vn 0.832275331 0.149181440 0.533912480
v 0.116446108 0.477496684 0.134055004
vn 0.386162102 -0.315234393 0.866894543
v 0.132101625 0.481410563 0.126227245
vn 0.660414875 -0.228000373 0.715449512
v 0.116446108 0.497064173 0.139914379
vn 0.384281218 -0.258801639 0.886199594
v 0.141886324 0.485324442 0.108610980
vn 0.669956267 0.740892828 -0.047291029
v 0.130144686 0.499021113 0.132086620
vn 0.635651052 -0.227578759 0.737669110
v 0.136015505 0.502934992 0.126227245
vn 0.858480632 0.378046513 -0.346542656
v 0.098832577 0.499021113 0.145789012
vn 0.236808509 -0.276276588 0.931446731
v 0.130144686 0.518590987 0.139914379
vn 0.621970117 -0.204699025 0.755811810
v 0.081219286 0.481410563 0.143835887
vn 0.054932807 -0.392377168 0.918162584
v 0.116446108 0.520547867 0.145789012
vn 0.362835169 -0.244519353 0.899200201
v 0.081219286 0.500978053 0.149710521
vn 0.141569987 -0.322465003 0.935934961
v 0.134058565 0.518590987 0.134055004
vn 0.881452739 0.188882738 -0.432856262
v 0.098832577 0.522504866 0.153616771
vn 0.260586798 -0.252690226 0.931795180
v 0.118403047 0.544030726 0.151663646
vn 0.402173638 -0.173486695 0.898976445
v 0.130144686 0.538159907 0.143835887
vn 0.634324253 -0.180116773 0.751791656
v 0.134058565 0.536203921 0.137961254
vn 0.889653563 -0.330667675 -0.314921618
v 0.081219286 0.524461806 0.157538280
vn 0.165139467 -0.259504884 0.951517940
v 0.122316927 0.536203921 0.139914379
vn 0.433811188 -0.315499038 -0.843959987
v 0.136015505 0.544030726 0.136008129
vn 0.888305485 -0.455944419 -0.055027775
v 0.132101625 0.549901545 0.128180370
vn 0.282965004 -0.935356557 -0.212223768
v 0.136015505 0.549901545 0.141882762
vn 0.730361521 -0.204187080 0.651827991
v 0.139929384 0.547944605 0.128180370
vn 0.251005501 -0.964802384 0.078439213
v 0.124273866 0.565558970 0.151663646
vn 0.486427933 -0.070610501 0.870862901
v 0.120359987 0.518590987 0.136008129
vn 0.401350945 0.275436908 -0.873528540
v 0.143843263 0.553817332 0.134055004
vn 0.709453642 -0.417789400 0.567562878
v 0.116446108 0.530332148 0.130133495
vn 0.961464882 -0.244306654 -0.126093745
v 0.120359987 0.538159907 0.128180370
vn 0.827464640 -0.559523642 0.047283694
v 0.114487261 0.518590987 0.128180370
vn 0.973515213 0.062807433 -0.219826013
v 0.143843263 0.547944605 0.104697101
vn 0.244793639 -0.947588265 0.205310777
v 0.122316927 0.502934992 0.128180370
vn 0.385134935 0.542332828 -0.746690154
v 0.120359987 0.514677107 0.102736346
vn 0.934548557 -0.133506939 0.329840660
v 0.126230806 0.540116847 0.114477985
vn 0.735827684 -0.585497320 0.340221405
v 0.134058565 0.540116847 0.100783221
vn 0.672762394 -0.656932652 0.340338618
v 0.116446108 0.506848872 0.122305743
vn 0.942518234 0.290609777 -0.164940685
v 0.139929384 0.489238322 0.118391864
vn 0.931243718 0.363027245 0.031567585
v 0.126230806 0.491193354 0.118391864
vn 0.395111918 0.750712693 -0.529449940
v 0.118403047 0.497064173 0.114477985
vn 0.907087922 0.410161465 -0.094652653
v 0.130144686 0.483367503 0.106650226
vn 0.385337323 0.880771041 -0.275240928
v 0.147757143 0.477496684 0.094908588
vn 0.645529211 0.755741537 0.110212311
v 0.122316927 0.491193354 0.104697101
vn 0.876054943 0.449866056 0.173632517
v 0.136015505 0.479453623 0.092955463
vn 0.450315118 0.892729998 0.015800530
v 0.151671022 0.475539744 0.087080829
vn 0.734174967 0.623654008 0.268408030
v 0.128187746 0.487281382 0.092955463
vn 0.843986213 0.473263294 0.252407074
v 0.149714082 0.477496684 0.085127704
vn 0.345931649 0.935587764 0.070758738
v 0.141886324 0.477496684 0.079253070
vn 0.408601016 0.911494613 0.047146272
v 0.132101625 0.489238322 0.079253070
vn 0.882957995 0.354759902 0.307458580
v 0.157541841 0.463798106 0.089041583
vn 0.843121111 0.307305813 0.441259652
v 0.157541841 0.475539744 0.069472186
vn 0.787011385 0.535167694 0.306934446
v 0.163408846 0.455966532 0.081213824
vn 0.905624151 0.110249899 0.409499615
v 0.155584902 0.477496684 0.071425311
vn 0.442152768 0.860618830 0.252658725
v 0.163408846 0.465755045 0.075339191
vn 0.856781721 0.408739895 0.314415306
v 0.167322725 0.444224894 0.071425311
vn 0.898167074 -0.259995729 0.354539633
v 0.169283479 0.454013407 0.065558307
vn 0.946026325 0.102486178 0.307458550
v 0.169283479 0.465755045 0.055773605
vn 0.876792669 0.355456471 0.323860317
v 0.165369600 0.434444010 0.059687484
vn 0.763732195 -0.559020460 0.322814643
v 0.171236604 0.442271769 0.057730544
vn 0.899284184 -0.276096016 0.339203656
v 0.163408846 0.424655497 0.044031966
vn 0.613868892 -0.739790678 0.275453955
v 0.173197359 0.452052653 0.053816665
vn 0.938609660 0.063099809 0.339161456
v 0.171236604 0.432483256 0.045988906
vn 0.748681664 -0.583183646 0.315234393
v 0.175150484 0.440311015 0.045988906
vn 0.915630996 -0.276267976 0.292054743
v 0.175150484 0.432483256 0.034247268
vn 0.827953219 -0.496771902 0.260213852
v 0.159498781 0.416827738 0.030333389
vn 0.456127703 -0.872934043 0.173013955
v 0.169283479 0.424655497 0.030333389
vn 0.660414875 -0.715449512 0.228000373
v 0.161455721 0.416827738 0.018589843
vn 0.426428050 -0.884443343 0.189523578
v 0.149714082 0.412913859 0.018589843
vn 0.196436748 -0.974326313 0.110004582
v 0.163408846 0.414874613 0.008806099
vn 0.440931261 -0.889736295 0.118106596
v 0.149714082 0.410960734 0.008806099
vn 0.141255781 -0.980942965 0.133408234
v 0.171236604 0.422702372 0.018589843
vn 0.638905406 -0.741445780 0.205080733
v 0.179064363 0.432483256 0.020546783
vn 0.855672121 -0.478862405 0.196255073
v 0.179064363 0.430530131 0.014675965
vn 0.838213265 -0.521906376 0.158153445
v 0.181025118 0.440311015 0.024460662
v 0.171236604 0.420741618 0.008806099
vn 0.660353720 -0.746828616 0.078613535
v 0.171236604 0.420741618 -0.000978831
vn 0.654030085 -0.756468534 0.000000000
v 0.182978243 0.440311015 0.012719979
vn 0.914719522 -0.386390150 0.118282706
v 0.179064363 0.428569376 0.006849159
vn 0.810094953 -0.582010031 0.070784993
v 0.177111238 0.440311015 0.034247268
vn 0.924937367 -0.268785208 0.268785208
v 0.184938997 0.444224894 0.016632903
vn 0.928472102 -0.298999488 0.220315412
v 0.177111238 0.448138773 0.044031966
vn 0.944413662 -0.062960908 0.322674662
v 0.182978243 0.446185648 0.022503722
vn 0.926495254 -0.149181455 0.345472842
v 0.181025118 0.448138773 0.032290328
vn 0.956021607 -0.134317085 0.260733157
v 0.175150484 0.461841166 0.044031966
vn 0.905455768 0.275573492 0.322814673
v 0.179064363 0.457927287 0.036204208
vn 0.934779286 0.204237491 0.290645659
v 0.181025118 0.455966532 0.028374542
vn 0.945233583 0.110277250 0.307200909
v 0.175150484 0.469668925 0.032290328
vn 0.871426284 0.376832992 0.314027488
v 0.171236604 0.475539744 0.038161147
v 0.179064363 0.465755045 0.028374542
vn 0.848083377 0.337662786 0.408336431
v 0.184938997 0.454013407 0.020546783
vn 0.896859705 -0.039335951 0.440562665
v 0.182978243 0.461841166 0.022503722
vn 0.864668787 0.172933757 0.471637547
v 0.186892122 0.450099528 0.014675965
vn 0.935356557 -0.212223768 0.282965004
v 0.182978243 0.473582804 0.016632903
vn 0.730271459 0.471142888 0.494700015
v 0.177111238 0.477496684 0.018589843
vn 0.757409751 0.473381102 0.449712038
v 0.173197359 0.485324442 0.020546783
vn 0.903943896 0.251532227 0.345856816
v 0.184938997 0.446185648 0.016632903
vn 0.937211275 -0.149638772 0.315028995
v 0.186892122 0.446185648 0.010763039
vn 0.923323095 -0.378799230 0.063133202
v 0.184938997 0.444224894 0.008806099
vn 0.842885613 -0.512033284 0.165426135
v 0.186892122 0.448138773 0.008806099
vn 0.967874110 -0.236066848 0.086557850
v 0.182978243 0.438357890 0.008806099
vn 0.923035681 -0.339235336 0.181451455
v 0.186892122 0.446185648 0.008806099
vn 0.922375739 -0.386294127 0.000000000
v 0.182978243 0.436397135 0.004892220
v 0.184938997 0.442271769 0.006849159
vn 0.912820041 -0.369849503 0.173121050
v 0.186892122 0.446185648 0.006849159
vn 0.966319680 -0.251400232 -0.054993801
v 0.186892122 0.448138773 0.006849159
vn 0.882574022 -0.457047254 0.110321753
v 0.184938997 0.442271769 0.004892220
vn 0.906383336 -0.409842908 0.102460727
v 0.182978243 0.436397135 0.002935042
vn 0.912255347 -0.408942044 0.023592811
v 0.179064363 0.428569376 -0.000978831
vn 0.812132120 -0.583473623 0.000000000
v 0.186892122 0.446185648 0.004892220
vn 0.820118904 0.567774653 -0.070971832
v 0.184938997 0.440311015 0.000978102
vn 0.900321186 -0.426467955 0.086873099
v 0.182978243 0.436397135 -0.000978831
vn 0.894427299 -0.447213650 0.000000000
v 0.186892122 0.444224894 0.000978102
vn 0.965099335 -0.258929074 0.039231680
v 0.184938997 0.440311015 -0.000978831
v 0.182978243 0.436397135 -0.004892956
vn 0.912255347 -0.408942044 -0.023592811
v 0.184938997 0.440311015 -0.002935777
vn 0.900321186 -0.426467955 -0.086873099
v 0.179064363 0.428569376 -0.008806358
vn 0.810094953 -0.582010031 -0.070784993
v 0.184938997 0.442271769 -0.006849895
vn 0.906383336 -0.409842908 -0.102460727
v 0.182978243 0.436397135 -0.008806358
vn 0.922289729 -0.378375292 -0.078828186
v 0.186892122 0.444224894 -0.002935777
vn 0.965099335 -0.258929074 -0.039231680
v 0.171236604 0.420741618 -0.010763298
vn 0.660353720 -0.746828616 -0.078613535
v 0.179064363 0.430530131 -0.016635071
vn 0.833689988 -0.526955009 -0.165164992
v 0.184938997 0.442271769 -0.008806358
vn 0.928558409 -0.346242130 -0.133775368
v 0.182978243 0.438357890 -0.012720237
vn 0.924644589 -0.305602878 -0.227243155
v 0.171236604 0.422702372 -0.020548951
vn 0.638905406 -0.741445780 -0.205080733
v 0.163408846 0.414874613 -0.010763298
vn 0.440931261 -0.889736295 -0.118106596
v 0.163408846 0.414874613 -0.000978831
vn 0.466071993 -0.884746850 0.000000000
v 0.151671022 0.410960734 -0.000978831
vn 0.220260888 -0.975441039 0.000000000
v 0.136015505 0.408999979 -0.000978831
vn -0.031479478 -0.999473393 0.007869869
v 0.149714082 0.410960734 -0.010763298
vn 0.141255781 -0.980942965 -0.133408234
v 0.116446108 0.410960734 -0.000978831
vn -0.062867522 -0.998021960 0.000000000
v 0.134058565 0.410960734 -0.008806358
vn -0.015759761 -0.992864966 -0.118198209
v 0.149714082 0.412913859 -0.020548951
vn 0.196436748 -0.974326313 -0.110004582
v 0.161455721 0.416827738 -0.020548951
vn 0.426428050 -0.884443343 -0.189523578
v 0.096875668 0.412913859 -0.000978831
vn -0.094809093 -0.995495498 0.000000000
v 0.116446108 0.410960734 -0.010763298
v 0.134058565 0.410960734 -0.018592011
vn 0.062865578 -0.997991085 -0.007858197
v 0.147757143 0.412913859 -0.030333649
vn 0.212902248 -0.969888031 -0.118279025
v 0.075348467 0.414874613 -0.000978831
vn -0.102629803 -0.994719684 0.000000000
v 0.098832577 0.412913859 -0.014677177
vn -0.102626607 -0.994688690 -0.007894355
v 0.114487261 0.410960734 -0.018592011
vn -0.063237652 -0.995993078 -0.063237652
v 0.132101625 0.410960734 -0.028376710
vn 0.015773971 -0.993760109 -0.110417791
v 0.059694856 0.416827738 -0.000978831
vn -0.149107933 -0.988820970 0.000000000
v 0.075348467 0.414874613 -0.016635071
vn -0.125781655 -0.990530550 -0.055029478
v 0.100789636 0.412913859 -0.028376710
vn -0.086643726 -0.992464483 -0.086643726
v 0.116446108 0.412913859 -0.028376710
vn -0.047232382 -0.991880059 -0.118080959
v 0.130144686 0.412913859 -0.038159501
vn 0.007867676 -0.983459592 -0.180956557
v 0.053824037 0.418788493 -0.020548951
vn -0.117771208 -0.989278078 -0.086365551
v 0.077305406 0.416827738 -0.034245621
vn -0.133816794 -0.983947039 -0.118073650
v 0.116446108 0.412913859 -0.038159501
vn -0.023677161 -0.994440794 -0.102601029
v 0.100789636 0.414874613 -0.044030320
vn -0.086673312 -0.984923959 -0.149708435
v 0.143843263 0.414874613 -0.044030320
vn 0.164864421 -0.957783878 -0.235520631
v 0.124273866 0.414874613 -0.049901139
vn 0.039496392 -0.979510546 -0.197481960
v 0.116446108 0.414874613 -0.047944199
vn -0.047220677 -0.983764112 -0.173142493
v 0.134058565 0.416827738 -0.053815018
vn 0.118326858 -0.962391794 -0.244542167
v 0.116446108 0.416827738 -0.061642777
vn -0.023688968 -0.971247733 -0.236889690
v 0.126230806 0.418788493 -0.065560468
vn 0.086528383 -0.959678411 -0.267451346
v 0.106660455 0.416827738 -0.055771958
vn -0.047086716 -0.980973184 -0.188346863
v 0.118403047 0.422702372 -0.079255231
vn 0.023710415 -0.948416650 -0.316138864
v 0.106660455 0.420741618 -0.071427472
vn -0.031360254 -0.956487715 -0.290082335
v 0.096875668 0.418788493 -0.065560468
vn -0.062943369 -0.967754304 -0.243905559
v 0.106660455 0.426616251 -0.090996869
vn -0.023573862 -0.935096562 -0.353607982
v 0.083177179 0.418788493 -0.055771958
vn -0.148974940 -0.972257495 -0.180338085
v 0.094918817 0.424655497 -0.083169110
vn -0.070971824 -0.946291029 -0.315430343
v 0.085134119 0.422702372 -0.073388226
vn -0.141767442 -0.952992260 -0.267782927
v 0.053824037 0.420741618 -0.040116441
vn -0.126518786 -0.980520606 -0.150241062
v 0.057737917 0.424655497 -0.061642777
vn -0.149190649 -0.965813160 -0.212007776
v 0.028383821 0.422702372 -0.034245621
vn -0.172736421 -0.973605216 -0.149181455
v 0.092961878 0.432483256 -0.102738507
vn -0.078708448 -0.873663723 -0.480121523
v 0.081219286 0.430530131 -0.096871503
vn -0.118396878 -0.907709360 -0.402549356
v 0.063608736 0.428569376 -0.083169110
vn -0.164981395 -0.934894562 -0.314250290
v 0.032297701 0.430530131 -0.071427472
vn -0.204237491 -0.934779286 -0.290645659
v 0.071434587 0.440311015 -0.112527020
vn -0.141785040 -0.811325550 -0.567140162
v 0.087091058 0.442271769 -0.116440900
vn -0.063037090 -0.780084014 -0.622491241
v 0.104703516 0.444224894 -0.120354779
vn 0.039243761 -0.690690219 -0.722085178
v 0.051867098 0.440311015 -0.104699261
vn -0.188689977 -0.856966972 -0.479587018
v 0.083177179 0.454013407 -0.128182545
vn -0.039422665 -0.670185268 -0.741146088
v 0.065565675 0.454013407 -0.126229420
vn -0.118330546 -0.709983230 -0.694205880
v 0.026423067 0.442271769 -0.096871503
vn -0.244420543 -0.867298722 -0.433649361
v 0.044039339 0.454013407 -0.122307904
vn -0.180271611 -0.744600117 -0.642707467
v 0.061651796 0.467711985 -0.137963429
vn -0.086557850 -0.590167105 -0.802627265
v 0.081219286 0.465755045 -0.137963429
vn 0.007906188 -0.545526981 -0.838055968
v 0.098832577 0.459884226 -0.132088795
vn 0.126035064 -0.535649002 -0.834982336
v 0.081219286 0.481410563 -0.145791188
vn 0.086482920 -0.400966227 -0.912001610
v 0.098832577 0.477496684 -0.141884938
vn 0.205438927 -0.363468915 -0.908672214
v 0.120359987 0.448138773 -0.120354779
vn 0.197580606 -0.569032192 -0.798225641
v 0.118403047 0.461841166 -0.128182545
vn 0.330544770 -0.393505692 -0.857842386
v 0.124273866 0.438357890 -0.110566266
vn 0.197137862 -0.757009387 -0.622955620
v 0.132101625 0.450099528 -0.118394025
vn 0.416060776 -0.416060776 -0.808570862
v 0.116446108 0.477496684 -0.136010304
vn 0.386162102 -0.315234393 -0.866894543
v 0.136015505 0.467711985 -0.120354779
vn 0.663477302 -0.142173707 -0.734564185
v 0.110574335 0.434444010 -0.108613141
vn 0.031473629 -0.834051251 -0.550788522
v 0.120359987 0.428569376 -0.094910748
vn 0.102128193 -0.903441727 -0.416368812
v 0.128187746 0.424655497 -0.083169110
vn 0.126250684 -0.923208058 -0.362970710
v 0.130144686 0.432483256 -0.098824628
vn 0.188689977 -0.856966972 -0.479587018
v 0.136015505 0.442271769 -0.110566266
vn 0.378293008 -0.630488336 -0.677774966
v 0.137972444 0.428569376 -0.087082990
vn 0.228630155 -0.882985413 -0.409957498
v 0.136015505 0.420741618 -0.069474347
vn 0.173849240 -0.940366328 -0.292382836
v 0.141886324 0.436397135 -0.100785382
vn 0.401861459 -0.724926531 -0.559454143
v 0.141886324 0.418788493 -0.055771958
vn 0.134153873 -0.946968555 -0.291981965
v 0.145800203 0.424655497 -0.073388226
vn 0.259264499 -0.895640969 -0.361398995
v 0.147757143 0.432483256 -0.089043744
vn 0.456579745 -0.763590276 -0.456579745
v 0.143843263 0.448138773 -0.108613141
vn 0.616009235 -0.339594841 -0.710779905
v 0.149714082 0.442271769 -0.098824628
vn 0.628190517 -0.526109517 -0.573223829
v 0.151671022 0.420741618 -0.059685837
vn 0.323668540 -0.899956405 -0.292091131
v 0.153627962 0.428569376 -0.075341351
vn 0.510137498 -0.761282146 -0.400261730
v 0.155584902 0.440311015 -0.089043744
vn 0.662341952 -0.567721665 -0.488871455
v 0.153627962 0.448138773 -0.098824628
vn 0.750033796 -0.260538042 -0.607922137
v 0.145800203 0.455966532 -0.108613141
vn 0.706105053 -0.117684178 -0.698259413
v 0.161455721 0.446185648 -0.087082990
vn 0.827670157 -0.275890023 -0.488719493
v 0.155584902 0.455966532 -0.096871503
vn 0.834051251 0.031473629 -0.550788522
v 0.149714082 0.465755045 -0.104699261
vn 0.832275331 0.149181440 -0.533912480
v 0.161455721 0.436397135 -0.075341351
vn 0.722954214 -0.573648453 -0.385051668
v 0.163408846 0.455966532 -0.083169110
vn 0.905624151 0.110249899 -0.409499615
v 0.159498781 0.426616251 -0.061642777
vn 0.646471381 -0.701658010 -0.299584299
v 0.167322725 0.444224894 -0.073388226
vn 0.898167074 -0.259995729 -0.354539633
v 0.165369600 0.434444010 -0.061642777
vn 0.763732195 -0.559020460 -0.322814643
v 0.155584902 0.418788493 -0.044030320
vn 0.417815357 -0.875047266 -0.244382560
v 0.163408846 0.424655497 -0.045987260
vn 0.613868892 -0.739790678 -0.275453955
v 0.159498781 0.416827738 -0.032288682
vn 0.456127703 -0.872934043 -0.173013955
v 0.169283479 0.424655497 -0.032288682
vn 0.660414875 -0.715449512 -0.228000373
v 0.171236604 0.432483256 -0.047944199
vn 0.748681664 -0.583183646 -0.315234393
v 0.175150484 0.432483256 -0.036202561
vn 0.827953219 -0.496771902 -0.260213852
v 0.179064363 0.432483256 -0.022505891
vn 0.855672121 -0.478862405 -0.196255073
v 0.171236604 0.442271769 -0.059685837
vn 0.899284184 -0.276096016 -0.339203656
v 0.175150484 0.440311015 -0.047944199
vn 0.915630996 -0.276267976 -0.292054743
v 0.182978243 0.440311015 -0.014677177
vn 0.917863965 -0.363980561 -0.158252418
v 0.181025118 0.440311015 -0.026419770
vn 0.903135180 -0.329840660 -0.274867207
v 0.177111238 0.440311015 -0.036202561
vn 0.920974374 -0.275505155 -0.275505155
v 0.184938997 0.444224894 -0.010763298
vn 0.850710213 -0.496247619 -0.173292831
v 0.184938997 0.444224894 -0.018592011
vn 0.930837989 -0.307649851 -0.197211444
v 0.182978243 0.446185648 -0.026419770
vn 0.930288196 -0.173443571 -0.323235720
v 0.177111238 0.448138773 -0.045987260
vn 0.944413662 -0.062960908 -0.322674662
v 0.186892122 0.446185648 -0.008806358
vn 0.966319680 -0.251400232 0.054993801
v 0.181025118 0.448138773 -0.034245621
vn 0.951782823 -0.117989607 -0.283175021
v 0.173197359 0.452052653 -0.055771958
vn 0.938609660 0.063099809 -0.339161456
v 0.179064363 0.457927287 -0.038159501
vn 0.934779286 0.204237491 -0.290645659
v 0.175150484 0.461841166 -0.045987260
vn 0.905455768 0.275573492 -0.322814673
v 0.169283479 0.454013407 -0.067513593
vn 0.946026325 0.102486178 -0.307458550
v 0.169283479 0.465755045 -0.057728898
vn 0.876792669 0.355456471 -0.323860317
v 0.163408846 0.465755045 -0.077302106
vn 0.856781721 0.408739895 -0.314415306
v 0.157541841 0.463798106 -0.090996869
vn 0.843121111 0.307305813 -0.441259652
v 0.151671022 0.475539744 -0.089043744
vn 0.734174967 0.623654008 -0.268408030
v 0.157541841 0.475539744 -0.071427472
vn 0.787011385 0.535167694 -0.306934446
v 0.171236604 0.475539744 -0.040116441
vn 0.873988688 0.370067269 -0.314950854
v 0.161455721 0.481410563 -0.055771958
vn 0.746621013 0.518705130 -0.416535974
v 0.149714082 0.477496684 -0.087082990
vn 0.338982254 0.938113689 -0.070949771
v 0.147757143 0.477496684 -0.096871503
vn 0.645529211 0.755741537 -0.110212311
v 0.141886324 0.485324442 -0.110566266
vn 0.669956267 0.740892828 0.047291029
v 0.136015505 0.479453623 -0.094910748
vn 0.440849245 0.897443056 0.015744615
v 0.159498781 0.483367503 -0.055771958
vn 0.290753305 0.793677926 -0.534357429
v 0.155584902 0.477496684 -0.073388226
vn 0.481615633 0.829010546 -0.284232169
v 0.139929384 0.477496684 -0.083169110
vn 0.441698670 0.891284823 -0.102537185
v 0.145800203 0.477496684 -0.067513593
vn 0.322106540 0.903469563 -0.282825261
v 0.161455721 0.491193354 -0.045987260
vn 0.392534316 0.588801503 -0.706561804
v 0.149714082 0.483367503 -0.053815018
vn 0.251446813 0.817202151 -0.518609047
v 0.132101625 0.489238322 -0.081215985
vn 0.880471647 0.361622274 -0.306592792
v 0.137972444 0.487281382 -0.065560468
vn 0.828288019 0.457530499 -0.323426723
v 0.128187746 0.487281382 -0.094910748
vn 0.851000726 0.464898527 -0.244268730
v 0.134058565 0.514677107 -0.063599713
vn 0.937211275 -0.149638772 -0.315028995
v 0.139929384 0.491193354 -0.055771958
vn 0.813651145 0.426574409 -0.394976288
v 0.151671022 0.493150294 -0.040116441
vn 0.165410742 0.582875967 -0.795546889
v 0.141886324 0.499021113 -0.045987260
vn 0.804973364 0.284108251 -0.520865142
v 0.143843263 0.508805811 -0.040116441
vn 0.738944411 0.086472221 -0.668194354
v 0.155584902 0.506848872 -0.034245621
vn -0.023591354 0.306687593 -0.951517940
v 0.145800203 0.518590987 -0.038159501
vn 0.737237930 -0.109801389 -0.666651309
v 0.163408846 0.504891932 -0.040116441
vn 0.266989201 0.235578716 -0.934462190
v 0.157541841 0.520547867 -0.030333649
vn -0.070669241 0.023556415 -0.997221589
v 0.147757143 0.528375685 -0.040116441
vn 0.724769056 -0.433285832 -0.535698831
v 0.167322725 0.489238322 -0.036202561
vn 0.890288413 0.228481084 -0.393932909
v 0.165369600 0.518590987 -0.040116441
vn 0.000000000 -0.094809093 -0.995495498
v 0.167322725 0.502934992 -0.032288682
vn 0.915175021 -0.023668321 -0.402361423
v 0.173197359 0.485324442 -0.022505891
vn 0.903943896 0.251532227 -0.345856816
v 0.171236604 0.518590987 -0.032288682
vn 0.865953863 -0.236169249 -0.440849245
v 0.161455721 0.534246981 -0.032288682
vn -0.244625911 -0.528707623 -0.812789261
v 0.167322725 0.528375685 -0.042073380
vn -0.078649998 -0.558414996 -0.825825036
v 0.147757143 0.536203921 -0.051858079
vn 0.699703753 -0.652532637 -0.290888071
v 0.161455721 0.544030726 -0.049901139
vn -0.094208233 -0.942082405 -0.321878135
v 0.145800203 0.538159907 -0.065560468
vn 0.654803097 -0.733695030 -0.181451455
v 0.139929384 0.538159907 -0.083169110
vn 0.668442309 -0.699898481 -0.251648903
v 0.159498781 0.544030726 -0.067513593
vn 0.134443030 -0.980643332 -0.142351434
v 0.171236604 0.538159907 -0.051858079
vn 0.268215895 -0.851979911 -0.449656069
v 0.173197359 0.532289088 -0.036202561
vn 0.818086505 -0.440508127 -0.369712174
v 0.120359987 0.514677107 -0.104699261
vn 0.939311087 -0.134187296 -0.315734833
v 0.177111238 0.544030726 -0.049901139
vn 0.857099473 -0.440344661 -0.267352104
v 0.122316927 0.491193354 -0.106652386
vn 0.876054943 0.449866056 -0.173632517
v 0.130144686 0.483367503 -0.108613141
vn 0.385337323 0.880771041 0.275240928
v 0.118403047 0.497064173 -0.116440900
vn 0.907087922 0.410161465 0.094652653
v 0.126230806 0.491193354 -0.120354779
vn 0.395111918 0.750712693 0.529449940
v 0.116446108 0.506848872 -0.124268658
vn 0.942518234 0.290609777 0.164940685
v 0.139929384 0.489238322 -0.120354779
vn 0.931243718 0.363027245 -0.031567585
v 0.122316927 0.502934992 -0.130135670
vn 0.385134935 0.542332828 0.746690154
v 0.132101625 0.481410563 -0.128182545
vn 0.660414875 -0.228000373 -0.715449512
v 0.136015505 0.502934992 -0.128182545
vn 0.858480632 0.378046513 0.346542656
v 0.130144686 0.499021113 -0.134057179
vn 0.635651052 -0.227578759 -0.737669110
v 0.116446108 0.497064173 -0.141884938
vn 0.384281218 -0.258801639 -0.886199594
v 0.134058565 0.518590987 -0.136010304
vn 0.881452739 0.188882738 0.432856262
v 0.120359987 0.518590987 -0.137963429
vn 0.401350945 0.275436908 0.873528540
v 0.114487261 0.518590987 -0.130135670
vn 0.973515213 0.062807433 0.219826013
v 0.116446108 0.530332148 -0.132088795
vn 0.961464882 -0.244306654 0.126093745
v 0.122316927 0.536203921 -0.141884938
vn 0.433811188 -0.315499038 0.843959987
v 0.130144686 0.518590987 -0.141884938
vn 0.621970117 -0.204699025 -0.755811810
v 0.134058565 0.536203921 -0.139916554
vn 0.867649317 -0.370722890 0.331284255
v 0.120359987 0.538159907 -0.130135670
vn 0.827464640 -0.559523642 -0.047283694
v 0.132101625 0.549901545 -0.130135670
vn 0.315705329 -0.931330681 0.181530565
v 0.130144686 0.538159907 -0.145791188
vn 0.615318835 -0.189328864 -0.765204191
v 0.126230806 0.540116847 -0.116440900
vn 0.735827684 -0.585497320 -0.340221405
v 0.134058565 0.540116847 -0.102738507
vn 0.672762394 -0.656932652 -0.340338618
v 0.143843263 0.547944605 -0.106652386
vn 0.242974773 -0.948385417 -0.203785285
v 0.136015505 0.544030726 -0.139916554
vn 0.916316330 -0.387064666 -0.102690622
v 0.153627962 0.545987666 -0.089043744
vn 0.290225118 -0.941270590 -0.172566280
v 0.139929384 0.547944605 -0.132088795
vn 0.345504791 -0.934433341 -0.086376198
v 0.151671022 0.547944605 -0.112527020
vn 0.307649851 -0.930837989 -0.197211444
v 0.161455721 0.547944605 -0.092957623
vn 0.416484475 -0.880118132 -0.227887720
v 0.136015505 0.549901545 -0.143838063
vn 0.719643116 -0.173979655 -0.672194064
v 0.143843263 0.553817332 -0.136010304
vn 0.723983169 -0.393469125 -0.566595495
v 0.157541841 0.553817332 -0.116440900
vn 0.754340351 -0.487178177 -0.440031886
v 0.169283479 0.544030726 -0.069474347
vn 0.442318261 -0.845143795 -0.300144523
v 0.167322725 0.553817332 -0.094910748
vn 0.812814593 -0.473484278 -0.339330375
v 0.173197359 0.549901545 -0.069474347
vn 0.868839443 -0.410724074 -0.276448876
v 0.179064363 0.567515910 -0.069474347
vn 0.926010132 -0.258968949 -0.274664015
v 0.182978243 0.559688151 -0.044030320
vn 0.930635333 -0.291809380 -0.220828727
v 0.181025118 0.540116847 -0.026419770
vn 0.913640797 -0.330800980 -0.236286432
v 0.171236604 0.569472849 -0.094910748
vn 0.910231054 -0.188323677 -0.368800521
v 0.175150484 0.518590987 -0.020548951
vn 0.929681659 -0.244238406 -0.275753021
v 0.184938997 0.544030726 -0.012720237
vn 0.949098647 -0.276820421 -0.150273949
v 0.171236604 0.502934992 -0.020548951
vn 0.936514497 -0.055089090 -0.346274287
v 0.190806001 0.579257548 -0.038159501
vn 0.963411510 -0.189523578 -0.189523578
v 0.177111238 0.518590987 -0.010763298
vn 0.958256423 -0.227782249 -0.172800347
v 0.175150484 0.500978053 -0.010763298
vn 0.983216226 0.023597188 -0.180911794
v 0.177111238 0.489238322 -0.010763298
vn 0.915174901 0.307688117 -0.260351479
v 0.177111238 0.477496684 -0.020548951
vn 0.757409751 0.473381102 -0.449712038
v 0.175150484 0.502934992 -0.000978831
vn 0.999876022 -0.015746079 0.000000000
v 0.177111238 0.491193354 -0.000978831
vn 0.949465096 0.313872755 0.000000000
v 0.179064363 0.518590987 -0.000978831
vn 0.961226106 -0.275761575 0.000000000
v 0.186892122 0.545987666 -0.000978831
vn 0.963291407 -0.268458247 0.000000000
v 0.177111238 0.518590987 0.008806099
vn 0.958256423 -0.227782249 0.172800347
v 0.184938997 0.544030726 0.010763039
vn 0.949098647 -0.276820421 0.150273949
v 0.175150484 0.500978053 0.008806099
vn 0.983216226 0.023597188 0.180911794
v 0.194719881 0.575343668 -0.000978831
vn 0.987440705 -0.157990500 0.000000000
v 0.192766756 0.577300608 -0.018592011
vn 0.978595018 -0.173621699 -0.110486530
v 0.196680635 0.610568583 -0.000978831
vn 0.999969006 0.007873772 0.000000000
v 0.196680635 0.610568583 -0.020548951
vn 0.996270061 0.000000000 -0.086291105
v 0.192766756 0.577300608 0.016632903
vn 0.978595018 -0.173621699 0.110486530
v 0.192766756 0.643832743 -0.000978831
vn 0.975441039 0.220260888 0.000000000
v 0.196680635 0.610568583 0.018589843
vn 0.996270061 0.000000000 0.086291105
v 0.190806001 0.579257548 0.036204208
vn 0.963411510 -0.189523578 0.189523578
v 0.192766756 0.612521708 -0.042073380
vn 0.980152965 0.015808918 -0.197611481
v 0.192766756 0.643832743 -0.020548951
vn 0.967185616 0.235898942 -0.094359577
v 0.184938997 0.589038432 -0.067513593
vn 0.945938230 -0.141890720 -0.291664302
v 0.175150484 0.590999186 -0.094910748
vn 0.913499057 -0.102374889 -0.393749565
v 0.186892122 0.616435587 -0.067513593
vn 0.956223309 0.039189480 -0.290002167
v 0.188852876 0.643832743 -0.042073380
vn 0.957223535 0.219690651 -0.188306272
v 0.181025118 0.673183024 -0.022505891
vn 0.897276282 0.432896435 -0.086579293
v 0.177111238 0.616435587 -0.092957623
vn 0.907172561 0.047330741 -0.418088228
v 0.182978243 0.643832743 -0.067513593
vn 0.922261059 0.244359776 -0.299537778
v 0.179064363 0.673183024 -0.044030320
vn 0.873907387 0.440890223 -0.204699025
v 0.182978243 0.673183024 -0.000978831
vn 0.900658250 0.434528112 0.000000000
v 0.163408846 0.616435587 -0.118394025
vn 0.812789261 0.086802743 -0.576054573
v 0.192766756 0.643832743 0.018589843
vn 0.967185616 0.235898942 0.094359577
v 0.167322725 0.698634684 -0.000978831
vn 0.774661303 0.632376552 0.000000000
v 0.192766756 0.612521708 0.040118087
vn 0.980152965 0.015808918 0.197611481
v 0.181025118 0.673183024 0.020546783
vn 0.897276282 0.432896435 0.086579293
v 0.188852876 0.643832743 0.040118087
vn 0.957223535 0.219690651 0.188306272
v 0.165369600 0.698634684 -0.022505891
vn 0.759587824 0.640902221 -0.110773221
v 0.165369600 0.698634684 0.020546783
vn 0.759587824 0.640902221 0.110773221
v 0.143843263 0.720149577 -0.000978831
vn 0.574518323 0.818491817 0.000000000
v 0.179064363 0.673183024 0.042075027
vn 0.873907387 0.440890223 0.204699025
v 0.143843263 0.718196452 0.022503722
vn 0.583111227 0.803747892 0.118198223
v 0.161455721 0.696666300 0.044031966
vn 0.741445780 0.638905406 0.205080733
v 0.114487261 0.735805094 -0.000978831
vn 0.402474165 0.915431440 0.000000000
v 0.143843263 0.718196452 -0.024462830
vn 0.583111227 0.803747892 -0.118198223
v 0.161455721 0.696666300 -0.045987260
vn 0.741445780 0.638905406 -0.205080733
v 0.171236604 0.669276774 -0.069474347
vn 0.849052429 0.424526215 -0.314463854
v 0.139929384 0.716243327 -0.047944199
vn 0.573436022 0.793384135 -0.204237491
v 0.114487261 0.733851969 -0.024462830
vn 0.410161465 0.907087922 -0.094652653
v 0.157541841 0.692760050 -0.071427472
vn 0.723781526 0.605773687 -0.330421984
v 0.173197359 0.641879618 -0.092957623
vn 0.873799086 0.236161917 -0.425091445
v 0.163408846 0.665355265 -0.094910748
vn 0.780690193 0.425831020 -0.457374036
v 0.159498781 0.639918864 -0.116440900
vn 0.776906848 0.243273854 -0.580718279
v 0.147757143 0.684932292 -0.094910748
vn 0.668194354 0.581722200 -0.463805526
v 0.151671022 0.659495890 -0.114480145
vn 0.716491044 0.417296976 -0.559020460
v 0.136015505 0.710368693 -0.073388226
vn 0.552501500 0.757716358 -0.347286701
v 0.139929384 0.677104533 -0.116440900
vn 0.630077541 0.504061997 -0.590697706
v 0.112531275 0.731898844 -0.049901139
vn 0.393177062 0.896443725 -0.204452068
v 0.128187746 0.702540934 -0.098824628
vn 0.528526604 0.709961176 -0.465418935
v 0.108617395 0.724071085 -0.077302106
vn 0.377007306 0.856120765 -0.353444338
v 0.132101625 0.665355265 -0.130135670
vn 0.512033284 0.496278435 -0.701091766
v 0.122316927 0.690806925 -0.118394025
vn 0.456169993 0.621334970 -0.637064993
v 0.104703516 0.714290202 -0.100785382
vn 0.354980588 0.796734154 -0.489084333
v 0.077305406 0.733851969 -0.079255231
vn 0.212651193 0.913612485 -0.346542686
v 0.079262346 0.741679728 -0.051858079
vn 0.204902351 0.953584015 -0.220664069
v 0.081219286 0.745601237 -0.026419770
vn 0.220609263 0.969105005 -0.110304631
v 0.081219286 0.747554362 -0.000978831
vn 0.220260888 0.975441039 0.000000000
v 0.044039339 0.749507487 -0.028376710
vn 0.031536173 0.993389487 -0.110376604
v 0.114487261 0.733851969 0.022503722
vn 0.410161465 0.907087922 0.094652653
v 0.044039339 0.751460612 -0.000978831
vn 0.023615463 0.999721229 0.000000000
v 0.081219286 0.745601237 0.024460662
vn 0.220609263 0.969105005 0.110304631
v 0.139929384 0.716243327 0.045988906
vn 0.573436022 0.793384135 0.204237491
v 0.112531275 0.731898844 0.047945846
vn 0.393177062 0.896443725 0.204452068
v 0.157541841 0.692760050 0.069472186
vn 0.723781526 0.605773687 0.330421984
v 0.136015505 0.710368693 0.071425311
vn 0.552501500 0.757716358 0.347286701
v 0.171236604 0.669276774 0.067511432
vn 0.849052429 0.424526215 0.314463854
v 0.182978243 0.643832743 0.065558307
vn 0.922261059 0.244359776 0.299537778
v 0.163408846 0.665355265 0.092955463
vn 0.780690193 0.425831020 0.457374036
v 0.186892122 0.616435587 0.065558307
vn 0.956223309 0.039189480 0.290002167
v 0.173197359 0.641879618 0.090994708
vn 0.873799086 0.236161917 0.425091445
v 0.177111238 0.616435587 0.090994708
vn 0.907172561 0.047330741 0.418088228
v 0.184938997 0.589038432 0.065558307
vn 0.945938230 -0.141890720 0.291664302
v 0.175150484 0.590999186 0.092955463
vn 0.913499057 -0.102374889 0.393749565
v 0.163408846 0.616435587 0.116438739
vn 0.812789261 0.086802743 0.576054573
v 0.179064363 0.567515910 0.067511432
vn 0.926010132 -0.258968949 0.274664015
v 0.159498781 0.639918864 0.114477985
vn 0.776906848 0.243273854 0.580718279
v 0.151671022 0.659495890 0.112524860
vn 0.716491044 0.417296976 0.559020460
v 0.163408846 0.590999186 0.116438739
vn 0.835968435 -0.070978448 0.544168055
v 0.147757143 0.684932292 0.092955463
vn 0.668194354 0.581722200 0.463805526
v 0.145800203 0.636004984 0.130133495
vn 0.676264465 0.204452038 0.707718670
v 0.141886324 0.655574381 0.128180370
vn 0.636042893 0.400471419 0.659600019
v 0.139929384 0.677104533 0.114477985
vn 0.630077541 0.504061997 0.590697706
v 0.132101625 0.665355265 0.128180370
vn 0.512033284 0.496278435 0.701091766
v 0.130144686 0.653621256 0.137961254
vn 0.471375465 0.384956598 0.793481946
v 0.147757143 0.614482462 0.134055004
vn 0.686808825 0.110520966 0.718386292
v 0.130144686 0.636004984 0.143835887
vn 0.505002677 0.213047996 0.836410701
v 0.112531275 0.657527506 0.143835887
vn 0.384375781 0.384375781 0.839351237
v 0.122316927 0.690806925 0.116438739
vn 0.458401352 0.616470814 0.640181184
v 0.128187746 0.702540934 0.096869342
vn 0.544710457 0.702597558 0.457872540
v 0.116446108 0.675151408 0.132086620
vn 0.432842880 0.503671706 0.747637630
v 0.108617395 0.724071085 0.075339191
vn 0.379070818 0.860806644 0.339584231
v 0.104703516 0.714290202 0.100783221
vn 0.353608012 0.793653488 0.495051175
v 0.098832577 0.700587809 0.120352618
vn 0.338446319 0.684763491 0.645409286
v 0.094918817 0.682979167 0.137961254
vn 0.330708653 0.543307066 0.771653533
v 0.079262346 0.741679728 0.049902786
vn 0.204902351 0.953584015 0.220664069
v 0.077305406 0.733851969 0.077299945
vn 0.212651193 0.913612485 0.346542686
v 0.075348467 0.722117960 0.102736346
vn 0.211890206 0.847560823 0.486562699
v 0.073391527 0.708415568 0.124258868
vn 0.250951439 0.737169921 0.627378643
v 0.045996279 0.726024210 0.104697101
vn 0.031465840 0.881043553 0.471987605
v 0.044039339 0.745601237 0.051859725
vn 0.031503875 0.976620197 0.212651163
v 0.071434587 0.688838542 0.141882762
vn 0.172848344 0.549971998 0.817101240
v 0.044039339 0.749507487 0.026417602
vn 0.031536173 0.993389487 0.110376604
v 0.045996279 0.737773478 0.079253070
vn 0.039270382 0.934635103 0.353433460
v 0.010767549 0.743632853 0.051859725
vn -0.165456936 0.961226106 0.220609263
v 0.012728304 0.735805094 0.079253070
vn -0.157793701 0.915203393 0.370815188
v 0.016642183 0.724071085 0.102736346
vn -0.165636972 0.851847351 0.496910930
v 0.008814424 0.747554362 0.026417602
vn -0.165802106 0.979021966 0.118430078
v 0.008814424 0.749507487 -0.000978831
vn -0.173335865 0.984862804 0.000000000
v 0.022509187 0.710368693 0.126227245
vn -0.173686624 0.742115557 0.647377372
v -0.018582731 0.727977335 0.075339191
vn -0.361946762 0.865524828 0.346209943
v -0.022496611 0.733851969 0.049902786
vn -0.371034652 0.899956405 0.228936270
v -0.026410490 0.737773478 0.024460662
vn -0.384281218 0.917569458 0.101952158
v -0.012715727 0.718196452 0.098822467
vn -0.339161456 0.788747609 0.512685955
v -0.006841093 0.704494059 0.120352618
vn -0.339828044 0.703365088 0.624335289
v -0.042073637 0.704494059 0.094908588
vn -0.487584740 0.707784295 0.511177540
v -0.049901396 0.712321818 0.071425311
vn -0.534853101 0.770817757 0.346081436
v -0.055760771 0.716243327 0.047945846
vn -0.549904048 0.801288843 0.235673204
v -0.032277495 0.692760050 0.114477985
vn -0.441328138 0.646230459 0.622587919
v -0.059682280 0.720149577 0.022503722
vn -0.557227075 0.824068308 0.102027498
v -0.026410490 0.681010783 0.130133495
vn -0.432040870 0.549870133 0.714831233
v -0.065556914 0.686885417 0.090994708
vn -0.621277392 0.613413095 0.487584800
v -0.077290922 0.690806925 0.067511432
vn -0.661253333 0.661253333 0.354242891
v -0.083165556 0.694713175 0.044031966
vn -0.692377031 0.684509099 0.228169709
v -0.053807646 0.679057658 0.112524860
vn -0.560551524 0.544761360 0.623712301
v -0.042073637 0.675151408 0.124258868
vn -0.488310099 0.519813955 0.700961292
v -0.045979887 0.661449015 0.130133495
vn -0.518705130 0.416535974 0.746621013
v -0.065556914 0.663402140 0.112524860
vn -0.631666481 0.426374882 0.647458136
v -0.083165556 0.665355265 0.092955463
vn -0.696397901 0.474816740 0.538125575
v -0.094899565 0.669276774 0.069472186
vn -0.773839653 0.513260961 0.371127188
v -0.073384672 0.641879618 0.116438739
vn -0.666487336 0.282276988 0.690010488
v -0.051854521 0.641879618 0.136008129
vn -0.565510929 0.274901122 0.777577519
v -0.092946440 0.643832743 0.094908588
vn -0.767548263 0.308601886 0.561813653
v -0.055760771 0.618396342 0.137961254
vn -0.581327200 0.141403899 0.801288843
v -0.079244047 0.618396342 0.118391864
vn -0.685443223 0.165451810 0.709079266
v -0.106648833 0.645793498 0.069472186
vn -0.867325604 0.323275894 0.378469348
v -0.098821074 0.618396342 0.096869342
vn -0.810395837 0.149490505 0.566490293
v -0.102727324 0.671229899 0.044031966
vn -0.818466485 0.527281284 0.228226230
v -0.112523466 0.618396342 0.071425311
vn -0.899536073 0.149922684 0.410314709
v -0.087071806 0.696666300 0.020546783
vn -0.709983170 0.694205821 0.118330531
v -0.114476591 0.645793498 0.045988906
vn -0.896859705 0.346156389 0.275351644
v -0.106648833 0.673183024 0.020546783
vn -0.829010546 0.544778347 0.126325414
v -0.120351225 0.647746623 0.022503722
vn -0.923208058 0.362970710 0.126250684
v -0.122304350 0.618396342 0.045988906
vn -0.950753808 0.157149374 0.267153949
v -0.108601958 0.673183024 -0.000978831
vn -0.846232891 0.532813251 0.000000000
v -0.114476591 0.590999186 0.071425311
vn -0.908162057 -0.007897061 0.418544263
v -0.087071806 0.698634684 -0.000978831
vn -0.703145504 0.711046040 0.000000000
v -0.059682280 0.720149577 -0.000978831
vn -0.545544028 0.838082135 0.000000000
v -0.120351225 0.647746623 -0.000978831
vn -0.935356557 0.353706300 0.000000000
v -0.026410490 0.737773478 -0.000978831
vn -0.392970562 0.919551075 0.000000000
v -0.059682280 0.720149577 -0.024462830
vn -0.557227075 0.824068308 -0.102027498
v -0.026410490 0.737773478 -0.026419770
vn -0.384281218 0.917569458 -0.101952158
v 0.008814424 0.747554362 -0.028376710
vn -0.165802106 0.979021966 -0.118430078
v -0.087071806 0.696666300 -0.022505891
vn -0.709983170 0.694205821 -0.118330531
v -0.055760771 0.716243327 -0.049901139
vn -0.549904048 0.801288843 -0.235673204
v -0.106648833 0.673183024 -0.022505891
vn -0.829010546 0.544778347 -0.126325414
v -0.083165556 0.694713175 -0.045987260
vn -0.692377031 0.684509099 -0.228169709
v -0.102727324 0.671229899 -0.045987260
vn -0.818466485 0.527281284 -0.228226230
v -0.022496611 0.733851969 -0.051858079
vn -0.371034652 0.899956405 -0.228936270
v -0.077290922 0.690806925 -0.069474347
vn -0.661253333 0.661253333 -0.354242891
v -0.094899565 0.669276774 -0.071427472
vn -0.773839653 0.513260961 -0.371127188
v -0.049901396 0.712321818 -0.073388226
vn -0.534853101 0.770817757 -0.346081436
v 0.010767549 0.743632853 -0.053815018
vn -0.165456936 0.961226106 -0.220609263
v -0.018582731 0.727977335 -0.077302106
vn -0.361946762 0.865524828 -0.346209943
v -0.065556914 0.686885417 -0.092957623
vn -0.621277392 0.613413095 -0.487584800
v 0.044039339 0.745601237 -0.053815018
vn 0.031503875 0.976620197 -0.212651163
v 0.012728304 0.735805094 -0.081215985
vn -0.157793701 0.915203393 -0.370815188
v 0.045996279 0.737773478 -0.081215985
vn 0.039270382 0.934635103 -0.353433460
v -0.042073637 0.704494059 -0.096871503
vn -0.487584740 0.707784295 -0.511177540
v -0.012715727 0.718196452 -0.100785382
vn -0.339161456 0.788747609 -0.512685955
v 0.016642183 0.724071085 -0.104699261
vn -0.149434999 0.841554999 -0.519089997
v 0.045996279 0.726024210 -0.106652386
vn 0.023632307 0.858640432 -0.512033284
v -0.006841093 0.704494059 -0.122307904
vn -0.322494924 0.700049996 -0.637124121
v -0.032277495 0.692760050 -0.116440900
vn -0.441328138 0.646230459 -0.622587919
v 0.018595308 0.708415568 -0.126229420
vn -0.141351566 0.738169312 -0.659640670
v 0.075348467 0.722117960 -0.104699261
vn 0.220828697 0.843881130 -0.488977849
v -0.053807646 0.679057658 -0.114480145
vn -0.560551524 0.544761360 -0.623712301
v -0.042073637 0.675151408 -0.126229420
vn -0.488310099 0.519813955 -0.700961292
v 0.098832577 0.700587809 -0.122307904
vn 0.345260024 0.690520048 -0.635592282
v 0.073391527 0.708415568 -0.126229420
vn 0.196643233 0.731512904 -0.652855575
v 0.045996279 0.710368693 -0.126229420
vn 0.007894355 0.734174967 -0.678914487
v 0.116446108 0.675151408 -0.134057179
vn 0.432842880 0.503671706 -0.747637630
v 0.094918817 0.682979167 -0.139916554
vn 0.330708653 0.543307066 -0.771653533
v 0.071434587 0.688838542 -0.143838063
vn 0.158173218 0.569423556 -0.806683362
v 0.112531275 0.657527506 -0.145791188
vn 0.384375781 0.384375781 -0.839351237
v 0.092961878 0.663402140 -0.151665822
vn 0.299064308 0.401375800 -0.865712523
v 0.045996279 0.690806925 -0.143838063
vn 0.015767597 0.583401084 -0.812031209
v 0.020556062 0.690806925 -0.143838063
vn -0.110219136 0.574714124 -0.810897887
v 0.045996279 0.667323649 -0.157540455
vn 0.000000000 0.434528112 -0.900658250
v -0.002927214 0.686885417 -0.139916554
vn -0.292382836 0.561058879 -0.774419367
v 0.022509187 0.667323649 -0.155572072
vn -0.110676266 0.418988734 -0.901221037
v -0.002927214 0.665355265 -0.151665822
vn -0.275240928 0.385337323 -0.880771041
v -0.026410490 0.681010783 -0.132088795
vn -0.432040870 0.549870133 -0.714831233
v -0.024457365 0.663402140 -0.143838063
vn -0.395037889 0.410839409 -0.821678817
v -0.045979887 0.661449015 -0.132088795
vn -0.518705130 0.416535974 -0.746621013
v -0.065556914 0.663402140 -0.114480145
vn -0.631666481 0.426374882 -0.647458136
v -0.028371245 0.641879618 -0.151665822
vn -0.392958403 0.290789217 -0.872367680
v -0.002927214 0.641879618 -0.159493580
vn -0.251625538 0.275215417 -0.927869081
v 0.022509187 0.643832743 -0.165368214
vn -0.149471998 0.267476171 -0.951900601
v -0.083165556 0.665355265 -0.094910748
vn -0.696397901 0.474816740 -0.538125575
v 0.045996279 0.643832743 -0.167321339
vn 0.007878657 0.275752991 -0.961196244
v 0.020556062 0.618396342 -0.169274464
vn -0.125824437 0.133688450 -0.983003378
v 0.045996279 0.618396342 -0.171227589
vn 0.007880615 0.118209235 -0.992957532
v -0.004887968 0.618396342 -0.165368214
vn -0.245061219 0.158104002 -0.956529319
v 0.044039339 0.594913065 -0.173195973
vn 0.000000000 0.039339606 -0.999225974
v 0.020556062 0.594913065 -0.171227589
vn -0.118121222 0.039373741 -0.992218256
v -0.004887968 0.594913065 -0.167321339
vn -0.251750082 0.015734380 -0.967664421
v -0.030324370 0.618396342 -0.155572072
vn -0.433689773 0.134049565 -0.891035318
v -0.051854521 0.641879618 -0.137963429
vn -0.565510929 0.274901122 -0.777577519
v -0.073384672 0.641879618 -0.118394025
vn -0.666487336 0.282276988 -0.690010488
v -0.055760771 0.618396342 -0.139916554
vn -0.581327200 0.141403899 -0.801288843
v -0.032277495 0.592952311 -0.157540455
vn -0.434473932 0.015799051 -0.900545895
v -0.092946440 0.643832743 -0.096871503
vn -0.767548263 0.308601886 -0.561813653
v -0.079244047 0.618396342 -0.120354779
vn -0.685443223 0.165451810 -0.709079266
v -0.057729155 0.592952311 -0.141884938
vn -0.583401084 0.015767597 -0.812031209
v -0.004887968 0.569472849 -0.165368214
vn -0.275650352 -0.126011595 -0.952962756
v -0.032277495 0.569472849 -0.155572072
vn -0.434135407 -0.126293927 -0.891950905
v -0.057729155 0.569472849 -0.139916554
vn -0.591413498 -0.126168206 -0.796436846
v -0.081212431 0.592952311 -0.122307904
vn -0.707106829 0.000000000 -0.707106829
v -0.098821074 0.618396342 -0.098824628
vn -0.810395837 0.149490505 -0.566490293
v -0.106648833 0.645793498 -0.071427472
vn -0.867325604 0.323275894 -0.378469348
v -0.030324370 0.545987666 -0.151665822
vn -0.417932212 -0.212908864 -0.883177519
v -0.114476591 0.645793498 -0.047944199
vn -0.896859705 0.346156389 -0.275351644
v -0.112523466 0.618396342 -0.073388226
vn -0.899536073 0.149922684 -0.410314709
v -0.100774199 0.590999186 -0.098824628
vn -0.828159213 -0.023661690 -0.559993327
v -0.120351225 0.647746623 -0.024462830
vn -0.923208058 0.362970710 -0.126250684
v -0.122304350 0.618396342 -0.047944199
vn -0.950753808 0.157149374 -0.267153949
v -0.114476591 0.590999186 -0.073388226
vn -0.908162057 -0.007897061 -0.418544263
v -0.079244047 0.567515910 -0.120354779
vn -0.707806230 -0.141561240 -0.692077219
v -0.098821074 0.565558970 -0.096871503
vn -0.808396518 -0.164818719 -0.565092683
v -0.124257475 0.590999186 -0.047944199
vn -0.965574980 -0.023550609 -0.259056687
v -0.112523466 0.563602030 -0.073388226
vn -0.894868016 -0.180543557 -0.408185393
v -0.053807646 0.545987666 -0.137963429
vn -0.575088501 -0.220581874 -0.787792385
v -0.075337797 0.544030726 -0.118394025
vn -0.702597558 -0.236830637 -0.671020091
v -0.092946440 0.542073786 -0.094910748
vn -0.795472860 -0.283534884 -0.535565913
v -0.120351225 0.561645091 -0.047944199
vn -0.944150448 -0.180962175 -0.275377184
v -0.028371245 0.522504866 -0.145791188
vn -0.401761681 -0.338740230 -0.850789487
v -0.104695708 0.538159907 -0.071427472
vn -0.857364655 -0.322494954 -0.401152253
v -0.049901396 0.522504866 -0.132088795
vn -0.559454143 -0.338824362 -0.756445110
v -0.069463164 0.520547867 -0.114480145
vn -0.678344011 -0.362835169 -0.638905406
v -0.085118681 0.516634047 -0.090996869
vn -0.779141247 -0.393505692 -0.487947047
v -0.045979887 0.502934992 -0.124268658
vn -0.541697383 -0.455339849 -0.706561863
v -0.061635405 0.500978053 -0.108613141
vn -0.645569205 -0.464494914 -0.606205285
v -0.026410490 0.500978053 -0.136010304
vn -0.385910511 -0.480419248 -0.787572503
v -0.042073637 0.485324442 -0.114480145
vn -0.489206135 -0.576000810 -0.654904962
v -0.073384672 0.495107234 -0.089043744
vn -0.710491896 -0.513133049 -0.481555641
v -0.051854521 0.483367503 -0.104699261
vn -0.574287117 -0.605754912 -0.550686240
v -0.094899565 0.512719691 -0.067513593
vn -0.824068308 -0.415958285 -0.384565204
v -0.059682280 0.477496684 -0.085129865
vn -0.605361640 -0.668256342 -0.432401180
v -0.114476591 0.536203921 -0.045987260
vn -0.905455768 -0.322814673 -0.275573492
v -0.040105253 0.473582804 -0.102738507
vn -0.440780997 -0.732011259 -0.519491851
v -0.024457365 0.481410563 -0.122307904
vn -0.362835169 -0.638905406 -0.678344011
v -0.002927214 0.497064173 -0.141884938
vn -0.291113079 -0.495679021 -0.818263769
v -0.022496611 0.467711985 -0.106652386
vn -0.377344966 -0.738967240 -0.558156073
v -0.042073637 0.463798106 -0.085129865
vn -0.479928344 -0.763164759 -0.432722270
v -0.002927214 0.477496684 -0.128182545
vn -0.290403843 -0.627900183 -0.722085178
v -0.022496611 0.454013407 -0.087082990
vn -0.370792121 -0.812586963 -0.449684054
v -0.002927214 0.461841166 -0.112527020
vn -0.322704613 -0.739859402 -0.590313375
v 0.018595308 0.491193354 -0.145791188
vn -0.212723747 -0.519991398 -0.827259064
v 0.018595308 0.473582804 -0.132088795
vn -0.236169249 -0.629784644 -0.739996970
v 0.020556062 0.455966532 -0.116440900
vn -0.251656622 -0.754969895 -0.605548799
v 0.000986665 0.448138773 -0.090996869
vn -0.283781439 -0.859227240 -0.425672203
v 0.042082399 0.469668925 -0.136010304
vn -0.181479692 -0.607562482 -0.773261309
v 0.040125459 0.487281382 -0.147744313
vn -0.133937180 -0.480598181 -0.866652429
v 0.061651796 0.483367503 -0.147744313
vn -0.023612533 -0.456508964 -0.889405429
v 0.000986665 0.438357890 -0.067513593
vn -0.268274337 -0.907398462 -0.323507279
v -0.022496611 0.444224894 -0.065560468
vn -0.339743197 -0.877011538 -0.339743197
v 0.000986665 0.430530131 -0.042073380
vn -0.244793639 -0.947588265 -0.205310777
v -0.024457365 0.438357890 -0.044030320
vn -0.331408024 -0.915317416 -0.228829354
v -0.045979887 0.455966532 -0.063599713
vn -0.495051175 -0.793653488 -0.353608012
v -0.047933012 0.448138773 -0.042073380
vn -0.496432483 -0.835267365 -0.236396417
v -0.065556914 0.469668925 -0.063599713
vn -0.622645915 -0.701461852 -0.346790135
v -0.069463164 0.463798106 -0.042073380
vn -0.655947208 -0.719171047 -0.229186386
v -0.083165556 0.489238322 -0.065560468
vn -0.754410326 -0.557949245 -0.345771402
v -0.087071806 0.485324442 -0.042073380
vn -0.773767233 -0.584273279 -0.244763106
v -0.102727324 0.508805811 -0.044030320
vn -0.850710213 -0.456862867 -0.259939224
v -0.090993315 0.481410563 -0.020548951
vn -0.779987097 -0.614535272 -0.118179865
v -0.106648833 0.506848872 -0.022505891
vn -0.873095989 -0.464078039 -0.149448872
v -0.071416289 0.461841166 -0.020548951
vn -0.659457684 -0.745815217 -0.094208233
v -0.118382841 0.534246981 -0.022505891
vn -0.935501039 -0.330176860 -0.125781655
v -0.126210600 0.561645091 -0.024462830
vn -0.975410879 -0.180922985 -0.125859469
v -0.047933012 0.444224894 -0.020548951
vn -0.503251076 -0.857099473 -0.110086165
v -0.128178984 0.589038432 -0.024462830
vn -0.990898132 -0.015728541 -0.133692592
v -0.126210600 0.618396342 -0.024462830
vn -0.983947039 0.133816794 -0.118073650
v -0.128178984 0.618396342 -0.000978831
vn -0.989949524 0.141421348 0.000000000
v -0.130132109 0.589038432 -0.000978831
vn -0.999876022 -0.015746079 0.000000000
v -0.126210600 0.618396342 0.022503722
vn -0.983947039 0.133816794 0.118073650
v -0.128178984 0.589038432 0.022503722
vn -0.990898132 -0.015728541 0.133692592
v -0.124257475 0.590999186 0.045988906
vn -0.965574980 -0.023550609 0.259056687
v -0.126210600 0.561645091 -0.000978831
vn -0.980580688 -0.196116120 0.000000000
v -0.126210600 0.561645091 0.022503722
vn -0.975410879 -0.180922985 0.125859469
v -0.120351225 0.561645091 0.045988906
vn -0.944150448 -0.180962175 0.275377184
v -0.112523466 0.563602030 0.071425311
vn -0.894868016 -0.180543557 0.408185393
v -0.120351225 0.534246981 -0.000978831
vn -0.954058230 -0.299621582 0.000000000
v -0.118382841 0.534246981 0.020546783
vn -0.935501039 -0.330176860 0.125781655
v -0.114476591 0.536203921 0.044031966
vn -0.905455768 -0.322814673 0.275573492
v -0.104695708 0.538159907 0.069472186
vn -0.857364655 -0.322494954 0.401152253
v -0.108601958 0.506848872 -0.000978831
vn -0.884746850 -0.466071993 0.000000000
v -0.106648833 0.506848872 0.020546783
vn -0.873095989 -0.464078039 0.149448872
v -0.102727324 0.508805811 0.042075027
vn -0.850710213 -0.456862867 0.259939224
v -0.094899565 0.512719691 0.065558307
vn -0.824068308 -0.415958285 0.384565204
v -0.090993315 0.481410563 -0.000978831
vn -0.774661303 -0.632376552 0.000000000
v -0.090993315 0.481410563 0.020546783
vn -0.779237807 -0.613944948 0.125937417
v -0.087071806 0.485324442 0.040118087
vn -0.772252262 -0.583129287 0.252164006
v -0.083165556 0.489238322 0.063597552
vn -0.754410326 -0.557949245 0.345771402
v -0.071416289 0.459884226 -0.000978831
vn -0.666794896 -0.745241344 0.000000000
v -0.071416289 0.461841166 0.018589843
vn -0.654986560 -0.749683440 0.094696850
v -0.069463164 0.463798106 0.040118087
vn -0.651045442 -0.721640766 0.235317647
v -0.065556914 0.469668925 0.061644424
vn -0.622645915 -0.701461852 0.346790135
v -0.059682280 0.477496684 0.083166949
vn -0.606449664 -0.661581397 0.441054255
v -0.047933012 0.444224894 0.018589843
vn -0.503251076 -0.857099473 0.110086165
v -0.047933012 0.448138773 0.040118087
vn -0.496432483 -0.835267365 0.236396417
v -0.045979887 0.455966532 0.061644424
vn -0.495051175 -0.793653488 0.353608012
v -0.042073637 0.463798106 0.083166949
vn -0.479928344 -0.763164759 0.432722270
v -0.049901396 0.444224894 -0.000978831
vn -0.517953813 -0.855408609 0.000000000
v -0.024457365 0.438357890 0.042075027
vn -0.331408024 -0.915317416 0.228829354
v -0.022496611 0.444224894 0.063597552
vn -0.339743197 -0.877011538 0.339743197
v -0.022496611 0.454013407 0.085127704
vn -0.370792121 -0.812586963 0.449684054
v -0.026410490 0.434444010 -0.022505891
vn -0.345867515 -0.927553773 -0.141491249
v -0.026410490 0.432483256 -0.000978831
vn -0.370032877 -0.929018736 0.000000000
v -0.026410490 0.434444010 0.020546783
vn -0.345867515 -0.927553773 0.141491249
v -0.006841093 0.426616251 -0.000978831
vn -0.259128571 -0.965842903 0.000000000
v -0.004887968 0.428569376 -0.020548951
vn -0.228651464 -0.961913109 -0.149806142
v -0.004887968 0.428569376 0.018589843
vn -0.228651464 -0.961913109 0.149806142
v 0.008814424 0.422702372 -0.000978831
vn -0.227726057 -0.973725259 0.000000000
v 0.012728304 0.424655497 -0.016635071
vn -0.204724401 -0.968503952 -0.141732275
v 0.012728304 0.424655497 0.014675965
vn -0.204724401 -0.968503952 0.141732275
v 0.000986665 0.430530131 0.040118087
vn -0.244390130 -0.946026325 0.212855920
v 0.000986665 0.438357890 0.065558307
vn -0.251718968 -0.912481189 0.322514892
v 0.016642183 0.420741618 -0.000978831
vn -0.125972539 -0.992033720 0.000000000
v 0.020556062 0.422702372 -0.012720237
vn -0.157163948 -0.982274711 -0.102156565
v 0.020556062 0.422702372 0.010763039
vn -0.157163948 -0.982274711 0.102156565
v 0.030336946 0.420741618 -0.018592011
vn -0.172992557 -0.982912242 -0.062906384
v 0.030336946 0.420741618 -0.000978831
vn -0.118212894 -0.992988288 0.000000000
v 0.042082399 0.418788493 -0.012720237
vn -0.086927339 -0.995713115 -0.031609941
v 0.030336946 0.420741618 0.016632903
vn -0.172992557 -0.982912242 0.062906384
v 0.045996279 0.418788493 -0.000978831
v 0.042082399 0.418788493 0.010763039
vn -0.086927339 -0.995713115 0.031609941
v 0.026423067 0.442271769 0.092955463
vn -0.236161917 -0.873799086 0.425091445
v 0.000986665 0.448138773 0.089041583
vn -0.268249273 -0.867865324 0.418153286
v 0.044039339 0.454013407 0.120352618
vn -0.181181028 -0.748356402 0.638072312
v 0.020556062 0.455966532 0.114477985
vn -0.243965954 -0.763377309 0.598110080
v 0.000986665 0.459884226 0.110564105
vn -0.306290090 -0.753944874 0.581165791
v -0.022496611 0.467711985 0.104697101
vn -0.377344966 -0.738967240 0.558156073
v 0.061651796 0.467711985 0.136008129
vn -0.070971832 -0.567774653 0.820118904
v 0.042082399 0.469668925 0.134055004
vn -0.165926263 -0.600495100 0.782223821
v 0.061651796 0.483367503 0.143835887
vn -0.015744615 -0.440849245 0.897443056
v 0.018595308 0.473582804 0.130133495
vn -0.236169249 -0.629784644 0.739996970
v 0.040125459 0.487281382 0.145789012
vn -0.110198647 -0.488022596 0.865846515
v 0.061651796 0.502934992 0.153616771
vn 0.055343326 -0.355778515 0.932930291
v -0.002927214 0.477496684 0.126227245
vn -0.299027264 -0.621661961 0.723960757
v 0.018595308 0.491193354 0.143835887
vn -0.212723747 -0.519991398 0.827259064
v 0.042082399 0.504891932 0.153616771
vn -0.047391232 -0.379129857 0.924129069
v 0.063608736 0.524461806 0.159491405
vn 0.086528383 -0.267451346 0.959678411
v 0.020556062 0.508805811 0.153616771
vn -0.173486695 -0.402173638 0.898976445
v -0.002927214 0.497064173 0.139914379
vn -0.291113079 -0.495679021 0.818263769
v -0.024457365 0.481410563 0.120352618
vn -0.362835169 -0.638905406 0.678344011
v -0.040105253 0.473582804 0.100783221
vn -0.458515942 -0.719395757 0.521759510
v 0.042082399 0.524461806 0.161444530
vn -0.007865730 -0.306763470 0.951753318
v -0.000974089 0.518590987 0.151663646
vn -0.276535153 -0.355545223 0.892813563
v 0.020556062 0.526418746 0.159491405
vn -0.165313333 -0.283394277 0.944647670
v -0.028371245 0.522504866 0.143835887
vn -0.401761681 -0.338740230 0.850789487
v -0.002927214 0.545987666 0.159491405
vn -0.274757117 -0.227655917 0.934174240
v 0.020556062 0.547944605 0.165366039
vn -0.149434999 -0.204489991 0.967395008
v 0.044039339 0.547944605 0.167319164
vn 0.007892633 -0.205208451 0.978686512
v 0.063608736 0.547944605 0.165366039
vn 0.094292544 -0.204300508 0.974356353
v 0.020556062 0.571429789 0.169272289
vn -0.141992211 -0.086773030 0.986057103
v -0.004887968 0.569472849 0.163397655
vn -0.275650352 -0.126011595 0.952962756
v 0.044039339 0.571429789 0.171225414
vn 0.007844405 -0.086288452 0.996239424
v 0.083177179 0.547944605 0.163397655
vn 0.212204114 -0.188625872 0.958848178
v 0.065565675 0.571429789 0.169272289
vn 0.133297458 -0.078410275 0.987969458
v 0.100789636 0.547944605 0.157538280
vn 0.283755004 -0.157641664 0.945850074
v 0.085134119 0.571429789 0.165366039
vn 0.243905559 -0.062943369 0.967754304
v 0.104703516 0.569472849 0.159491405
vn 0.307918191 -0.086848721 0.947440624
v 0.067520708 0.594913065 0.169272289
vn 0.133704990 0.007865000 0.990989983
v 0.087091058 0.592952311 0.165366039
vn 0.244382560 0.007883308 0.969646931
v 0.108617395 0.590999186 0.159491405
vn 0.346790165 0.007881595 0.937909722
v 0.044039339 0.594913065 0.171225414
vn 0.007869869 0.031479478 0.999473393
v 0.067520708 0.618396342 0.169272289
vn 0.133937180 0.110301219 0.984832287
v 0.045996279 0.618396342 0.169272289
vn 0.000000000 0.118212894 0.992988288
v 0.020556062 0.594913065 0.169272289
vn -0.125968650 0.007873041 0.992003083
v 0.020556062 0.618396342 0.169272289
vn -0.118308455 0.118308455 0.985903800
v 0.089047998 0.616435587 0.163397655
vn 0.259520888 0.110099778 0.959440947
v -0.004887968 0.594913065 0.165366039
vn -0.251750082 0.015734380 0.967664421
v 0.069477648 0.641879618 0.163397655
vn 0.157641664 0.283755004 0.945850074
v 0.110574335 0.614482462 0.157538280
vn 0.376554608 0.125518203 0.917851806
v -0.004887968 0.618396342 0.163397655
vn -0.283175021 0.117989607 0.951782823
v -0.032277495 0.592952311 0.155569896
vn -0.434473932 0.015799051 0.900545895
v -0.030324370 0.618396342 0.153616771
vn -0.433689773 0.134049565 0.891035318
v -0.028371245 0.641879618 0.149710521
vn -0.416343123 0.282799065 0.864108324
v -0.002927214 0.641879618 0.159491405
vn -0.260286719 0.283949107 0.922834694
v -0.024457365 0.663402140 0.141882762
vn -0.402951241 0.418753266 0.813803494
v 0.022509187 0.643832743 0.163397655
vn -0.118503965 0.268608987 0.955932021
v -0.002927214 0.665355265 0.149710521
vn -0.283719748 0.409817427 0.866921484
v -0.002927214 0.686885417 0.137961254
vn -0.299064338 0.550907910 0.779141247
v 0.045996279 0.643832743 0.165366039
vn 0.007878657 0.275752991 0.961196244
v 0.022509187 0.667323649 0.155569896
vn -0.125360146 0.415255487 0.901026011
v 0.020556062 0.690806925 0.141882762
vn -0.133506939 0.549734414 0.824601710
v 0.047953218 0.712321818 0.128180370
vn 0.047291029 0.740892828 0.669956267
v 0.045996279 0.690806925 0.141882762
vn 0.015799543 0.521384895 0.853175342
v 0.045996279 0.667323649 0.155569896
vn 0.039335951 0.440562665 0.896859705
v 0.069477648 0.667323649 0.153616771
vn 0.141732275 0.417322844 0.897637784
v 0.092961878 0.663402140 0.149710521
vn 0.299064308 0.401375800 0.865712523
v 0.091004938 0.639918864 0.159491405
vn 0.275215417 0.251625538 0.927869081
v 0.110574335 0.637965739 0.151663646
vn 0.386968136 0.260611176 0.884498537
v 0.130144686 0.612521708 0.147742137
vn 0.518721104 0.102172345 0.848816454
v 0.128187746 0.590999186 0.149710521
vn 0.517937899 0.007847544 0.855382264
v 0.147757143 0.590999186 0.136008129
vn 0.695071518 -0.015797080 0.718767107
v 0.145800203 0.569472849 0.136008129
vn 0.710624754 -0.110541619 0.694833100
v 0.159498781 0.571429789 0.116438739
vn 0.841554999 -0.149434999 0.519089997
v 0.171236604 0.569472849 0.092955463
vn 0.910231054 -0.188323677 0.368800521
v 0.157541841 0.553817332 0.114477985
vn 0.780835748 -0.433797657 0.449572116
v 0.153627962 0.547944605 0.110564105
vn 0.385206342 -0.896194339 0.220117912
v 0.167322725 0.553817332 0.092955463
vn 0.812814593 -0.473484278 0.339330375
v 0.161455721 0.547944605 0.090994708
vn 0.423689097 -0.878762603 0.219690651
v 0.153627962 0.545987666 0.087080829
vn 0.283017457 -0.943391621 0.172955126
v 0.159498781 0.544030726 0.065558307
vn 0.134443030 -0.980643332 0.142351434
v 0.139929384 0.538159907 0.081213824
vn 0.677333355 -0.685209334 0.267782956
v 0.169283479 0.544030726 0.067511432
vn 0.442318261 -0.845143795 0.300144523
v 0.173197359 0.549901545 0.067511432
vn 0.868839443 -0.410724074 0.276448876
v 0.136015505 0.514677107 0.061644424
vn 0.938376069 -0.157710269 0.307535022
v 0.145800203 0.538159907 0.063597552
vn 0.678365111 -0.709917009 0.189311221
v 0.182978243 0.559688151 0.042075027
vn 0.930635333 -0.291809380 0.220828727
v 0.177111238 0.544030726 0.047945846
vn 0.857099473 -0.440344661 0.267352104
v 0.181025118 0.540116847 0.024460662
vn 0.913640797 -0.330800980 0.236286432
v 0.171236604 0.538159907 0.049902786
vn 0.268215895 -0.851979911 0.449656069
v 0.173197359 0.532289088 0.034247268
vn 0.818086505 -0.440508127 0.369712174
v 0.175150484 0.518590987 0.018589843
vn 0.929681659 -0.244238406 0.275753021
v 0.161455721 0.544030726 0.047945846
vn -0.094208233 -0.942082405 0.321878135
v 0.167322725 0.528375685 0.040118087
vn -0.078649998 -0.558414996 0.825825036
v 0.171236604 0.518590987 0.030333389
vn 0.865953863 -0.236169249 0.440849245
v 0.171236604 0.502934992 0.018589843
vn 0.936514497 -0.055089090 0.346274287
v 0.147757143 0.536203921 0.049902786
vn 0.716335595 -0.637617409 0.283385485
v 0.161455721 0.534246981 0.030333389
vn -0.244625911 -0.528707623 0.812789261
v 0.165369600 0.518590987 0.038161147
vn 0.000000000 -0.094809093 0.995495498
v 0.147757143 0.528375685 0.038161147
vn 0.740639865 -0.425473958 0.520023704
v 0.157541841 0.520547867 0.028374542
vn -0.070669241 0.023556415 0.997221589
v 0.167322725 0.502934992 0.030333389
vn 0.915175021 -0.023668321 0.402361423
v 0.163408846 0.504891932 0.038161147
vn 0.243543953 0.227831423 0.942750812
v 0.145800203 0.518590987 0.036204208
vn 0.755063415 -0.117978655 0.644949973
v 0.155584902 0.506848872 0.032290328
vn -0.015767597 0.299584329 0.953939617
v 0.167322725 0.489238322 0.034247268
vn 0.915317416 0.228829354 0.331408024
v 0.143843263 0.508805811 0.038161147
vn 0.757999778 0.078958310 0.647458136
v 0.163408846 0.491193354 0.044031966
vn 0.488476813 0.559384704 0.669685900
v 0.151671022 0.493150294 0.038161147
vn 0.189111277 0.575213492 0.795843244
v 0.141886324 0.499021113 0.044031966
vn 0.824703515 0.259192497 0.502676368
v 0.139929384 0.491193354 0.053816665
vn 0.831839681 0.400224715 0.384529650
v 0.137972444 0.487281382 0.063597552
vn 0.855593085 0.392473906 0.337527514
v 0.149714082 0.483367503 0.051859725
vn 0.266660511 0.792138577 0.549006939
v 0.145800203 0.475539744 0.065558307
vn 0.291764021 0.922605157 0.252336442
v 0.159498781 0.483367503 0.053816665
vn 0.245061219 0.790520072 0.561269224
v 0.161455721 0.481410563 0.053816665
vn 0.745401919 0.494319141 0.447241127
v 0.177111238 0.489238322 0.008806099
vn 0.915174901 0.307688117 0.260351479
v 0.181025118 0.483367503 0.006849159
vn 0.827747405 0.512415051 0.228615940
v 0.181025118 0.483367503 -0.000978831
vn 0.808396637 0.588638306 0.000000000
v 0.184938997 0.477496684 0.006849159
vn 0.757032871 0.567774653 0.323316127
v 0.186892122 0.469668925 0.012719979
vn 0.810621679 0.346285015 0.472206831
v 0.186892122 0.459884226 0.016632903
vn 0.864508510 0.086450852 0.495127589
v 0.188852876 0.457927287 0.012719979
vn 0.922834694 -0.070987277 0.378598869
v 0.190806001 0.465755045 0.008806099
vn 0.893734634 0.071182400 0.442912757
v 0.188852876 0.473582804 0.004892220
vn 0.639761746 0.592372000 0.489694178
v 0.186892122 0.479453623 -0.000978831
vn 0.654030085 0.756468534 0.000000000
v 0.188852876 0.454013407 0.010763039
vn 0.922261059 -0.244359776 0.299537778
v 0.190806001 0.463798106 0.006849159
vn 0.929970324 -0.189146504 0.315244168
v 0.190806001 0.455966532 0.006849159
vn 0.973725259 -0.157052457 0.164905071
v 0.188852876 0.450099528 0.006849159
vn 0.882519305 -0.401861459 0.244268730
v 0.188852876 0.450099528 0.004892220
v 0.188852876 0.448138773 0.004892220
vn 0.699985027 -0.699985027 0.141569987
v 0.186892122 0.448138773 0.004892220
vn 0.457047254 -0.882574022 -0.110321753
v 0.190806001 0.455966532 0.002935042
vn 0.958818555 -0.275070876 0.070732512
v 0.184938997 0.446185648 0.004892220
vn 0.707106829 -0.707106829 0.000000000
v 0.184938997 0.446185648 0.002935042
vn -0.378976226 -0.055267368 -0.923754573
v 0.186892122 0.448138773 0.002935042
vn 0.489206135 -0.765370905 0.418192357
vn 0.370619118 0.851635456 -0.370619118
v 0.188852876 0.448138773 0.002935042
v 0.186892122 0.444224894 0.002935042
vn 0.941531360 -0.298151582 0.156921893
v 0.186892122 0.446185648 0.002935042
vn 0.000000000 0.000000000 1.000000000
vn -0.015744127 -0.999752104 0.015744127
vn 1.000000000 0.000000000 0.000000000
v 0.186892122 0.446185648 0.000978102
vn 0.000000000 -1.000000000 0.000000000
v 0.188852876 0.448138773 0.000978102
vn 0.908332109 -0.410724074 0.078985400
v 0.188852876 0.450099528 0.000978102
v 0.186892122 0.446185648 -0.000978831
v 0.188852876 0.448138773 -0.000978831
v 0.186892122 0.446185648 -0.002935777
v 0.188852876 0.448138773 -0.002935777
vn 0.834749281 -0.527624488 -0.157499850
v 0.188852876 0.450099528 -0.000978831
vn -0.873042047 -0.487645119 0.000000000
vn -0.078497194 0.996914387 0.000000000
v 0.190806001 0.455966532 -0.000978831
v 0.188852876 0.450099528 -0.002935777
v 0.194719881 0.463798106 -0.000978831
vn 0.929018736 -0.370032877 0.000000000
v 0.190806001 0.455966532 -0.004892956
vn 0.958818555 -0.275070876 -0.070732512
v 0.192766756 0.463798106 0.002935042
vn 0.849052429 -0.314463854 0.424526215
v 0.196680635 0.469668925 0.000978102
vn 0.931591868 0.015789693 0.363162935
v 0.188852876 0.448138773 -0.004892956
v 0.192766756 0.463798106 -0.004892956
vn 0.849052429 -0.314463854 -0.424526215
v 0.188852876 0.450099528 -0.006849895
v 0.190806001 0.463798106 -0.008806358
vn 0.929970324 -0.189146504 -0.315244168
v 0.196680635 0.469668925 -0.002935777
vn 0.931591868 0.015789693 -0.363162935
v 0.196680635 0.469668925 -0.000978831
v 0.196680635 0.471625865 -0.000978831
vn 0.855408609 0.517953813 0.000000000
v 0.194719881 0.473582804 -0.000978831
vn 0.606280446 0.795250893 0.000000000
v 0.194719881 0.471625865 0.002935042
vn 0.664389849 0.474564195 0.577386439
v 0.190806001 0.475539744 -0.000978831
v 0.194719881 0.471625865 -0.004892956
vn 0.664389849 0.474564195 -0.577386439
v 0.188852876 0.473582804 -0.006849895
vn 0.639761746 0.592372000 -0.489694178
v 0.184938997 0.477496684 -0.008806358
vn 0.757032871 0.567774653 -0.323316127
v 0.190806001 0.465755045 -0.010763298
vn 0.893734634 0.071182400 -0.442912757
v 0.186892122 0.469668925 -0.014677177
vn 0.810621679 0.346285015 -0.472206831
v 0.181025118 0.483367503 -0.008806358
vn 0.827747405 0.512415051 -0.228615940
v 0.182978243 0.473582804 -0.018592011
vn 0.730271459 0.471142888 -0.494700015
v 0.179064363 0.465755045 -0.030333649
vn 0.848083377 0.337662786 -0.408336431
v 0.182978243 0.461841166 -0.024462830
vn 0.864668787 0.172933757 -0.471637547
v 0.186892122 0.459884226 -0.018592011
vn 0.864508510 0.086450852 -0.495127589
v 0.188852876 0.457927287 -0.014677177
vn 0.922834694 -0.070987277 -0.378598869
v 0.184938997 0.454013407 -0.022505891
vn 0.905175209 0.000000000 -0.425038815
v 0.181025118 0.455966532 -0.030333649
vn 0.942082405 0.117760301 -0.314027458
v 0.175150484 0.469668925 -0.034245621
vn 0.871426284 0.376832992 -0.314027488
v 0.186892122 0.450099528 -0.016635071
vn 0.918841958 -0.267013907 -0.290573955
v 0.184938997 0.448138773 -0.018592011
vn 0.900630236 -0.387113005 -0.197506636
v 0.186892122 0.446185648 -0.012720237
vn 0.925573885 -0.371811748 -0.071197987
v 0.186892122 0.446185648 -0.010763298
v 0.186892122 0.448138773 -0.010763298
vn 0.967874110 -0.236066848 -0.086557850
v 0.188852876 0.454013407 -0.012720237
vn 0.922261059 -0.244359776 -0.299537778
v 0.186892122 0.448138773 -0.008806358
vn 0.882574022 -0.457047254 -0.110321753
v 0.188852876 0.450099528 -0.008806358
vn 0.882519305 -0.401861459 -0.244268730
v 0.190806001 0.455966532 -0.008806358
vn 0.973725259 -0.157052457 -0.164905071
v 0.188852876 0.448138773 -0.006849895
vn 0.699985027 -0.699985027 -0.141569987
v 0.186892122 0.448138773 -0.006849895
vn 0.457047254 -0.882574022 0.110321753
v 0.186892122 0.448138773 -0.004892956
vn 0.598963976 -0.788110435 -0.141859874
v 0.186892122 0.448138773 -0.002935777
vn 0.577350318 -0.577350318 -0.577350318
vn 0.330095261 0.730925202 -0.597315252
v 0.186892122 0.446185648 -0.004892956
vn 0.722285390 -0.031403713 -0.690881729
v 0.184938997 0.446185648 -0.006849895
vn 0.000000000 0.777793527 0.628519952
v 0.186892122 0.446185648 -0.006849895
vn 0.820118904 0.567774653 0.070971832
v 0.184938997 0.446185648 -0.004892956
v 0.186892122 0.444224894 -0.004892956
vn 0.941531360 -0.298151582 -0.156921893
v 0.186892122 0.444224894 -0.000978831
vn 0.973725259 -0.227726057 0.000000000
v 0.182978243 0.444224894 -0.000978831
vn -0.447213650 0.894427299 0.000000000
v 0.182978243 0.444224894 -0.002935777
v 0.182978243 0.444224894 0.000978102
v 0.179064363 0.442271769 -0.000978831
vn -0.227726057 0.973725259 0.000000000
v 0.179064363 0.442271769 -0.004892956
vn -0.189234674 0.961942971 0.197119460
v 0.179064363 0.442271769 0.002935042
vn -0.339457244 0.939428151 0.047366127
v 0.182978243 0.444224894 -0.006849895
vn -0.448360473 0.810195208 0.377566725
vn -0.577350318 0.577350318 0.577350318
v 0.173197359 0.442271769 -0.000978831
vn -0.047086716 0.980973184 0.188346863
v 0.179064363 0.444224894 -0.008806358
vn -0.188958809 0.944794059 0.267691642
v 0.182978243 0.444224894 0.002935042
vn -0.517174065 0.854120851 -0.054851796
vn 0.000000000 0.000000000 -1.000000000
v 0.173197359 0.442271769 -0.004892956
vn 0.000000000 0.973725259 0.227726057
v 0.173197359 0.440311015 0.002935042
vn -0.062859759 0.997898698 0.015714940
v 0.179064363 0.442271769 0.004892220
vn -0.339256436 0.867865324 -0.362925500
v 0.182978243 0.444224894 0.004892220
vn -0.537721694 0.774951875 -0.332122207
vn -0.707106829 0.707106829 0.000000000
v 0.179064363 0.444224894 0.006849159
vn -0.306308955 0.856094301 -0.416266024
v 0.167322725 0.442271769 -0.000978831
vn 0.282703131 0.958049595 0.047117196
v 0.173197359 0.442271769 0.006849159
vn -0.125595510 0.957665801 -0.259040743
v 0.167322725 0.442271769 0.002935042
vn 0.462322295 0.885464728 -0.047015827
v 0.167322725 0.442271769 0.006849159
vn 0.526434183 0.612863719 -0.589292049
v 0.173197359 0.442271769 0.008806099
vn -0.086472221 0.668194354 -0.738944411
v 0.165369600 0.444224894 0.004892220
vn 0.936282575 0.094415054 -0.338320583
v 0.163408846 0.444224894 -0.000978831
vn 0.989674628 0.141382083 -0.023563681
v 0.167322725 0.442271769 -0.004892956
vn 0.346897900 0.898780823 0.268057436
v 0.167322725 0.444224894 0.006849159
vn 0.527167022 0.000000000 -0.849761784
v 0.173197359 0.444224894 0.008806099
vn 0.015746079 0.000000000 -0.999876022
v 0.167322725 0.446185648 0.006849159
vn 0.550226748 -0.455902189 -0.699574053
v 0.173197359 0.446185648 0.008806099
vn 0.000000000 -0.353706300 -0.935356557
v 0.167322725 0.448138773 0.002935042
vn 0.613356173 -0.770626962 -0.172997892
v 0.179064363 0.444224894 0.008806099
vn -0.339256436 0.362925500 -0.867865324
v 0.167322725 0.448138773 -0.000978831
vn 0.550635099 -0.833818972 -0.039331082
v 0.173197359 0.448138773 0.006849159
vn 0.031378586 -0.807998538 -0.588348448
v 0.179064363 0.446185648 0.006849159
vn -0.251571089 -0.660374105 -0.707543671
v 0.173197359 0.450099528 0.002935042
vn 0.126093745 -0.961464882 -0.244306654
v 0.179064363 0.448138773 0.004892220
vn -0.196838185 -0.716491044 -0.669249833
v 0.182978243 0.446185648 0.004892220
vn 0.000000000 -0.666794896 -0.745241344
v 0.182978243 0.446185648 0.006849159
vn -0.189499944 -0.457958192 -0.868541420
v 0.182978243 0.448138773 0.004892220
vn -0.299249738 -0.716624320 -0.629999399
v 0.182978243 0.448138773 0.002935042
vn -0.394521058 -0.860055983 -0.323507279
v 0.179064363 0.450099528 0.002935042
vn -0.173854664 -0.908785701 -0.379319251
v 0.184938997 0.448138773 0.000978102
vn -0.504641473 -0.851582527 -0.141930416
v 0.184938997 0.448138773 -0.000978831
vn -0.527167022 -0.849761784 0.000000000
v 0.179064363 0.450099528 -0.000978831
vn -0.157990500 -0.987440705 0.000000000
v 0.173197359 0.450099528 -0.000978831
vn 0.157990500 -0.987440705 0.000000000
vn -0.707106829 -0.707106829 0.000000000
v 0.184938997 0.448138773 -0.002935777
vn -0.519491851 -0.850077629 0.086581983
v 0.179064363 0.450099528 -0.004892956
vn -0.188503653 -0.981789827 0.023562957
v 0.182978243 0.448138773 -0.006849895
vn -0.526499212 -0.840827167 0.125731155
vn -0.577350318 -0.577350318 0.577350318
v 0.173197359 0.450099528 -0.004892956
v 0.179064363 0.450099528 -0.008806358
vn -0.203973353 -0.910034955 0.360875934
v 0.182978243 0.448138773 -0.008806358
vn -0.643340111 -0.541347146 0.541347146
v 0.182978243 0.446185648 -0.008806358
vn -0.565807700 0.314337611 0.762268782
v 0.179064363 0.448138773 -0.010763298
vn -0.203973353 -0.360875934 0.910034955
v 0.173197359 0.450099528 -0.008806358
vn 0.141325429 -0.918615341 0.369016439
v 0.167322725 0.448138773 -0.004892956
vn 0.527167022 -0.849761784 0.000000000
v 0.165369600 0.446185648 -0.006849895
vn 0.952992260 -0.141767442 0.267782927
v 0.167322725 0.448138773 -0.008806358
vn 0.542198896 -0.762221634 0.353608012
v 0.167322725 0.444224894 -0.008806358
vn 0.441492707 0.725309432 0.528214455
v 0.167322725 0.446185648 -0.010763298
vn 0.559523642 0.047283694 0.827464640
v 0.173197359 0.448138773 -0.010763298
vn 0.063031219 -0.677585602 0.732737958
v 0.173197359 0.444224894 -0.008806358
vn 0.062906384 0.959322333 0.275215417
v 0.173197359 0.444224894 -0.010763298
vn 0.141325429 0.918615341 0.369016439
v 0.179064363 0.444224894 -0.010763298
vn -0.346553385 0.708859205 0.614344656
v 0.173197359 0.446185648 -0.012720237
vn 0.055007383 -0.031432789 0.997991085
v 0.179064363 0.446185648 -0.010763298
vn -0.322954804 -0.047261678 0.945233583
v 0.116446108 0.520547867 -0.147744313
vn 0.362835169 -0.244519353 -0.899200201
v 0.098832577 0.499021113 -0.147744313
vn 0.267617017 -0.283359170 -0.920917392
v 0.118403047 0.544030726 -0.153618947
vn 0.402173638 -0.173486695 -0.898976445
v 0.098832577 0.522504866 -0.155572072
vn 0.276276588 -0.236808509 -0.931446731
v 0.081219286 0.500978053 -0.153618947
vn 0.157324329 -0.314648658 -0.936079741
v 0.124273866 0.565558970 -0.153618947
vn 0.486427933 -0.070610501 -0.870862901
v 0.061651796 0.502934992 -0.155572072
vn 0.015809411 -0.316188246 -0.948564768
v 0.081219286 0.524461806 -0.159493580
vn 0.157212496 -0.235818774 -0.958996296
v 0.100789636 0.547944605 -0.159493580
vn 0.283755004 -0.157641664 -0.945850074
v 0.042082399 0.504891932 -0.155572072
vn -0.047391232 -0.379129857 -0.924129069
v 0.104703516 0.569472849 -0.161446705
vn 0.307918191 -0.086848721 -0.947440624
v 0.020556062 0.508805811 -0.155572072
vn -0.173486695 -0.402173638 -0.898976445
v 0.063608736 0.524461806 -0.161446705
vn 0.086528383 -0.267451346 -0.959678411
v 0.042082399 0.524461806 -0.163399830
vn -0.007865730 -0.306763470 -0.951753318
v -0.000974089 0.518590987 -0.153618947
vn -0.276535153 -0.355545223 -0.892813563
v 0.020556062 0.526418746 -0.161446705
vn -0.165313333 -0.283394277 -0.944647670
v -0.002927214 0.545987666 -0.161446705
vn -0.274757117 -0.227655917 -0.934174240
v 0.020556062 0.547944605 -0.167321339
vn -0.149434999 -0.204489991 -0.967395008
v 0.044039339 0.547944605 -0.169274464
vn 0.007892633 -0.205208451 -0.978686512
v 0.020556062 0.571429789 -0.171227589
vn -0.141992211 -0.086773030 -0.986057103
v 0.044039339 0.571429789 -0.173195973
vn 0.007844405 -0.086288452 -0.996239424
v 0.063608736 0.547944605 -0.167321339
vn 0.094292544 -0.204300508 -0.974356353
v 0.065565675 0.571429789 -0.171227589
vn 0.133297458 -0.078410275 -0.987969458
v 0.083177179 0.547944605 -0.165368214
vn 0.212204114 -0.188625872 -0.958848178
v 0.085134119 0.571429789 -0.167321339
vn 0.243905559 -0.062943369 -0.967754304
v 0.067520708 0.594913065 -0.171227589
vn 0.141312361 0.039253436 -0.989186585
v 0.087091058 0.592952311 -0.167321339
vn 0.227697998 0.015703309 -0.973605216
v 0.067520708 0.618396342 -0.169274464
vn 0.141534969 0.117945820 -0.982881844
v 0.108617395 0.590999186 -0.161446705
vn 0.346790165 0.007881595 -0.937909722
v 0.089047998 0.616435587 -0.165368214
vn 0.228275701 0.102330483 -0.968203902
v 0.069477648 0.641879618 -0.165368214
vn 0.149782851 0.260149151 -0.953880250
v 0.069477648 0.667323649 -0.155572072
vn 0.141732275 0.417322844 -0.897637784
v 0.091004938 0.639918864 -0.161446705
vn 0.275215417 0.251625538 -0.927869081
v 0.110574335 0.614482462 -0.159493580
vn 0.376554608 0.125518203 -0.917851806
v 0.110574335 0.637965739 -0.153618947
vn 0.386968136 0.260611176 -0.884498537
v 0.128187746 0.590999186 -0.151665822
vn 0.517937899 0.007847544 -0.855382264
v 0.130144686 0.612521708 -0.149712697
vn 0.518721104 0.102172345 -0.848816454
v 0.130144686 0.636004984 -0.145791188
vn 0.505002677 0.213047996 -0.836410701
v 0.130144686 0.653621256 -0.139916554
vn 0.471375465 0.384956598 -0.793481946
v 0.145800203 0.569472849 -0.137963429
vn 0.710624754 -0.110541619 -0.694833100
v 0.147757143 0.590999186 -0.137963429
vn 0.695071518 -0.015797080 -0.718767107
v 0.159498781 0.571429789 -0.118394025
vn 0.841554999 -0.149434999 -0.519089997
v 0.163408846 0.590999186 -0.118394025
vn 0.835968435 -0.070978448 -0.544168055
v 0.147757143 0.614482462 -0.136010304
vn 0.686808825 0.110520966 -0.718386292
v 0.145800203 0.636004984 -0.132088795
vn 0.676264465 0.204452038 -0.707718670
v 0.141886324 0.655574381 -0.130135670
vn 0.636042893 0.400471419 -0.659600019
v -0.057729155 0.592952311 0.139914379
vn -0.583401084 0.015767597 0.812031209
v -0.081212431 0.592952311 0.120352618
vn -0.707106829 0.000000000 0.707106829
v -0.032277495 0.569472849 0.153616771
vn -0.434135407 -0.126293927 0.891950905
v -0.057729155 0.569472849 0.137961254
vn -0.591413498 -0.126168206 0.796436846
v -0.100774199 0.590999186 0.096869342
vn -0.828159213 -0.023661690 0.559993327
v -0.030324370 0.545987666 0.149710521
vn -0.417932212 -0.212908864 0.883177519
v -0.098821074 0.565558970 0.094908588
vn -0.808396518 -0.164818719 0.565092683
v -0.079244047 0.567515910 0.118391864
vn -0.707806230 -0.141561240 0.692077219
v -0.053807646 0.545987666 0.136008129
vn -0.575088501 -0.220581874 0.787792385
v -0.092946440 0.542073786 0.092955463
vn -0.795472860 -0.283534884 0.535565913
v -0.075337797 0.544030726 0.116438739
vn -0.702597558 -0.236830637 0.671020091
v -0.085118681 0.516634047 0.089041583
vn -0.779141247 -0.393505692 0.487947047
v -0.069463164 0.520547867 0.112524860
vn -0.678344011 -0.362835169 0.638905406
v -0.049901396 0.522504866 0.130133495
vn -0.559454143 -0.338824362 0.756445110
v -0.073384672 0.495107234 0.087080829
vn -0.707609296 -0.518913448 0.479601860
v -0.061635405 0.500978053 0.106650226
vn -0.643835723 -0.478950977 0.596725821
v -0.051854521 0.483367503 0.100783221
vn -0.589656174 -0.605380356 0.534621596
v -0.045979887 0.502934992 0.122305743
vn -0.541697383 -0.455339849 0.706561863
v -0.042073637 0.485324442 0.112524860
vn -0.503874540 -0.582604945 0.637716174
v -0.026410490 0.500978053 0.134055004
vn -0.385910511 -0.480419248 0.787572503
f 1//1 2//2 3//3
f 3//3 2//2 4//4
f 4//4 2//2 5//5
f 2//2 1//1 6//6
f 3//3 4//4 7//7
f 2//2 6//6 8//8
f 2//2 8//8 5//5
f 6//6 1//1 9//9
f 4//4 5//5 10//10
f 4//4 10//10 7//7
f 5//5 8//8 11//11
f 10//10 5//5 12//12
f 12//12 5//5 11//11
f 7//7 10//10 13//13
f 12//12 11//11 14//14
f 10//10 12//12 15//15
f 10//10 15//15 13//13
f 15//15 12//12 16//16
f 16//16 12//12 14//14
f 13//13 15//15 17//17
f 15//15 16//16 18//18
f 15//15 18//18 17//17
f 18//18 16//16 19//19
f 17//17 18//18 20//20
f 19//19 16//16 21//21
f 21//21 16//16 14//14
f 18//18 19//19 22//22
f 18//18 22//22 20//20
f 22//22 19//19 23//23
f 23//23 19//19 21//21
f 20//20 22//22 24//24
f 17//17 20//20 25//25
f 22//22 23//23 26//26
f 22//22 26//26 24//24
f 17//17 25//25 27//27
f 17//17 27//27 13//13
f 25//25 20//20 28//28
f 13//13 27//27 29//29
f 13//13 29//29 7//7
f 27//27 25//25 30//30
f 30//30 25//25 28//28
f 29//29 27//27 31//31
f 31//31 27//27 30//30
f 7//7 29//29 32//32
f 7//7 32//32 3//3
f 29//29 31//31 33//33
f 29//29 33//33 32//32
f 3//3 32//32 34//34
f 34//34 32//32 33//33
f 3//3 34//34 35//35
f 3//3 35//35 1//1
f 35//35 34//34 36//36
f 1//1 35//35 37//37
f 37//37 35//35 36//36
f 1//1 37//37 9//9
f 38//38 33//33 31//31
f 39//39 34//34 33//33
f 39//39 33//33 38//38
f 34//34 39//39 40//40
f 34//34 40//40 36//36
f 38//38 31//31 41//41
f 41//41 31//31 30//30
f 39//39 38//38 42//42
f 41//41 30//30 43//43
f 43//43 30//30 28//28
f 38//38 41//41 44//44
f 38//38 44//44 42//42
f 41//41 43//43 45//45
f 41//41 45//45 44//44
f 43//43 28//28 46//46
f 46//46 28//28 20//20
f 46//46 20//20 24//24
f 43//43 46//46 47//47
f 43//43 47//47 45//45
f 46//46 24//24 48//48
f 46//46 48//48 47//47
f 45//45 47//47 49//49
f 47//47 48//48 50//50
f 47//47 50//50 49//49
f 48//48 24//24 51//51
f 48//48 51//51 50//50
f 51//51 24//24 52//52
f 52//52 24//24 26//26
f 50//50 51//51 53//53
f 51//51 52//52 54//54
f 51//51 54//54 53//53
f 50//50 53//53 55//55
f 50//50 55//55 49//49
f 53//53 54//54 56//56
f 57//57 45//45 49//49
f 45//45 57//57 44//44
f 44//44 57//57 58//58
f 44//44 58//58 42//42
f 57//57 49//49 59//59
f 57//57 59//59 58//58
f 59//59 49//49 60//60
f 60//60 49//49 55//55
f 58//58 59//59 61//61
f 59//59 60//60 62//62
f 59//59 62//62 61//61
f 58//58 61//61 63//63
f 58//58 63//63 42//42
f 61//61 62//62 64//64
f 42//42 63//63 65//65
f 42//42 65//65 39//39
f 39//39 65//65 40//40
f 63//63 61//61 66//66
f 66//66 61//61 64//64
f 65//65 63//63 67//67
f 67//67 63//63 66//66
f 40//40 65//65 68//68
f 68//68 65//65 67//67
f 40//40 68//68 36//36
f 67//67 66//66 69//69
f 67//67 69//69 68//68
f 66//66 64//64 70//70
f 66//66 70//70 69//69
f 68//68 69//69 71//71
f 68//68 71//71 36//36
f 69//69 70//70 72//72
f 69//69 72//72 71//71
f 36//36 71//71 73//73
f 36//36 73//73 37//37
f 71//71 72//72 74//74
f 71//71 74//74 73//73
f 37//37 73//73 75//75
f 37//37 75//75 9//9
f 75//75 73//73 76//76
f 9//9 75//75 77//77
f 73//73 74//74 78//78
f 73//73 78//78 76//76
f 75//75 76//76 79//79
f 75//75 79//79 77//77
f 79//79 76//76 80//80
f 9//9 77//77 81//81
f 77//77 79//79 82//82
f 9//9 81//81 83//83
f 9//9 83//83 6//6
f 81//81 77//77 84//84
f 84//84 77//77 82//82
f 83//83 81//81 85//85
f 82//82 79//79 86//86
f 86//86 79//79 80//80
f 81//81 84//84 87//87
f 81//81 87//87 85//85
f 87//87 84//84 88//88
f 84//84 82//82 89//89
f 84//84 89//89 88//88
f 82//82 86//86 90//90
f 82//82 90//90 89//89
f 85//85 87//87 91//91
f 90//90 86//86 92//92
f 89//89 90//90 93//93
f 93//93 90//90 94//94
f 94//94 90//90 92//92
f 89//89 93//93 95//95
f 89//89 95//95 88//88
f 95//95 93//93 96//96
f 96//96 93//93 94//94
f 88//88 95//95 97//97
f 98//98 92//92 86//86
f 98//98 86//86 80//80
f 95//95 96//96 99//99
f 95//95 99//99 97//97
f 92//92 98//98 100//100
f 92//92 100//100 101//101
f 92//92 101//101 94//94
f 100//100 98//98 102//102
f 103//103 96//96 94//94
f 102//102 98//98 104//104
f 104//104 98//98 80//80
f 100//100 102//102 105//105
f 100//100 105//105 101//101
f 94//94 101//101 106//106
f 94//94 106//106 103//103
f 106//106 101//101 105//105
f 103//103 106//106 107//107
f 107//107 106//106 105//105
f 108//108 102//102 104//104
f 102//102 108//108 105//105
f 109//109 104//104 80//80
f 109//109 80//80 76//76
f 109//109 76//76 78//78
f 104//104 109//109 110//110
f 104//104 110//110 108//108
f 110//110 109//109 78//78
f 108//108 110//110 111//111
f 108//108 111//111 105//105
f 110//110 78//78 112//112
f 110//110 112//112 111//111
f 112//112 78//78 113//113
f 113//113 78//78 74//74
f 111//111 112//112 114//114
f 111//111 114//114 105//105
f 112//112 113//113 115//115
f 112//112 115//115 114//114
f 113//113 74//74 116//116
f 114//114 115//115 117//117
f 114//114 117//117 105//105
f 115//115 113//113 118//118
f 118//118 113//113 116//116
f 117//117 115//115 119//119
f 119//119 115//115 118//118
f 105//105 117//117 120//120
f 120//120 117//117 119//119
f 121//121 116//116 74//74
f 121//121 74//74 72//72
f 118//118 116//116 122//122
f 121//121 72//72 123//123
f 119//119 118//118 124//124
f 124//124 118//118 122//122
f 123//123 72//72 70//70
f 116//116 121//121 125//125
f 125//125 121//121 123//123
f 116//116 125//125 122//122
f 123//123 70//70 126//126
f 126//126 70//70 64//64
f 125//125 123//123 127//127
f 127//127 123//123 126//126
f 122//122 125//125 128//128
f 128//128 125//125 127//127
f 126//126 64//64 129//129
f 129//129 64//64 62//62
f 127//127 126//126 130//130
f 130//130 126//126 129//129
f 129//129 62//62 131//131
f 127//127 130//130 132//132
f 127//127 132//132 128//128
f 131//131 62//62 60//60
f 130//130 129//129 133//133
f 133//133 129//129 131//131
f 132//132 130//130 134//134
f 134//134 130//130 133//133
f 134//134 133//133 135//135
f 135//135 133//133 131//131
f 131//131 60//60 136//136
f 136//136 60//60 55//55
f 131//131 136//136 137//137
f 131//131 137//137 135//135
f 136//136 55//55 138//138
f 136//136 138//138 137//137
f 138//138 55//55 139//139
f 139//139 55//55 53//53
f 139//139 53//53 56//56
f 138//138 139//139 140//140
f 139//139 56//56 141//141
f 139//139 141//141 140//140
f 137//137 138//138 142//142
f 142//142 138//138 140//140
f 137//137 142//142 143//143
f 137//137 143//143 135//135
f 143//143 142//142 144//144
f 135//135 143//143 145//134
f 142//142 140//140 146//145
f 142//142 146//145 144//144
f 146//145 140//140 147//146
f 143//143 144//144 148//147
f 143//143 148//147 145//134
f 144//144 146//145 149//148
f 149//148 146//145 147//146
f 135//135 145//134 150//149
f 135//135 150//149 134//134
f 145//134 148//147 151//150
f 134//134 150//149 152//151
f 134//134 152//151 132//132
f 150//149 145//134 153//152
f 153//152 145//134 151//150
f 152//151 150//149 154//153
f 154//153 150//149 153//152
f 132//132 152//151 155//154
f 132//132 155//154 128//128
f 152//151 154//153 156//155
f 152//151 156//155 155//154
f 156//155 154//153 157//156
f 157//156 154//153 153//152
f 155//154 156//155 158//157
f 128//128 155//154 159//120
f 159//120 155//154 158//157
f 156//155 157//156 160//158
f 156//155 160//158 158//157
f 157//156 153//152 161//159
f 160//158 157//156 162//160
f 162//160 157//156 161//159
f 161//159 153//152 163//161
f 160//158 162//160 164//162
f 158//157 160//158 165//163
f 165//163 160//158 164//162
f 158//157 165//163 166//164
f 158//157 166//164 159//120
f 163//161 153//152 167//165
f 167//165 153//152 151//150
f 167//165 151//150 168//166
f 167//165 168//166 163//161
f 168//166 151//150 169//167
f 169//167 151//150 148//147
f 163//161 168//166 170//168
f 169//167 148//147 171//169
f 171//169 148//147 144//144
f 168//166 169//167 172//170
f 168//166 172//170 170//168
f 171//169 144//144 173//166
f 173//166 144//144 149//148
f 169//167 171//169 174//171
f 174//171 171//169 173//166
f 172//170 169//167 175//172
f 175//172 169//167 174//171
f 170//168 172//170 176//173
f 176//173 172//170 175//172
f 174//171 173//166 177//174
f 173//166 149//148 178//175
f 173//166 178//175 177//174
f 178//175 149//148 179//176
f 175//172 174//171 180//177
f 180//177 174//171 177//174
f 179//176 149//148 147//146
f 177//174 178//175 181//178
f 178//175 179//176 182//179
f 178//175 182//179 181//178
f 177//174 181//178 183//180
f 181//178 182//179 184//179
f 181//178 184//179 183//180
f 182//179 179//176 185//181
f 184//179 182//179 186//182
f 186//182 182//179 185//181
f 185//181 179//176 187//183
f 187//183 179//176 147//146
f 186//182 185//181 188//184
f 185//181 187//183 189//185
f 185//181 189//185 188//184
f 184//179 186//182 190//186
f 190//186 186//182 188//184
f 187//183 147//146 191//187
f 189//185 187//183 192//188
f 192//188 187//183 191//187
f 188//184 189//185 193//189
f 189//185 192//188 194//190
f 189//185 194//190 193//189
f 192//188 191//187 195//191
f 191//187 147//146 196//192
f 191//187 196//192 195//191
f 196//192 147//146 197//193
f 197//193 147//146 140//140
f 197//193 140//140 198//194
f 197//193 198//194 196//192
f 198//194 140//140 141//141
f 198//194 141//141 199//195
f 199//195 141//141 56//56
f 196//192 198//194 200//196
f 200//196 198//194 199//195
f 199//195 56//56 201//197
f 201//197 56//56 54//54
f 200//196 199//195 202//198
f 202//198 199//195 201//197
f 196//192 200//196 203//199
f 203//199 200//196 202//198
f 196//192 203//199 204//200
f 196//192 204//200 195//191
f 201//197 54//54 205//201
f 205//201 54//54 52//52
f 202//198 201//197 206//54
f 206//54 201//197 205//201
f 203//199 202//198 207//202
f 207//202 202//198 206//54
f 208//203 204//200 203//199
f 208//203 203//199 207//202
f 205//201 52//52 209//204
f 209//204 52//52 26//26
f 206//54 205//201 210//205
f 210//205 205//201 209//204
f 207//202 206//54 211//206
f 211//206 206//54 210//205
f 207//202 211//206 212//207
f 207//202 212//207 208//203
f 209//204 26//26 213//208
f 213//208 26//26 23//23
f 210//205 209//204 214//209
f 214//209 209//204 213//208
f 211//206 210//205 215//210
f 215//210 210//205 214//209
f 216//211 212//207 211//206
f 216//211 211//206 215//210
f 212//207 216//211 217//212
f 214//209 213//208 218//213
f 215//210 214//209 219//214
f 219//214 214//209 218//213
f 216//211 215//210 220//215
f 216//211 220//215 217//212
f 215//210 219//214 221//216
f 215//210 221//216 220//215
f 212//207 217//212 222//217
f 212//207 222//217 208//203
f 217//212 220//215 223//218
f 220//215 221//216 224//219
f 220//215 224//219 223//218
f 217//212 223//218 225//220
f 217//212 225//220 222//217
f 223//218 224//219 226//221
f 225//220 223//218 227//222
f 227//222 223//218 226//221
f 226//221 224//219 228//223
f 228//223 224//219 221//216
f 227//222 226//221 229//224
f 226//221 228//223 230//225
f 226//221 230//225 229//224
f 230//225 228//223 231//226
f 231//226 228//223 221//216
f 229//224 230//225 232//227
f 231//226 221//216 233//228
f 233//228 221//216 219//214
f 230//225 231//226 234//229
f 230//225 234//229 232//227
f 231//226 233//228 235//230
f 231//226 235//230 234//229
f 233//228 219//214 236//231
f 236//231 219//214 218//213
f 235//230 233//228 237//232
f 237//232 233//228 236//231
f 236//231 218//213 238//233
f 236//231 238//233 237//232
f 239//234 232//227 234//229
f 240//235 234//229 235//230
f 234//229 240//235 239//234
f 235//230 237//232 241//236
f 235//230 241//236 240//235
f 241//236 237//232 242//237
f 242//237 237//232 238//233
f 240//235 241//236 243//238
f 239//234 240//235 244//239
f 244//239 240//235 243//238
f 239//234 244//239 245//240
f 243//238 241//236 246//241
f 246//241 241//236 242//237
f 244//239 243//238 247//242
f 244//239 247//242 245//240
f 243//238 246//241 248//243
f 243//238 248//243 247//242
f 246//241 242//237 249//244
f 248//243 246//241 250//245
f 250//245 246//241 249//244
f 248//243 250//245 251//246
f 247//242 248//243 252//247
f 252//247 248//243 251//246
f 247//242 252//247 253//248
f 247//242 253//248 245//240
f 252//247 251//246 254//249
f 253//248 252//247 255//250
f 255//250 252//247 254//249
f 245//240 253//248 256//251
f 256//251 253//248 257//252
f 257//252 253//248 255//250
f 245//240 256//251 258//253
f 256//251 257//252 259//254
f 256//251 259//254 258//253
f 257//252 255//250 260//255
f 259//254 257//252 261//256
f 261//256 257//252 260//255
f 245//240 258//253 262//257
f 245//240 262//257 239//234
f 239//234 262//257 232//227
f 232//227 262//257 263//258
f 263//258 262//257 258//253
f 232//227 263//258 229//224
f 229//224 263//258 264//259
f 229//224 264//259 227//222
f 263//258 258//253 265//260
f 263//258 265//260 264//259
f 265//260 258//253 266//261
f 266//261 258//253 259//254
f 264//259 265//260 267//262
f 227//222 264//259 268//263
f 268//263 264//259 267//262
f 227//222 268//263 225//220
f 267//262 265//260 269//264
f 269//264 265//260 266//261
f 225//220 268//263 270//265
f 225//220 270//265 222//217
f 268//263 267//262 271//266
f 268//263 271//266 270//265
f 267//262 269//264 272//267
f 267//262 272//267 271//266
f 269//264 266//261 273//268
f 273//268 266//261 259//254
f 272//267 269//264 274//269
f 274//269 269//264 273//268
f 270//265 271//266 275//270
f 270//265 275//270 222//217
f 271//266 272//267 276//271
f 271//266 276//271 275//270
f 272//267 274//269 277//272
f 272//267 277//272 276//271
f 274//269 273//268 278//273
f 274//269 278//273 277//272
f 279//274 273//268 259//254
f 273//268 279//274 278//273
f 279//274 259//254 261//256
f 277//272 278//273 280//275
f 278//273 279//274 281//276
f 278//273 281//276 280//275
f 279//274 261//256 282//277
f 279//274 282//277 281//276
f 277//272 280//275 283//278
f 277//272 283//278 276//271
f 280//275 281//276 284//279
f 276//271 283//278 285//280
f 276//271 285//280 275//270
f 283//278 280//275 286//281
f 286//281 280//275 284//279
f 285//280 283//278 287//282
f 287//282 283//278 286//281
f 275//270 285//280 288//283
f 275//270 288//283 222//217
f 222//217 288//283 208//203
f 288//283 285//280 289//284
f 289//284 285//280 287//282
f 208//203 288//283 290//285
f 290//285 288//283 289//284
f 208//203 290//285 204//200
f 204//200 290//285 291//286
f 291//286 290//285 289//284
f 204//200 291//286 195//191
f 289//284 287//282 292//287
f 291//286 289//284 293//288
f 293//288 289//284 292//287
f 195//191 291//286 294//289
f 294//289 291//286 293//288
f 195//191 294//289 192//188
f 292//287 287//282 295//290
f 295//290 287//282 286//281
f 293//288 292//287 296//291
f 296//291 292//287 295//290
f 192//188 294//289 297//292
f 192//188 297//292 194//190
f 294//289 293//288 298//293
f 294//289 298//293 297//292
f 293//288 296//291 299//294
f 293//288 299//294 298//293
f 194//190 297//292 300//295
f 194//190 300//295 193//189
f 297//292 298//293 301//296
f 297//292 301//296 300//295
f 298//293 299//294 302//297
f 298//293 302//297 301//296
f 303//298 299//294 296//291
f 193//189 300//295 304//299
f 299//294 303//298 305//300
f 299//294 305//300 302//297
f 303//298 296//291 306//301
f 306//301 296//291 295//290
f 305//300 303//298 307//302
f 303//298 306//301 308//303
f 303//298 308//303 307//302
f 306//301 295//290 309//304
f 309//304 295//290 286//281
f 309//304 286//281 284//279
f 306//301 309//304 310//305
f 306//301 310//305 308//303
f 309//304 284//279 311//306
f 309//304 311//306 310//305
f 311//306 284//279 312//307
f 312//307 284//279 281//276
f 312//307 281//276 282//277
f 311//306 312//307 313//308
f 313//308 312//307 282//277
f 310//305 311//306 314//309
f 314//309 311//306 313//308
f 315//310 308//303 310//305
f 310//305 314//309 316//311
f 310//305 316//311 315//310
f 314//309 313//308 317//312
f 313//308 282//277 318//313
f 313//308 318//313 317//312
f 318//313 282//277 319//314
f 319//314 282//277 261//256
f 317//312 318//313 320//315
f 321//316 316//311 314//309
f 314//309 317//312 322//317
f 314//309 322//317 321//316
f 322//317 317//312 323//318
f 323//318 317//312 320//315
f 321//316 322//317 324//319
f 324//319 322//317 323//318
f 316//311 321//316 325//320
f 316//311 325//320 315//310
f 321//316 324//319 326//321
f 321//316 326//321 325//320
f 324//319 323//318 327//322
f 326//321 324//319 328//323
f 328//323 324//319 327//322
f 327//322 323//318 329//324
f 329//324 323//318 320//315
f 328//323 327//322 330//325
f 326//321 328//323 331//326
f 331//326 328//323 330//325
f 326//321 331//326 332//327
f 326//321 332//327 325//320
f 332//327 331//326 333//328
f 333//328 331//326 330//325
f 332//327 333//328 334//329
f 334//329 333//328 330//325
f 325//320 332//327 335//330
f 335//330 332//327 334//329
f 335//330 334//329 336//331
f 336//331 334//329 330//325
f 325//320 335//330 337//332
f 335//330 336//331 338//333
f 335//330 338//333 337//332
f 338//333 336//331 339//334
f 339//334 336//331 330//325
f 325//320 337//332 340//335
f 325//320 340//335 315//310
f 337//332 338//333 341//336
f 340//335 337//332 342//337
f 342//337 337//332 341//336
f 340//335 342//337 343//338
f 340//335 343//338 315//310
f 342//337 341//336 344//339
f 341//336 338//333 345//340
f 345//340 338//333 339//334
f 341//336 345//340 346//341
f 341//336 346//341 344//339
f 345//340 339//334 347//342
f 347//342 339//334 330//325
f 346//341 345//340 348//343
f 348//343 345//340 347//342
f 347//342 330//325 349//344
f 347//342 349//344 348//343
f 349//344 330//325 350//345
f 348//343 349//344 351//346
f 351//346 349//344 350//345
f 346//341 348//343 352//347
f 352//347 348//343 351//346
f 346//341 352//347 353//348
f 346//341 353//348 344//339
f 350//345 330//325 354//349
f 354//349 330//325 327//322
f 354//349 327//322 329//324
f 353//348 352//347 355//350
f 354//349 329//324 356//351
f 356//351 329//324 320//315
f 356//351 320//315 357//352
f 357//352 320//315 318//313
f 357//352 318//313 319//314
f 356//351 357//352 358//353
f 356//351 358//353 354//349
f 357//352 319//314 359//354
f 357//352 359//354 358//353
f 358//353 359//354 360//355
f 358//353 360//355 354//349
f 359//354 319//314 361//356
f 360//355 359//354 362//357
f 362//357 359//354 361//356
f 361//356 319//314 363//358
f 363//358 319//314 261//256
f 363//358 261//256 260//255
f 361//356 363//358 364//359
f 361//356 364//359 362//357
f 363//358 260//255 365//360
f 363//358 365//360 364//359
f 365//360 260//255 366//361
f 366//361 260//255 255//250
f 364//359 365//360 367//362
f 362//357 364//359 368//363
f 368//363 364//359 367//362
f 369//364 360//355 362//357
f 369//364 362//357 368//363
f 360//355 369//364 354//349
f 369//364 368//363 370//365
f 369//364 370//365 354//349
f 368//363 367//362 371//366
f 368//363 371//366 370//365
f 372//367 367//362 365//360
f 372//367 365//360 366//361
f 371//366 367//362 373//368
f 373//368 367//362 372//367
f 370//365 371//366 374//369
f 370//365 374//369 354//349
f 371//366 373//368 375//370
f 371//366 375//370 374//369
f 373//368 372//367 376//371
f 354//349 374//369 377//372
f 377//372 374//369 375//370
f 354//349 377//372 378//373
f 354//349 378//373 350//345
f 377//372 375//370 379//374
f 377//372 379//374 378//373
f 380//375 375//370 373//368
f 380//375 373//368 376//371
f 350//345 378//373 381//376
f 381//376 378//373 379//374
f 350//345 381//376 351//346
f 379//374 375//370 382//377
f 382//377 375//370 380//375
f 381//376 379//374 383//378
f 383//378 379//374 382//377
f 351//346 381//376 384//379
f 384//379 381//376 383//378
f 382//377 380//375 385//380
f 385//380 380//375 376//371
f 383//378 382//377 386//381
f 386//381 382//377 385//380
f 384//379 383//378 387//382
f 387//382 383//378 386//381
f 351//346 384//379 388//383
f 351//346 388//383 352//347
f 352//347 388//383 355//350
f 388//383 384//379 389//384
f 389//384 384//379 387//382
f 355//350 388//383 390//385
f 390//385 388//383 389//384
f 390//385 389//384 391//386
f 355//350 390//385 392//387
f 392//387 390//385 391//386
f 355//350 392//387 393//388
f 355//350 393//388 353//348
f 389//384 387//382 394//389
f 389//384 394//389 391//386
f 353//348 393//388 395//390
f 353//348 395//390 344//339
f 393//388 392//387 396//391
f 344//339 395//390 397//392
f 344//339 397//392 342//337
f 342//337 397//392 343//338
f 398//393 392//387 391//386
f 392//387 398//393 396//391
f 399//394 395//390 393//388
f 399//394 393//388 396//391
f 400//395 397//392 395//390
f 400//395 395//390 399//394
f 401//396 343//338 397//392
f 401//396 397//392 400//395
f 343//338 401//396 402//397
f 400//395 399//394 403//398
f 401//396 400//395 404//399
f 404//399 400//395 403//398
f 403//398 399//394 405//400
f 405//400 399//394 396//391
f 405//400 396//391 406//401
f 403//398 405//400 407//402
f 405//400 406//401 408//403
f 405//400 408//403 407//402
f 403//398 407//402 409//404
f 403//398 409//404 404//399
f 406//401 396//391 410//405
f 406//401 410//405 408//403
f 410//405 396//391 411//406
f 411//406 396//391 398//393
f 410//405 411//406 412//407
f 411//406 398//393 413//408
f 411//406 413//408 412//407
f 410//405 412//407 414//409
f 410//405 414//409 408//403
f 412//407 413//408 415//410
f 414//409 412//407 416//411
f 416//411 412//407 415//410
f 408//403 414//409 417//412
f 417//412 414//409 416//411
f 418//413 413//408 398//393
f 415//410 413//408 419//414
f 419//414 413//408 418//413
f 418//413 398//393 420//415
f 420//415 398//393 391//386
f 420//415 391//386 421//416
f 421//416 391//386 394//389
f 418//413 420//415 422//417
f 422//417 420//415 421//416
f 419//414 418//413 423//418
f 423//418 418//413 422//417
f 419//414 423//418 424//419
f 422//417 421//416 425//420
f 423//418 422//417 426//421
f 426//421 422//417 425//420
f 423//418 426//421 427//422
f 423//418 427//422 424//419
f 419//414 424//419 428//423
f 419//414 428//423 415//410
f 425//420 421//416 429//424
f 415//410 428//423 430//425
f 415//410 430//425 416//411
f 428//423 424//419 431//426
f 416//411 430//425 432//427
f 430//425 428//423 433//428
f 433//428 428//423 431//426
f 430//425 433//428 434//429
f 430//425 434//429 432//427
f 416//411 432//427 417//412
f 431//426 424//419 435//430
f 435//430 424//419 427//422
f 433//428 431//426 436//431
f 431//426 435//430 437//432
f 431//426 437//432 436//431
f 433//428 436//431 438//433
f 433//428 438//433 434//429
f 436//431 437//432 439//434
f 438//433 436//431 440//435
f 440//435 436//431 439//434
f 439//434 437//432 441//436
f 442//437 437//432 435//430
f 437//432 442//437 441//436
f 442//437 435//430 443//438
f 443//438 435//430 427//422
f 443//438 427//422 444//439
f 444//439 427//422 426//421
f 442//437 443//438 445//440
f 441//436 442//437 446//441
f 446//441 442//437 445//440
f 445//440 443//438 447//442
f 447//442 443//438 444//439
f 444//439 426//421 448//443
f 448//443 426//421 425//420
f 448//443 425//420 429//424
f 444//439 448//443 449//444
f 444//439 449//444 447//442
f 449//444 448//443 450//445
f 450//445 448//443 429//424
f 447//442 449//444 451//446
f 449//444 450//445 452//447
f 449//444 452//447 451//446
f 447//442 451//446 453//448
f 447//442 453//448 445//440
f 451//446 452//447 454//449
f 445//440 453//448 455//450
f 445//440 455//450 446//441
f 453//448 451//446 456//451
f 456//451 451//446 454//449
f 455//450 453//448 457//452
f 457//452 453//448 456//451
f 454//449 452//447 458//453
f 456//451 454//449 459//454
f 459//454 454//449 458//453
f 457//452 456//451 460//455
f 460//455 456//451 459//454
f 457//452 460//455 461//456
f 455//450 457//452 462//457
f 462//457 457//452 461//456
f 455//450 462//457 463//458
f 455//450 463//458 446//441
f 446//441 463//458 464//459
f 446//441 464//459 441//436
f 463//458 462//457 465//460
f 441//436 464//459 466//461
f 441//436 466//461 439//434
f 464//459 463//458 467//462
f 467//462 463//458 465//460
f 466//461 464//459 468//463
f 468//463 464//459 467//462
f 439//434 466//461 469//464
f 439//434 469//464 440//435
f 466//461 468//463 470//465
f 466//461 470//465 469//464
f 440//435 469//464 471//466
f 469//464 470//465 472//467
f 469//464 472//467 471//466
f 440//435 471//466 473//468
f 440//435 473//468 438//433
f 438//433 473//468 474//469
f 438//433 474//469 434//429
f 473//468 471//466 475//470
f 434//429 474//469 476//471
f 434//429 476//471 432//427
f 474//469 473//468 477//472
f 477//472 473//468 475//470
f 476//471 474//469 478//473
f 478//473 474//469 477//472
f 432//427 476//471 479//474
f 432//427 479//474 417//412
f 476//471 478//473 480//475
f 476//471 480//475 479//474
f 478//473 477//472 481//476
f 478//473 481//476 480//475
f 479//474 480//475 482//477
f 479//474 482//477 417//412
f 483//478 477//472 475//470
f 477//472 483//478 481//476
f 483//478 475//470 484//479
f 480//475 481//476 485//480
f 486//481 475//470 471//466
f 475//470 486//481 484//479
f 486//481 471//466 472//467
f 481//476 483//478 487//482
f 483//478 484//479 488//483
f 483//478 488//483 487//482
f 484//479 486//481 489//484
f 488//483 484//479 490//485
f 490//485 484//479 489//484
f 487//482 488//483 491//486
f 491//486 488//483 490//485
f 481//476 487//482 492//487
f 481//476 492//487 485//480
f 487//482 491//486 493//488
f 487//482 493//488 492//487
f 491//486 490//485 494//489
f 491//486 494//489 493//488
f 495//490 490//485 489//484
f 496//491 489//484 486//481
f 489//484 496//491 495//490
f 496//491 486//481 472//467
f 490//485 495//490 497//492
f 490//485 497//492 494//489
f 496//491 472//467 498//493
f 498//493 472//467 470//465
f 495//490 496//491 499//494
f 499//494 496//491 498//493
f 497//492 495//490 500//495
f 500//495 495//490 499//494
f 494//489 497//492 501//496
f 501//496 497//492 500//495
f 498//493 470//465 502//497
f 502//497 470//465 468//463
f 499//494 498//493 503//498
f 503//498 498//493 502//497
f 500//495 499//494 504//499
f 504//499 499//494 503//498
f 500//495 504//499 505//500
f 500//495 505//500 501//496
f 504//499 503//498 506//501
f 504//499 506//501 505//500
f 503//498 502//497 507//502
f 501//496 505//500 508//503
f 509//504 502//497 468//463
f 502//497 509//504 507//502
f 509//504 468//463 467//462
f 503//498 507//502 510//505
f 503//498 510//505 506//501
f 507//502 509//504 511//506
f 510//505 507//502 512//507
f 512//507 507//502 511//506
f 506//501 510//505 513//508
f 513//508 510//505 512//507
f 509//504 467//462 514//509
f 509//504 514//509 511//506
f 514//509 467//462 515//510
f 506//501 513//508 516//511
f 512//507 511//506 517//512
f 511//506 514//509 518//513
f 511//506 518//513 517//512
f 518//513 514//509 519//514
f 519//514 514//509 515//510
f 520//515 513//508 512//507
f 520//515 512//507 517//512
f 513//508 520//515 521//516
f 513//508 521//516 516//511
f 520//515 517//512 522//517
f 523//518 517//512 518//513
f 517//512 523//518 522//517
f 523//518 518//513 524//519
f 524//519 518//513 519//514
f 521//516 520//515 525//520
f 525//520 520//515 522//517
f 524//519 519//514 526//521
f 521//516 525//520 527//522
f 522//517 523//518 528//523
f 523//518 524//519 529//524
f 523//518 529//524 528//523
f 529//524 524//519 530//525
f 530//525 524//519 526//521
f 525//520 522//517 531//526
f 531//526 522//517 528//523
f 525//520 531//526 532//527
f 525//520 532//527 527//522
f 532//527 531//526 533//528
f 532//527 533//528 527//522
f 531//526 528//523 534//529
f 531//526 534//529 533//528
f 534//529 528//523 535//530
f 535//530 528//523 529//524
f 535//530 529//524 536//531
f 536//531 529//524 530//525
f 534//529 535//530 537//532
f 533//528 534//529 538//533
f 538//533 534//529 537//532
f 537//532 535//530 539//534
f 539//534 535//530 536//531
f 538//533 537//532 540//535
f 537//532 539//534 541//536
f 537//532 541//536 540//535
f 539//534 536//531 542//537
f 541//536 539//534 543//538
f 543//538 539//534 542//537
f 542//537 536//531 544//539
f 544//539 536//531 530//525
f 543//538 542//537 545//540
f 544//539 530//525 546//541
f 542//537 544//539 547//542
f 542//537 547//542 545//540
f 547//542 544//539 548//543
f 548//543 544//539 546//541
f 546//541 530//525 526//521
f 547//542 548//543 549//544
f 545//540 547//542 550//545
f 550//545 547//542 549//544
f 548//543 546//541 551//546
f 545//540 550//545 552//547
f 546//541 526//521 553//548
f 546//541 553//548 551//546
f 553//548 526//521 554//549
f 548//543 551//546 555//550
f 548//543 555//550 549//544
f 554//549 526//521 556//551
f 556//551 526//521 519//514
f 556//551 519//514 515//510
f 554//549 556//551 557//552
f 554//549 557//552 553//548
f 556//551 515//510 558//553
f 556//551 558//553 557//552
f 558//553 515//510 559//554
f 559//554 515//510 467//462
f 559//554 467//462 465//460
f 553//548 557//552 560//555
f 553//548 560//555 551//546
f 557//552 558//553 561//556
f 551//546 560//555 562//557
f 551//546 562//557 555//550
f 560//555 557//552 563//558
f 563//558 557//552 561//556
f 562//557 560//555 564//559
f 564//559 560//555 563//558
f 561//556 558//553 565//560
f 565//560 558//553 559//554
f 563//558 561//556 566//561
f 564//559 563//558 567//562
f 567//562 563//558 566//561
f 566//561 561//556 568//563
f 568//563 561//556 565//560
f 565//560 559//554 569//564
f 569//564 559//554 465//460
f 568//563 565//560 570//565
f 570//565 565//560 569//564
f 566//561 568//563 571//566
f 569//564 465//460 572//567
f 572//567 465//460 462//457
f 572//567 462//457 461//456
f 569//564 572//567 573//568
f 569//564 573//568 570//565
f 572//567 461//456 574//569
f 572//567 574//569 573//568
f 575//570 568//563 570//565
f 568//563 575//570 571//566
f 570//565 573//568 576//571
f 570//565 576//571 575//570
f 573//568 574//569 577//572
f 573//568 577//572 576//571
f 578//573 574//569 461//456
f 574//569 578//573 577//572
f 576//571 577//572 579//574
f 575//570 576//571 580//575
f 580//575 576//571 579//574
f 579//574 577//572 581//576
f 581//576 577//572 578//573
f 578//573 461//456 582//577
f 582//577 461//456 460//455
f 575//570 580//575 583//578
f 575//570 583//578 571//566
f 583//578 580//575 584//579
f 582//577 460//455 585//580
f 585//580 460//455 459//454
f 578//573 582//577 586//581
f 586//581 582//577 585//580
f 578//573 586//581 587//582
f 578//573 587//582 581//576
f 585//580 459//454 588//583
f 588//583 459//454 458//453
f 586//581 585//580 589//584
f 589//584 585//580 588//583
f 587//582 586//581 590//585
f 590//585 586//581 589//584
f 589//584 588//583 591//586
f 591//586 588//583 458//453
f 590//585 589//584 592//587
f 592//587 589//584 591//586
f 587//582 590//585 593//588
f 587//582 593//588 594//589
f 587//582 594//589 581//576
f 593//588 590//585 595//590
f 581//576 594//589 596//591
f 581//576 596//591 579//574
f 594//589 593//588 597//592
f 597//592 593//588 595//590
f 596//591 594//589 598//593
f 598//593 594//589 597//592
f 579//574 596//591 599//594
f 579//574 599//594 580//575
f 580//575 599//594 584//579
f 599//594 596//591 600//595
f 600//595 596//591 598//593
f 584//579 599//594 601//596
f 601//596 599//594 600//595
f 584//579 601//596 583//578
f 583//578 601//596 602//597
f 583//578 602//597 571//566
f 601//596 600//595 603//598
f 600//595 598//593 604//599
f 600//595 604//599 603//598
f 604//599 598//593 605//600
f 605//600 598//593 597//592
f 571//566 602//597 606//601
f 571//566 606//601 566//561
f 566//561 606//601 567//562
f 605//600 597//592 607//602
f 607//602 597//592 595//590
f 604//599 605//600 608//603
f 605//600 607//602 609//604
f 605//600 609//604 608//603
f 604//599 608//603 610//605
f 604//599 610//605 603//598
f 608//603 609//604 611//606
f 610//605 608//603 612//607
f 612//607 608//603 611//606
f 610//605 612//607 613//608
f 603//598 610//605 614//609
f 614//609 610//605 613//608
f 603//598 614//609 615//610
f 603//598 615//610 601//596
f 601//596 615//610 602//597
f 602//597 615//610 616//611
f 602//597 616//611 606//601
f 615//610 614//609 617//612
f 615//610 617//612 616//611
f 614//609 613//608 618//613
f 614//609 618//613 617//612
f 606//601 616//611 619//614
f 606//601 619//614 567//562
f 616//611 617//612 620//615
f 616//611 620//615 619//614
f 617//612 618//613 621//616
f 617//612 621//616 620//615
f 622//617 618//613 613//608
f 621//616 618//613 623//618
f 623//618 618//613 622//617
f 621//616 623//618 624//619
f 620//615 621//616 625//620
f 625//620 621//616 624//619
f 620//615 625//620 626//621
f 620//615 626//621 619//614
f 627//622 567//562 619//614
f 627//622 619//614 626//621
f 567//562 627//622 564//559
f 628//623 624//619 623//618
f 628//623 623//618 622//617
f 564//559 627//622 629//624
f 564//559 629//624 562//557
f 627//622 626//621 630//625
f 627//622 630//625 629//624
f 630//625 626//621 631//626
f 631//626 626//621 625//620
f 562//557 629//624 632//627
f 562//557 632//627 555//550
f 629//624 630//625 633//628
f 629//624 633//628 632//627
f 630//625 631//626 634//629
f 630//625 634//629 633//628
f 631//626 625//620 635//630
f 635//630 625//620 624//619
f 634//629 631//626 636//631
f 636//631 631//626 635//630
f 633//628 634//629 637//632
f 634//629 636//631 638//633
f 634//629 638//633 637//632
f 635//630 624//619 639//634
f 639//634 624//619 628//623
f 636//631 635//630 640//635
f 640//635 635//630 639//634
f 638//633 636//631 641//636
f 641//636 636//631 640//635
f 637//632 638//633 642//637
f 639//634 628//623 643//638
f 638//633 641//636 644//639
f 638//633 644//639 642//637
f 640//635 639//634 645//640
f 645//640 639//634 643//638
f 641//636 640//635 646//641
f 646//641 640//635 645//640
f 644//639 641//636 647//642
f 647//642 641//636 646//641
f 646//641 645//640 648//643
f 647//642 646//641 649//644
f 649//644 646//641 648//643
f 648//643 645//640 650//645
f 650//645 645//640 643//638
f 649//644 648//643 651//646
f 651//646 648//643 650//645
f 647//642 649//644 652//647
f 649//644 651//646 653//648
f 649//644 653//648 652//647
f 647//642 652//647 654//649
f 647//642 654//649 644//639
f 652//647 653//648 655//650
f 644//639 654//649 656//651
f 653//648 651//646 657//652
f 653//648 657//652 655//650
f 644//639 656//651 642//637
f 657//652 651//646 658//653
f 658//653 651//646 650//645
f 658//653 650//645 659//654
f 659//654 650//645 643//638
f 657//652 658//653 660//655
f 655//650 657//652 661//656
f 661//656 657//652 660//655
f 660//655 658//653 662//657
f 662//657 658//653 659//654
f 661//656 660//655 663//658
f 660//655 662//657 664//659
f 660//655 664//659 663//658
f 662//657 659//654 665//660
f 664//659 662//657 666//661
f 666//661 662//657 665//660
f 664//659 666//661 667//662
f 663//658 664//659 668//663
f 668//663 664//659 667//662
f 668//663 667//662 249//244
f 249//244 667//662 250//245
f 250//245 667//662 669//664
f 669//664 667//662 666//661
f 250//245 669//664 251//246
f 670//665 666//661 665//660
f 666//661 670//665 669//664
f 251//246 669//664 671//666
f 671//666 669//664 670//665
f 251//246 671//666 254//249
f 672//667 668//663 249//244
f 672//667 249//244 242//237
f 668//663 672//667 673//668
f 668//663 673//668 663//658
f 672//667 242//237 674//669
f 673//668 672//667 675//670
f 675//670 672//667 674//669
f 674//669 242//237 238//233
f 663//658 673//668 676//671
f 663//658 676//671 661//656
f 676//671 673//668 677//672
f 677//672 673//668 675//670
f 661//656 676//671 678//673
f 661//656 678//673 655//650
f 676//671 677//672 679//674
f 676//671 679//674 678//673
f 655//650 678//673 680//675
f 655//650 680//675 652//647
f 652//647 680//675 654//649
f 680//675 678//673 681//676
f 681//676 678//673 679//674
f 654//649 680//675 682//677
f 682//677 680//675 681//676
f 654//649 682//677 656//651
f 681//676 679//674 683//678
f 682//677 681//676 684//679
f 684//679 681//676 683//678
f 683//678 679//674 685//680
f 685//680 679//674 677//672
f 656//651 682//677 686//681
f 686//681 682//677 684//679
f 656//651 686//681 687//682
f 656//651 687//682 642//637
f 685//680 677//672 688//683
f 688//683 677//672 675//670
f 642//637 687//682 689//684
f 642//637 689//684 637//632
f 637//632 689//684 690//685
f 637//632 690//685 633//628
f 633//628 690//685 632//627
f 632//627 690//685 691//686
f 691//686 690//685 689//684
f 632//627 691//686 555//550
f 555//550 691//686 549//544
f 692//687 689//684 687//682
f 689//684 692//687 691//686
f 549//544 691//686 693//688
f 549//544 693//688 550//545
f 691//686 692//687 694//689
f 691//686 694//689 693//688
f 550//545 693//688 695//690
f 695//690 693//688 694//689
f 550//545 695//690 552//547
f 696//691 692//687 687//682
f 696//691 687//682 686//681
f 694//689 692//687 697//692
f 697//692 692//687 696//691
f 695//690 694//689 698//693
f 698//693 694//689 697//692
f 552//547 695//690 699//694
f 699//694 695//690 698//693
f 696//691 686//681 700//695
f 700//695 686//681 684//679
f 697//692 696//691 701//696
f 701//696 696//691 700//695
f 698//693 697//692 702//697
f 702//697 697//692 701//696
f 699//694 698//693 703//698
f 703//698 698//693 702//697
f 700//695 684//679 704//699
f 704//699 684//679 683//678
f 701//696 700//695 705//700
f 705//700 700//695 704//699
f 702//697 701//696 706//701
f 706//701 701//696 705//700
f 703//698 702//697 707//702
f 707//702 702//697 706//701
f 704//699 683//678 708//703
f 708//703 683//678 685//680
f 705//700 704//699 709//704
f 709//704 704//699 708//703
f 706//701 705//700 710//705
f 710//705 705//700 709//704
f 707//702 706//701 711//706
f 711//706 706//701 710//705
f 708//703 685//680 712//707
f 712//707 685//680 688//683
f 709//704 708//703 713//708
f 713//708 708//703 712//707
f 710//705 709//704 714//709
f 714//709 709//704 713//708
f 711//706 710//705 715//710
f 715//710 710//705 714//709
f 711//706 715//710 716//711
f 713//708 712//707 717//712
f 714//709 713//708 718//713
f 718//713 713//708 717//712
f 715//710 714//709 719//714
f 719//714 714//709 718//713
f 715//710 719//714 720//715
f 715//710 720//715 716//711
f 717//712 712//707 721//716
f 721//716 712//707 688//683
f 718//713 717//712 722//717
f 719//714 718//713 723//718
f 723//718 718//713 722//717
f 719//714 723//718 724//719
f 719//714 724//719 720//715
f 721//716 688//683 725//720
f 725//720 688//683 675//670
f 721//716 725//720 726//721
f 727//722 717//712 721//716
f 727//722 721//716 726//721
f 717//712 727//722 722//717
f 726//721 725//720 728//723
f 726//721 728//723 727//722
f 725//720 675//670 729//724
f 725//720 729//724 728//723
f 729//724 675//670 674//669
f 727//722 728//723 730//725
f 727//722 730//725 722//717
f 728//723 729//724 731//726
f 728//723 731//726 730//725
f 729//724 674//669 732//727
f 729//724 732//727 731//726
f 732//727 674//669 238//233
f 730//725 731//726 733//728
f 722//717 730//725 734//729
f 734//729 730//725 733//728
f 722//717 734//729 735//730
f 722//717 735//730 723//718
f 735//730 734//729 14//14
f 736//731 731//726 732//727
f 731//726 736//731 733//728
f 736//731 732//727 737//732
f 733//728 736//731 738//733
f 737//732 732//727 739//734
f 739//734 732//727 238//233
f 736//731 737//732 740//735
f 740//735 737//732 739//734
f 736//731 740//735 738//733
f 739//734 238//233 741//736
f 739//734 741//736 740//735
f 741//736 238//233 218//213
f 738//733 740//735 742//737
f 738//733 742//737 733//728
f 740//735 741//736 743//204
f 743//204 741//736 218//213
f 743//204 218//213 213//208
f 743//204 213//208 23//23
f 740//735 743//204 744//738
f 744//738 743//204 23//23
f 740//735 744//738 742//737
f 744//738 23//23 21//21
f 744//738 21//21 742//737
f 742//737 21//21 733//728
f 733//728 21//21 734//729
f 734//729 21//21 14//14
f 745//739 735//730 14//14
f 745//739 14//14 11//11
f 735//730 745//739 746//740
f 735//730 746//740 723//718
f 723//718 746//740 724//719
f 745//739 11//11 747//741
f 747//741 11//11 8//8
f 746//740 745//739 748//742
f 748//742 745//739 747//741
f 724//719 746//740 749//743
f 749//743 746//740 748//742
f 724//719 749//743 750//744
f 724//719 750//744 720//715
f 747//741 8//8 751//745
f 751//745 8//8 6//6
f 751//745 6//6 83//83
f 747//741 751//745 752//746
f 747//741 752//746 748//742
f 751//745 83//83 753//747
f 751//745 753//747 752//746
f 753//747 83//83 85//85
f 748//742 752//746 754//748
f 748//742 754//748 749//743
f 752//746 753//747 755//749
f 752//746 755//749 754//748
f 753//747 85//85 756//750
f 753//747 756//750 755//749
f 756//750 85//85 91//91
f 749//743 754//748 757//751
f 749//743 757//751 750//744
f 754//748 755//749 758//752
f 754//748 758//752 757//751
f 755//749 756//750 759//753
f 755//749 759//753 758//752
f 759//753 756//750 760//754
f 760//754 756//750 91//91
f 758//752 759//753 761//755
f 757//751 758//752 762//756
f 762//756 758//752 761//755
f 763//757 750//744 757//751
f 763//757 757//751 762//756
f 750//744 763//757 764//758
f 750//744 764//758 720//715
f 720//715 764//758 716//711
f 765//759 761//755 759//753
f 765//759 759//753 760//754
f 766//760 762//756 761//755
f 761//755 765//759 767//761
f 761//755 767//761 766//760
f 762//756 766//760 768//762
f 766//760 767//761 769//763
f 766//760 769//763 768//762
f 767//761 765//759 770//764
f 767//761 770//764 769//763
f 771//765 765//759 760//754
f 765//759 771//765 770//764
f 771//765 760//754 772//766
f 772//766 760//754 91//91
f 770//764 771//765 773//767
f 769//763 770//764 774//768
f 774//768 770//764 773//767
f 771//765 772//766 775//769
f 771//765 775//769 773//767
f 772//766 91//91 776//770
f 775//769 772//766 777//771
f 777//771 772//766 776//770
f 776//770 91//91 778//772
f 778//772 91//91 87//87
f 778//772 87//87 88//88
f 776//770 778//772 779//773
f 776//770 779//773 777//771
f 778//772 88//88 780//774
f 778//772 780//774 779//773
f 780//774 88//88 97//97
f 777//771 779//773 781//775
f 779//773 780//774 782//776
f 779//773 782//776 781//775
f 780//774 97//97 783//777
f 780//774 783//777 782//776
f 777//771 781//775 784//778
f 777//771 784//778 775//769
f 781//775 782//776 785//779
f 784//778 781//775 786//780
f 786//780 781//775 785//779
f 775//769 784//778 787//781
f 775//769 787//781 773//767
f 784//778 786//780 788//782
f 784//778 788//782 787//781
f 785//779 782//776 789//783
f 789//783 782//776 783//777
f 773//767 787//781 790//784
f 785//779 789//783 791//785
f 773//767 790//784 774//768
f 789//783 783//777 792//786
f 790//784 787//781 793//787
f 793//787 787//781 788//782
f 774//768 790//784 794//788
f 790//784 793//787 795//789
f 790//784 795//789 794//788
f 794//788 795//789 540//535
f 540//535 795//789 538//533
f 538//533 795//789 796//790
f 796//790 795//789 793//787
f 538//533 796//790 533//528
f 797//791 793//787 788//782
f 793//787 797//791 796//790
f 533//528 796//790 798//792
f 798//792 796//790 797//791
f 533//528 798//792 527//522
f 797//791 788//782 799//793
f 799//793 788//782 786//780
f 798//792 797//791 800//794
f 800//794 797//791 799//793
f 527//522 798//792 801//795
f 801//795 798//792 800//794
f 527//522 801//795 521//516
f 521//516 801//795 516//511
f 799//793 786//780 802//796
f 802//796 786//780 785//779
f 802//796 785//779 791//785
f 799//793 802//796 803//797
f 799//793 803//797 800//794
f 801//795 800//794 804//798
f 801//795 804//798 516//511
f 804//798 800//794 803//797
f 516//511 804//798 805//799
f 516//511 805//799 506//501
f 506//501 805//799 505//500
f 505//500 805//799 508//503
f 805//799 804//798 806//800
f 806//800 804//798 803//797
f 805//799 806//800 508//503
f 806//800 803//797 807//801
f 806//800 807//801 508//503
f 807//801 803//797 802//796
f 807//801 802//796 791//785
f 508//503 807//801 808//802
f 808//802 807//801 791//785
f 508//503 808//802 809//803
f 508//503 809//803 501//496
f 501//496 809//803 494//489
f 808//802 791//785 810//804
f 808//802 810//804 809//803
f 810//804 791//785 789//783
f 494//489 809//803 811//805
f 811//805 809//803 810//804
f 494//489 811//805 493//488
f 810//804 789//783 792//786
f 810//804 792//786 811//805
f 493//488 811//805 812//806
f 812//806 811//805 792//786
f 493//488 812//806 492//487
f 812//806 792//786 813//807
f 813//807 792//786 783//777
f 813//807 783//777 97//97
f 492//487 812//806 814//808
f 814//808 812//806 813//807
f 492//487 814//808 485//480
f 813//807 97//97 815//809
f 813//807 815//809 814//808
f 815//809 97//97 99//99
f 485//480 814//808 816//810
f 816//810 814//808 815//809
f 485//480 816//810 817//811
f 485//480 817//811 480//475
f 816//810 815//809 818//812
f 816//810 818//812 817//811
f 818//812 815//809 99//99
f 480//475 817//811 482//477
f 818//812 99//99 819//813
f 819//813 99//99 96//96
f 819//813 96//96 103//103
f 817//811 818//812 820//814
f 817//811 820//814 482//477
f 818//812 819//813 821//815
f 818//812 821//815 820//814
f 819//813 103//103 822//816
f 819//813 822//816 821//815
f 822//816 103//103 107//107
f 821//815 822//816 823//817
f 822//816 107//107 824//818
f 822//816 824//818 823//817
f 824//818 107//107 105//105
f 825//819 820//814 821//815
f 825//819 821//815 823//817
f 820//814 825//819 826//820
f 820//814 826//820 482//477
f 824//818 105//105 827//821
f 827//821 105//105 120//120
f 828//822 823//817 824//818
f 828//822 824//818 827//821
f 482//477 826//820 829//823
f 482//477 829//823 417//412
f 417//412 829//823 408//403
f 829//823 826//820 830//824
f 830//824 826//820 825//819
f 408//403 829//823 831//825
f 831//825 829//823 830//824
f 408//403 831//825 407//402
f 830//824 825//819 832//826
f 832//826 825//819 823//817
f 831//825 830//824 833//827
f 833//827 830//824 832//826
f 407//402 831//825 834//828
f 834//828 831//825 833//827
f 407//402 834//828 409//404
f 832//826 823//817 835//829
f 835//829 823//817 828//822
f 833//827 832//826 836//830
f 836//830 832//826 835//829
f 834//828 833//827 837//831
f 837//831 833//827 836//830
f 409//404 834//828 838//832
f 838//832 834//828 837//831
f 835//829 828//822 839//833
f 839//833 828//822 827//821
f 836//830 835//829 840//834
f 840//834 835//829 839//833
f 837//831 836//830 841//835
f 841//835 836//830 840//834
f 840//834 839//833 842//836
f 842//836 839//833 827//821
f 841//835 840//834 843//837
f 843//837 840//834 842//836
f 837//831 841//835 844//838
f 837//831 844//838 838//832
f 841//835 843//837 845//839
f 841//835 845//839 844//838
f 843//837 842//836 846//840
f 846//840 842//836 827//821
f 845//839 843//837 847//841
f 847//841 843//837 846//840
f 844//838 845//839 848//842
f 847//841 846//840 849//843
f 849//843 846//840 827//821
f 845//839 847//841 850//844
f 845//839 850//844 848//842
f 847//841 849//843 851//845
f 847//841 851//845 850//844
f 849//843 827//821 852//846
f 849//843 852//846 851//845
f 852//846 827//821 853//847
f 852//846 853//847 851//845
f 853//847 827//821 854//848
f 854//848 827//821 120//120
f 851//845 853//847 855//849
f 855//849 853//847 854//848
f 854//848 120//120 856//850
f 854//848 856//850 855//849
f 856//850 120//120 119//119
f 856//850 119//119 124//124
f 855//849 856//850 857//851
f 855//849 857//851 851//845
f 857//851 856//850 124//124
f 851//845 857//851 850//844
f 857//851 124//124 122//122
f 857//851 122//122 858//852
f 857//851 858//852 850//844
f 858//852 122//122 128//128
f 858//852 128//128 159//120
f 858//852 159//120 850//844
f 850//844 159//120 848//842
f 848//842 159//120 166//164
f 848//842 166//164 844//838
f 844//838 166//164 838//832
f 838//832 166//164 859//853
f 838//832 859//853 409//404
f 859//853 166//164 165//163
f 409//404 859//853 404//399
f 859//853 165//163 860//854
f 859//853 860//854 404//399
f 860//854 165//163 164//162
f 404//399 860//854 861//855
f 860//854 164//162 862//856
f 860//854 862//856 861//855
f 862//856 164//162 863//857
f 863//857 164//162 162//160
f 863//857 162//160 864//858
f 864//858 162//160 161//159
f 864//858 161//159 865//859
f 865//859 161//159 163//161
f 863//857 864//858 866//860
f 866//860 864//858 865//859
f 862//856 863//857 867//861
f 867//861 863//857 866//860
f 862//856 867//861 868//862
f 862//856 868//862 861//855
f 865//859 163//161 869//863
f 869//863 163//161 170//168
f 866//860 865//859 870//864
f 865//859 869//863 871//865
f 865//859 871//865 870//864
f 869//863 170//168 872//866
f 869//863 872//866 871//865
f 872//866 170//168 176//173
f 871//865 872//866 873//405
f 872//866 176//173 874//867
f 872//866 874//867 873//405
f 874//867 176//173 875//868
f 871//865 873//405 876//869
f 871//865 876//869 870//864
f 875//868 176//173 175//172
f 877//870 878//870 875//868
f 875//868 175//172 877//871
f 877//871 175//172 180//177
f 874//867 875//868 879//872
f 879//872 875//868 878//873
f 877//871 180//177 878//873
f 874//867 879//872 880//870
f 874//867 880//870 873//405
f 878//873 180//177 881//874
f 881//874 180//177 177//174
f 881//874 177//174 183//180
f 882//875 878//875 881//874
f 878//875 882//875 879//872
f 881//874 183//180 882//876
f 882//877 183//180 883//877
f 878//878 882//876 877//878
f 884//879 880//870 879//872
f 884//879 879//872 882//876
f 885//405 873//405 880//870
f 885//405 880//870 884//879
f 873//405 885//405 876//869
f 883//870 884//879 882//870
f 886//870 887//170 883//870
f 888//870 889//880 886//870
f 890//405 884//879 887//170
f 884//879 890//405 885//405
f 890//405 887//170 889//880
f 887//170 884//879 883//881
f 889//880 887//170 886//882
f 885//405 890//405 891//170
f 885//405 891//170 876//869
f 890//405 889//880 892//405
f 890//405 892//405 891//170
f 876//869 891//170 893//883
f 891//170 892//405 894//884
f 891//170 894//884 893//883
f 876//869 893//883 895//885
f 876//869 895//885 870//864
f 870//864 895//885 896//886
f 896//886 895//885 893//883
f 897//870 892//405 889//880
f 893//883 894//884 898//887
f 899//405 894//884 892//405
f 899//405 892//405 897//870
f 898//887 894//884 900//888
f 893//883 898//887 901//889
f 901//889 898//887 900//888
f 902//405 896//886 893//883
f 902//405 893//883 901//889
f 896//886 902//405 903//890
f 903//890 902//405 901//889
f 896//886 903//890 904//891
f 904//891 903//890 901//889
f 896//886 904//891 905//892
f 896//886 905//892 870//864
f 870//864 905//892 866//860
f 866//860 905//892 867//861
f 867//861 905//892 906//432
f 906//432 905//892 904//891
f 867//861 906//432 868//862
f 904//891 901//889 907//893
f 904//891 907//893 906//432
f 907//893 901//889 900//888
f 868//862 906//432 908//894
f 908//894 906//432 907//893
f 868//862 908//894 909//895
f 868//862 909//895 861//855
f 908//894 907//893 910//896
f 910//896 907//893 900//888
f 909//895 908//894 911//897
f 911//897 908//894 910//896
f 861//855 909//895 912//898
f 861//855 912//898 404//399
f 404//399 912//898 401//396
f 401//396 912//898 402//397
f 912//898 909//895 913//899
f 912//898 913//899 402//397
f 913//899 909//895 911//897
f 402//397 913//899 914//900
f 913//899 911//897 915//901
f 913//899 915//901 914//900
f 915//901 911//897 916//902
f 916//902 911//897 910//896
f 916//902 910//896 917//903
f 917//903 910//896 900//888
f 915//901 916//902 918//904
f 918//904 916//902 917//903
f 914//900 915//901 919//905
f 919//905 915//901 918//904
f 914//900 919//905 307//302
f 307//302 919//905 305//300
f 305//300 919//905 302//297
f 302//297 919//905 918//904
f 914//900 307//302 920//906
f 914//900 920//906 402//397
f 920//906 307//302 308//303
f 402//397 920//906 343//338
f 920//906 308//303 315//310
f 920//906 315//310 343//338
f 302//297 918//904 921//907
f 921//907 918//904 917//903
f 302//297 921//907 922//908
f 302//297 922//908 301//296
f 301//296 922//908 923//909
f 923//909 922//908 921//907
f 301//296 923//909 300//295
f 300//295 923//909 924//170
f 300//295 924//170 304//299
f 923//909 921//907 925//910
f 923//909 925//910 924//170
f 925//910 921//907 926//911
f 926//911 921//907 917//903
f 924//170 925//910 927//912
f 924//170 927//912 304//299
f 925//910 926//911 928//913
f 925//910 928//913 927//912
f 926//911 917//903 929//914
f 926//911 929//914 928//913
f 929//914 917//903 900//888
f 929//914 900//888 894//884
f 929//914 894//884 899//405
f 929//914 899//405 928//913
f 928//913 899//405 930//915
f 928//913 930//915 927//912
f 930//915 899//405 897//870
f 927//912 930//915 931//916
f 927//912 931//916 304//299
f 930//915 897//870 932//917
f 930//915 932//917 931//916
f 932//917 897//870 933//918
f 933//918 897//870 889//880
f 933//918 889//880 888//919
f 932//917 933//918 934//920
f 934//920 933//918 888//919
f 931//916 932//917 935//921
f 931//916 935//921 304//299
f 935//921 932//917 934//920
f 304//299 935//921 936//922
f 304//299 936//922 193//189
f 193//189 936//922 188//184
f 936//922 935//921 937//294
f 935//878 934//878 937//294
f 188//184 936//922 938//923
f 938//923 936//922 937//294
f 938//923 937//294 934//920
f 188//184 938//923 190//186
f 190//186 938//923 934//920
f 888//877 190//186 934//877
f 190//186 888//877 886//877
f 939//924 886//877 883//877
f 939//924 184//179 190//186
f 184//179 939//924 183//180
f 939//924 190//186 886//882
f 183//180 939//924 883//881
f 940//925 883//881 886//882
f 940//925 886//882 888//919
f 940//925 888//919 941//925
f 888//925 934//925 941//925
f 883//881 940//925 942//925
f 940//925 941//925 943//926
f 940//925 943//926 942//925
f 883//925 942//925 882//925
f 943//926 941//925 944//927
f 942//925 943//926 945//928
f 944//927 941//925 946//929
f 946//929 941//925 934//920
f 934//930 935//930 946//929
f 943//926 944//927 947//931
f 943//926 947//931 945//928
f 944//927 946//929 948//932
f 942//925 945//928 949//933
f 942//925 949//933 882//876
f 878//934 882//934 949//933
f 947//931 944//927 950//935
f 950//935 944//927 948//932
f 945//928 947//931 951//936
f 949//933 945//928 952//937
f 952//937 945//928 951//936
f 949//933 952//937 953//938
f 949//933 953//938 878//873
f 877//939 878//939 953//938
f 953//938 952//937 954//940
f 951//936 947//931 955//941
f 955//941 947//931 950//935
f 952//937 951//936 956//942
f 952//937 956//942 954//940
f 951//936 955//941 957//943
f 956//942 951//936 958//944
f 958//944 951//936 957//943
f 956//942 958//944 959//945
f 956//942 959//945 954//940
f 958//944 957//943 960//946
f 957//943 955//941 961//947
f 957//943 961//947 960//946
f 961//947 955//941 962//948
f 962//948 955//941 950//935
f 959//945 958//944 963//949
f 963//949 958//944 960//946
f 959//945 963//949 964//950
f 959//945 964//950 954//940
f 963//949 960//946 965//951
f 963//949 965//951 966//952
f 963//949 966//952 964//950
f 965//951 960//946 967//953
f 954//940 964//950 968//954
f 967//953 960//946 969//955
f 969//955 960//946 961//947
f 965//951 967//953 970//956
f 965//951 970//956 966//952
f 964//950 966//952 971//957
f 971//957 966//952 970//956
f 964//950 971//957 968//954
f 970//956 967//953 972//958
f 972//958 967//953 969//955
f 971//957 970//956 973//959
f 973//959 970//956 972//958
f 968//954 971//957 974//960
f 974//960 971//957 973//959
f 975//961 954//940 968//954
f 975//961 968//954 974//960
f 954//940 975//961 953//938
f 953//938 975//961 877//871
f 877//871 975//961 974//960
f 974//960 973//959 976//962
f 974//960 976//962 877//871
f 877//871 976//962 977//963
f 977//963 976//962 973//959
f 877//871 977//963 882//876
f 977//963 973//959 978//964
f 978//964 973//959 972//958
f 882//876 977//963 979//965
f 979//965 977//963 978//964
f 882//876 979//965 883//881
f 883//881 979//965 980//966
f 979//965 978//964 981//967
f 979//965 981//967 980//966
f 978//964 972//958 982//968
f 978//964 982//968 981//967
f 982//968 972//958 969//955
f 886//969 883//969 980//966
f 886//969 980//966 888//969
f 980//966 981//967 983//970
f 934//969 888//969 983//970
f 980//966 983//970 888//919
f 983//970 981//967 984//971
f 984//971 981//967 982//968
f 983//970 984//971 985//972
f 983//970 985//972 934//920
f 934//973 985//972 935//973
f 984//971 982//968 986//968
f 986//968 982//968 969//955
f 985//972 984//971 987//974
f 987//974 984//971 986//968
f 985//972 987//974 988//975
f 985//972 988//975 935//921
f 935//921 988//975 989//976
f 935//921 989//976 946//929
f 946//929 989//976 948//932
f 989//976 988//975 990//977
f 990//977 988//975 987//974
f 987//974 986//968 991//978
f 987//974 991//978 990//977
f 991//978 986//968 992//979
f 992//979 986//968 969//955
f 992//979 969//955 993//980
f 993//980 969//955 961//947
f 993//980 961//947 962//948
f 992//979 993//980 994//981
f 992//979 994//981 991//978
f 993//980 962//948 995//982
f 995//982 962//948 950//935
f 994//981 993//980 996//983
f 996//983 993//980 995//982
f 991//978 994//981 997//984
f 991//978 997//984 990//977
f 997//984 994//981 996//983
f 995//982 950//935 998//985
f 995//982 998//985 996//983
f 998//985 950//935 948//932
f 996//983 998//985 999//986
f 998//985 948//932 1000//987
f 998//985 1000//987 999//986
f 1000//987 948//932 989//976
f 996//983 999//986 1001//988
f 996//983 1001//988 997//984
f 1001//988 999//986 1000//987
f 997//984 1001//988 1002//989
f 1002//989 1001//988 1000//987
f 1002//989 1000//987 989//976
f 997//984 1002//989 990//977
f 990//977 1002//989 989//976
f 1003//990 372//367 366//361
f 372//367 1003//990 376//371
f 1003//990 366//361 1004//991
f 1004//991 366//361 255//250
f 1004//991 255//250 254//249
f 376//371 1003//990 1005//992
f 376//371 1005//992 385//380
f 1003//990 1004//991 1006//993
f 1003//990 1006//993 1005//992
f 1004//991 254//249 1007//994
f 1004//991 1007//994 1006//993
f 1007//994 254//249 671//666
f 385//380 1005//992 1008//995
f 385//380 1008//995 386//381
f 1007//994 671//666 1009//996
f 1009//996 671//666 670//665
f 1006//993 1007//994 1010//997
f 1010//997 1007//994 1009//996
f 1011//998 1005//992 1006//993
f 1011//998 1006//993 1010//997
f 1009//996 670//665 1012//999
f 1005//992 1011//998 1013//1000
f 1012//999 670//665 665//660
f 1005//992 1013//1000 1008//995
f 1012//999 665//660 1014//1001
f 1014//1001 665//660 659//654
f 1009//996 1012//999 1015//1002
f 1009//996 1015//1002 1010//997
f 1012//999 1014//1001 1016//1003
f 1012//999 1016//1003 1015//1002
f 1014//1001 659//654 1017//1004
f 1017//1004 659//654 643//638
f 1016//1003 1014//1001 1018//1005
f 1018//1005 1014//1001 1017//1004
f 1017//1004 643//638 1019//1006
f 1017//1004 1019//1006 1018//1005
f 1019//1006 643//638 628//623
f 1019//1006 628//623 622//617
f 1018//1005 1019//1006 1020//1007
f 1018//1005 1020//1007 1016//1003
f 1020//1007 1019//1006 622//617
f 1016//1003 1020//1007 1021//1008
f 1016//1003 1021//1008 1015//1002
f 1020//1007 622//617 1022//1009
f 1020//1007 1022//1009 1021//1008
f 1022//1009 622//617 613//608
f 1022//1009 613//608 612//607
f 1022//1009 612//607 1023//1010
f 1022//1009 1023//1010 1021//1008
f 1023//1010 612//607 611//606
f 1024//1011 1015//1002 1021//1008
f 1024//1011 1021//1008 1023//1010
f 1015//1002 1024//1011 1010//997
f 1023//1010 611//606 1025//1012
f 1023//1010 1025//1012 1024//1011
f 1010//997 1024//1011 1026//1013
f 1026//1013 1024//1011 1025//1012
f 1010//997 1026//1013 1011//998
f 1011//998 1026//1013 1027//1014
f 1027//1014 1026//1013 1025//1012
f 1011//998 1027//1014 1013//1000
f 1028//1015 1025//1012 611//606
f 1025//1012 1028//1015 1027//1014
f 1028//1015 611//606 609//604
f 1013//1000 1027//1014 1029//1016
f 1029//1016 1027//1014 1028//1015
f 1028//1015 609//604 1030//1017
f 1028//1015 1030//1017 1029//1016
f 1030//1017 609//604 607//602
f 1013//1000 1029//1016 1031//1018
f 1013//1000 1031//1018 1008//995
f 1029//1016 1030//1017 1032//1019
f 1029//1016 1032//1019 1031//1018
f 1030//1017 607//602 1033//1020
f 1030//1017 1033//1020 1032//1019
f 1033//1020 607//602 595//590
f 1033//1020 595//590 1034//1021
f 1034//1021 595//590 590//585
f 1034//1021 590//585 592//587
f 1033//1020 1034//1021 1035//1022
f 1033//1020 1035//1022 1032//1019
f 1035//1022 1034//1021 592//587
f 1036//1023 1031//1018 1032//1019
f 1036//1023 1032//1019 1035//1022
f 1035//1022 592//587 1037//1024
f 1035//1022 1037//1024 1036//1023
f 1037//1024 592//587 591//586
f 1031//1018 1036//1023 1038//1025
f 1031//1018 1038//1025 1008//995
f 1036//1023 1037//1024 1039//1026
f 1036//1023 1039//1026 1038//1025
f 1037//1024 591//586 1040//1027
f 1037//1024 1040//1027 1039//1026
f 1040//1027 591//586 1041//1028
f 1041//1028 591//586 458//453
f 1008//995 1038//1025 1042//1029
f 1008//995 1042//1029 386//381
f 386//381 1042//1029 387//382
f 1042//1029 1038//1025 1043//1030
f 1043//1030 1038//1025 1039//1026
f 387//382 1042//1029 1044//1031
f 1044//1031 1042//1029 1043//1030
f 387//382 1044//1031 394//389
f 394//389 1044//1031 1045//1032
f 1045//1032 1044//1031 1043//1030
f 394//389 1045//1032 421//416
f 421//416 1045//1032 429//424
f 1045//1032 1043//1030 1046//1033
f 1046//1033 1043//1030 1039//1026
f 1045//1032 1046//1033 429//424
f 1046//1033 1039//1026 1040//1027
f 429//424 1046//1033 1047//1034
f 1047//1034 1046//1033 1040//1027
f 429//424 1047//1034 450//445
f 1047//1034 1040//1027 1041//1028
f 450//445 1047//1034 1048//1035
f 1048//1035 1047//1034 1041//1028
f 450//445 1048//1035 452//447
f 1048//1035 1041//1028 458//453
f 1048//1035 458//453 452//447
f 1049//1036 540//535 541//536
f 540//535 1049//1036 794//788
f 1049//1036 541//536 1050//1037
f 1050//1037 541//536 543//538
f 794//788 1049//1036 1051//1038
f 794//788 1051//1038 774//768
f 1049//1036 1050//1037 1052//1039
f 1049//1036 1052//1039 1051//1038
f 1050//1037 543//538 1053//1040
f 1053//1040 543//538 545//540
f 1053//1040 545//540 552//547
f 774//768 1051//1038 1054//1041
f 1054//1041 1051//1038 1052//1039
f 774//768 1054//1041 769//763
f 769//763 1054//1041 768//762
f 1053//1040 552//547 1055//1042
f 1055//1042 552//547 699//694
f 1056//1043 1050//1037 1053//1040
f 1056//1043 1053//1040 1055//1042
f 1050//1037 1056//1043 1052//1039
f 1057//1044 1054//1041 1052//1039
f 1054//1041 1057//1044 768//762
f 1057//1044 1052//1039 1056//1043
f 1055//1042 699//694 1058//1045
f 1058//1045 699//694 703//698
f 1056//1043 1055//1042 1059//1046
f 1059//1046 1055//1042 1058//1045
f 1056//1043 1059//1046 1057//1044
f 1058//1045 703//698 1060//1047
f 1060//1047 703//698 707//702
f 1059//1046 1058//1045 1061//1048
f 1061//1048 1058//1045 1060//1047
f 1057//1044 1059//1046 1062//1049
f 1062//1049 1059//1046 1061//1048
f 1057//1044 1062//1049 768//762
f 1060//1047 707//702 1063//1050
f 1063//1050 707//702 711//706
f 1063//1050 711//706 716//711
f 1060//1047 1063//1050 1064//1051
f 1060//1047 1064//1051 1061//1048
f 1063//1050 716//711 1065//1052
f 1063//1050 1065//1052 1064//1051
f 1065//1052 716//711 764//758
f 1061//1048 1064//1051 1066//1053
f 1061//1048 1066//1053 1062//1049
f 1064//1051 1065//1052 1067//1054
f 1067//1054 1065//1052 764//758
f 1064//1051 1067//1054 1066//1053
f 1067//1054 764//758 763//757
f 1062//1049 1066//1053 1068//1055
f 1068//1055 1066//1053 1067//1054
f 1068//1055 1067//1054 763//757
f 1062//1049 1068//1055 768//762
f 1068//1055 763//757 762//756
f 1068//1055 762//756 768//762
o tripo_part_1
g tripo_part_1
usemtl mat_0
v 0.030339189 0.412919283 0.059686497
vn 0.927983880 -0.047185622 -0.369620711
v 0.004902788 0.414872408 0.079255894
vn 0.455494255 -0.589001238 0.667534649
v 0.002942033 0.412919283 0.081212834
vn 0.387064666 -0.821524978 0.418661773
v -0.012713484 0.422700167 0.110566929
vn 0.149522901 -0.826310813 0.543004155
v 0.002942033 0.412919283 0.069471195
v -0.002924971 0.412919283 0.077298954
vn -0.157033101 -0.981456876 0.109923169
v -0.000971846 0.412919283 0.065557316
vn 0.172773689 -0.950255275 0.259160519
v 0.006855913 0.414872408 0.081212834
vn 0.370342910 -0.780084014 0.504296720
v -0.004885726 0.426621675 0.108609989
vn 0.062912226 -0.857179046 0.511161804
v -0.026412062 0.422700167 0.102739170
vn -0.433218628 -0.890067339 0.141780630
v -0.032282881 0.428574800 0.094911411
vn -0.362925500 -0.867865324 0.339256436
v -0.006838851 0.412919283 0.071428135
vn -0.165472358 -0.977074921 0.133953810
v -0.000971846 0.410966158 0.061643437
vn 0.110332035 -0.977226615 0.181259766
v -0.008799605 0.412919283 0.065557316
vn 0.047225066 -0.857922077 0.511604905
v -0.034239821 0.422700167 0.089040592
vn -0.062990174 -0.826746047 0.559037745
v -0.010756545 0.408997774 0.063600376
vn -0.078436799 -0.980460048 0.180404648
v -0.002924971 0.410966158 0.059686497
vn 0.071038119 -0.639343083 -0.765633166
v -0.038153701 0.420747042 0.083169892
v -0.010756545 0.410966158 0.059686497
vn -0.266865760 -0.204073802 -0.941879213
v -0.071421795 0.448144197 0.108609989
vn -0.440031886 -0.754340351 0.487178177
v -0.038153701 0.420747042 0.079255894
vn -0.455944419 -0.888305485 -0.055027775
v -0.063593917 0.448144197 0.116439655
vn -0.432896495 -0.794955373 0.425025672
v -0.040110640 0.422700167 0.073385075
vn -0.434514612 -0.007900265 -0.900630236
v -0.077292494 0.446183443 0.094911411
vn -0.672194064 -0.719643116 -0.173979655
v -0.079249434 0.446183443 0.098825291
vn -0.660353720 -0.746828616 0.078613535
v -0.108603530 0.493149996 0.126224354
vn -0.670268655 -0.504672885 0.544100463
v -0.057723098 0.450097322 0.126224354
vn -0.630468786 -0.748681664 0.204902336
v -0.055766158 0.448144197 0.132095173
vn -0.559020460 -0.763732195 0.322814643
v -0.092948012 0.495110750 0.147750691
vn -0.796957433 -0.505002737 0.331408024
v -0.038153701 0.450097322 0.145793751
vn 0.023589164 -0.636907399 0.770579338
v -0.089034133 0.491196871 0.157531574
vn -0.662712872 -0.560150146 0.497034639
v -0.069464855 0.497063875 0.171233967
vn -0.172933757 -0.408752501 0.896111250
v -0.114474349 0.559686899 0.171233967
vn -0.825850606 -0.220226824 0.519106090
v -0.028369002 0.455971956 0.143836811
vn 0.338404417 -0.464322329 0.818466485
v -0.098818831 0.493149996 0.137965992
vn -0.663373828 -0.529119611 0.529119611
v -0.116431288 0.563600659 0.157531574
vn -0.907511473 -0.181502298 0.378787398
v -0.124259047 0.561643779 0.147750691
vn -0.781419337 -0.197328120 0.591984391
v -0.057723098 0.500977755 0.171233967
vn 0.101967841 -0.298059851 0.949085355
v -0.024455123 0.457925081 0.143836811
vn 0.903692722 0.314327896 0.290753305
v -0.092948012 0.563600659 0.184928730
vn -0.267782956 -0.141767457 0.952992380
v -0.098818831 0.639924288 0.182975605
vn -0.347135365 0.165678218 0.923064411
v -0.079249434 0.567514658 0.184928730
vn 0.102473453 -0.055178016 0.993204236
v -0.069464855 0.567514658 0.182975605
vn 0.851556063 0.110386893 0.512510598
v -0.002924971 0.426621675 0.110566929
vn -0.916688263 0.165952176 -0.363514304
v -0.049895339 0.502934694 0.171233967
vn 0.930056930 0.141873091 0.338919044
v 0.006855913 0.416825533 0.081212834
vn 0.647680223 0.726665616 0.229057625
v -0.014670424 0.424653292 0.104696110
vn 0.212796450 0.890592515 -0.401948810
v -0.008799605 0.416825533 0.065557316
vn 0.047185626 0.888662577 -0.456127703
v -0.042067580 0.455971956 0.137965992
vn 0.346553385 0.708859205 -0.614344656
v -0.079249434 0.448144197 0.085126862
vn -0.377859116 -0.094464779 -0.921031535
v -0.071421795 0.500977755 0.161445454
vn 0.526369214 0.447806656 -0.722775698
v -0.114474349 0.493149996 0.108609989
vn -0.874829710 -0.449236870 -0.181271017
v -0.116431288 0.495110750 0.098825291
vn -0.448972017 -0.078767024 -0.890067339
v -0.116431288 0.491196871 0.114480808
vn -0.858480632 -0.504061997 0.094511628
v -0.137957633 0.561643779 0.116439655
vn -0.974717557 -0.172933757 -0.141491249
v -0.137957633 0.563600659 0.106653050
vn -0.756374598 -0.102425724 0.646070004
v -0.132086813 0.561643779 0.136009052
vn -0.818289101 -0.188835949 0.542903364
v -0.139918387 0.561643779 0.124267414
vn -0.968113899 -0.181029424 0.173158586
v -0.136004508 0.641877413 0.134052113
vn -0.856966972 0.188689977 0.479587018
v -0.141871512 0.641877413 0.120353535
vn -0.987317383 0.157970786 -0.015797079
v -0.139918387 0.641877413 0.116439655
vn -0.959440947 0.141556844 -0.243792370
v -0.139918387 0.641877413 0.104696110
vn -0.999721229 -0.023615463 0.000000000
v -0.112517409 0.716248751 0.102739170
vn -0.818466485 0.558760762 -0.133787796
v -0.114474349 0.718201876 0.108609989
vn -0.818390369 0.574447155 -0.015738277
vn 0.856226325 0.078552872 -0.510593653
v -0.108603530 0.718201876 0.120353535
vn -0.716535449 0.614173234 0.330708653
v -0.042067580 0.772996187 0.085126862
vn -0.378234327 0.906186342 -0.189117163
v -0.128172934 0.639924288 0.145793751
vn -0.792895019 0.157008901 0.588783443
v -0.040110640 0.771043062 0.092954472
vn -0.307267666 0.921802998 0.236359760
v -0.104689650 0.718201876 0.130138233
vn -0.675742388 0.597167730 0.432160854
v -0.036196761 0.771043062 0.100782230
vn -0.259184510 0.934634984 0.243476361
v 0.032299943 0.776902437 0.073385075
vn 0.133692592 0.990898073 -0.015728541
v -0.032282881 0.769074678 0.108609989
vn -0.354451627 0.929450929 0.102397136
v -0.096861891 0.716248751 0.139922932
vn -0.700244963 0.605829895 0.377660215
v -0.120345168 0.639924288 0.155578449
vn -0.900180817 0.165822774 0.402712464
v -0.030325942 0.771043062 0.114480808
vn -0.377251744 0.919551075 0.110031761
v -0.094904952 0.716248751 0.149703816
vn -0.699985027 0.574145019 0.424710006
v -0.118388228 0.639924288 0.167320088
vn -0.851847351 0.165636972 0.496910930
v -0.077292494 0.716248751 0.163406208
vn -0.291972876 0.528707623 0.797006965
v -0.083163314 0.639924288 0.182975605
vn 0.000000000 0.133709133 0.991020679
v -0.065550856 0.712327242 0.165359333
vn 0.165781438 0.323668540 0.931533813
v -0.075335555 0.639924288 0.182975605
vn 0.932493210 -0.063219883 0.355611831
v -0.016627364 0.771043062 0.126224354
vn 0.047255822 0.811224878 0.582821786
v -0.008799605 0.765168428 0.126224354
vn 0.237104163 0.616470814 0.750829816
v 0.040127702 0.774949312 0.087083891
vn 0.464322329 0.818466485 0.338404417
v 0.034253068 0.776902437 0.079255894
vn 0.157911703 0.986948133 0.031582341
v 0.059697099 0.765168428 0.063600376
vn 0.896859705 -0.275351644 -0.346156389
v 0.040127702 0.772996187 0.089040592
vn 0.292565584 0.877696693 0.379544526
v -0.059680037 0.708420992 0.163406208
vn 0.881370842 -0.409207880 0.236081481
v -0.004885726 0.763215303 0.128181294
vn 0.529996336 -0.205670223 0.822680891
v 0.042080827 0.772996187 0.089040592
vn 0.543965161 0.748937547 0.378410578
v 0.042080827 0.769074678 0.089040592
vn 0.560848773 -0.655640125 0.505553842
v -0.016627364 0.763215303 0.122310475
vn 0.283359170 -0.897304177 -0.338456810
v -0.077292494 0.708420992 0.155578449
vn 0.561111450 -0.561111450 -0.608529389
v -0.047938399 0.765168428 0.061643437
vn -0.126250669 0.205157325 -0.970552027
v 0.034253068 0.769074678 0.061643437
vn -0.031578403 -0.971035898 -0.236838028
v 0.034253068 0.771043062 0.057729557
vn 0.086643726 -0.086643726 -0.992464483
v 0.034253068 0.776902437 0.063600376
vn 0.149434999 0.920204997 -0.361790001
v 0.034253068 0.776902437 0.065557316
vn 0.236103415 0.960153878 0.149532154
v 0.032299943 0.776902437 0.067514256
vn 0.118179880 0.992710948 0.023635976
v -0.042067580 0.771043062 0.083169892
vn -0.410225272 0.788894773 -0.457558960
v -0.045981459 0.767121553 0.073385075
vn -0.401749194 0.905905068 -0.133916393
v -0.114474349 0.716248751 0.094911411
vn -0.707325161 0.620874286 0.337944210
v -0.120345168 0.714280367 0.067514256
vn -0.259504884 0.165139467 -0.951517940
v -0.120345168 0.716248751 0.087083891
vn -0.754247248 0.612825871 0.235702276
v -0.153613150 0.641877413 0.089040592
vn -0.918841839 0.204187080 0.337694019
vn -0.752576649 0.000000000 0.658504605
v -0.153613150 0.641877413 0.071428135
vn -0.308119982 0.189612299 -0.932260394
v -0.096861891 0.637963533 0.171233967
vn 0.678259611 -0.157734796 -0.717693329
vn 0.840386152 0.007854076 -0.541931212
v -0.094904952 0.565557718 0.173187092
vn 0.533846676 0.188416466 -0.824322104
v -0.155573905 0.559686899 0.085126862
vn -0.935934961 -0.141569987 0.322465003
v -0.073378615 0.567514658 0.175147846
vn 0.520848930 0.205182910 -0.828623295
v -0.155573905 0.559686899 0.069471195
vn -0.392667472 -0.039266746 -0.918841839
v -0.128172934 0.563600659 0.108609989
vn 0.541680694 -0.031401783 0.839997709
v -0.132086813 0.489236116 0.067514256
vn -0.339637220 -0.126376644 -0.932027698
v -0.108603530 0.493149996 0.100782230
vn 0.770960748 0.275343120 -0.574287117
v -0.126215994 0.485322237 0.092954472
vn -0.624745131 -0.434949130 0.648469567
v -0.132086813 0.487282991 0.079255894
vn -0.869164765 -0.481991380 0.110620968
v -0.090991072 0.440316439 0.061643437
vn -0.236103415 -0.149532154 -0.960153878
vn 0.671041012 0.663146436 -0.331573218
v -0.071421795 0.444230318 0.090997532
vn 0.401425540 0.834335446 -0.377812296
v -0.051852278 0.418793917 0.055772617
v -0.090991072 0.438355684 0.071428135
vn -0.582876027 -0.779793620 0.228424385
vn -0.447696149 -0.628345490 0.636199772
v -0.049895339 0.414872408 0.063600376
vn 0.677438378 -0.724701583 0.126035064
vn 0.832814693 0.549971938 0.062853940
vn 0.126250684 -0.418205410 0.899536073
vn 0.338226378 0.920290351 -0.196643233
v -0.087077193 0.434449434 0.083169892
vn -0.228736803 -0.536348343 0.812410057
v -0.036196761 0.414872408 0.075342014
vn 0.568340361 0.055255316 0.820936084
v -0.002924971 0.407044649 0.044029072
vn 0.998391926 -0.031445414 0.047168124
v -0.137957633 0.481408358 0.085126862
vn -0.606205344 -0.417258233 0.677060425
v -0.044024520 0.410966158 0.069471195
vn 0.039466854 -0.718296707 0.694616616
v -0.094904952 0.430527925 0.077298954
vn -0.415459543 -0.713336229 0.564397812
v -0.012713484 0.405091524 0.051860645
vn 0.471987605 -0.723714292 0.503453434
v -0.049895339 0.407044649 0.067514256
vn -0.117843866 -0.856332064 0.502800465
v -0.018584304 0.403138399 0.049899891
vn 0.063166641 -0.994874597 0.078958303
v -0.004885726 0.407044649 0.038158253
vn 0.969646931 -0.086716391 -0.228615940
v -0.022498183 0.405091524 0.042072132
vn -0.086870387 -0.971368849 -0.221124604
v -0.057723098 0.408997774 0.051860645
vn -0.306630701 -0.943479061 -0.125797197
v -0.104689650 0.428574800 0.057729557
vn -0.568340421 -0.820936203 0.055255324
v -0.149699271 0.475541353 0.063600376
vn -0.817884088 -0.534770370 0.212335303
v -0.102732711 0.432481050 0.040115193
vn -0.559332609 -0.819304049 -0.126046792
v -0.055766158 0.412919283 0.040115193
vn -0.282624692 -0.942082405 -0.180565804
v -0.022498183 0.407044649 0.034244373
vn -0.094060525 -0.987635553 -0.125414044
v -0.004885726 0.407044649 0.034244373
v -0.149699271 0.479455233 0.042072132
vn -0.851979911 -0.520654380 -0.055220921
v -0.020541243 0.407044649 0.028373554
vn -0.070680141 -0.997375369 -0.015706699
v -0.004885726 0.407044649 0.032287434
vn 0.527167022 0.849761784 0.000000000
v -0.018584304 0.407044649 0.024459675
v -0.014670424 0.410966158 0.022502735
vn 0.512160420 0.323055029 -0.795818508
vn 0.362835169 -0.678344011 -0.638905406
v -0.047938399 0.424653292 0.020545796
vn 0.299770713 0.473322183 -0.828313828
v -0.087077193 0.450097322 0.016631916
vn 0.513021171 0.457772702 -0.726122260
vn -0.102844767 -0.632890821 -0.767380178
v -0.004885726 0.407044649 0.030330494
vn 0.000000000 1.000000000 0.000000000
v -0.051852278 0.418793917 0.024459675
vn 0.086581983 0.094453074 -0.991757214
v -0.051852278 0.410966158 0.018592671
vn 0.000000000 -0.541947961 -0.840412140
v -0.096861891 0.434449434 0.014678791
vn -0.252407074 -0.473263294 -0.843986213
vn 0.719553113 0.687924385 -0.094886117
vn 0.779987097 0.614535272 -0.118179865
v -0.055766158 0.412919283 0.028373554
vn -0.292273313 -0.955812752 0.031597115
v -0.102732711 0.432481050 0.026416615
vn -0.565458596 -0.801066339 -0.196339801
v -0.132086813 0.493149996 0.016631916
vn 0.762268782 0.314337611 -0.565807700
vn 0.922834694 0.283949107 -0.260286719
v -0.139918387 0.483369112 0.008804157
vn -0.165164992 -0.228084996 -0.959529996
v -0.149699271 0.479455233 0.022502735
vn -0.801288843 -0.518481016 -0.298519373
v -0.153613150 0.561643779 -0.000976726
vn 0.456636339 0.000000000 -0.889653563
v -0.167315543 0.559686899 0.002937153
vn -0.605249465 -0.125766128 -0.786038280
v -0.177096426 0.557729959 0.018592671
vn -0.934894562 -0.164981395 -0.314250290
v -0.151660025 0.647752047 -0.002937481
vn 0.432254255 -0.102169178 -0.895945132
v -0.179057181 0.557729959 0.040115193
vn -0.985934496 -0.157749519 -0.055212334
v -0.165354788 0.651665926 0.000976399
vn -0.600813985 0.118581705 -0.790544629
v -0.175143301 0.655579805 0.016631916
vn -0.926838160 0.227782249 -0.298473299
v -0.179057181 0.553816080 0.067514256
vn -0.956559181 -0.189730749 0.221352533
v -0.177096426 0.651665926 0.040115193
vn -0.971247733 0.236889690 -0.023688968
v -0.124259047 0.739732027 -0.000976726
vn -0.417206466 0.377847373 -0.826541126
v -0.167315543 0.557729959 0.090997532
vn -0.713862777 -0.156892926 0.682484150
v -0.179057181 0.645791292 0.069471195
vn -0.958966613 0.196509540 0.204369918
v -0.132086813 0.747559786 0.014678791
vn -0.700353324 0.692484200 -0.173121050
v -0.149699271 0.559686899 0.100782230
vn -0.402549356 -0.118396878 0.907709360
v -0.134043753 0.737763643 0.038158253
vn -0.725309432 0.670122802 0.157675967
v -0.167315543 0.647752047 0.092954472
vn -0.732624233 0.189064339 0.653847456
v -0.137957633 0.729935884 0.063600376
vn -0.758165240 0.623906791 0.189541310
v -0.042067580 0.798432589 0.012718037
vn -0.189429089 0.978717029 -0.078928791
v -0.151660025 0.643838167 0.102739170
vn -0.393749624 0.102374904 0.913499177
v -0.128172934 0.727982759 0.089040592
vn -0.577314198 0.569405735 0.585222602
v -0.047938399 0.790604830 0.032287434
vn -0.252148360 0.953436017 0.165472358
v -0.053809218 0.788651705 0.055772617
vn -0.291329563 0.944852650 0.149601668
vn -0.321828574 -0.196236953 0.926238358
v -0.116431288 0.720155001 0.098825291
vn -0.236286432 0.330800980 0.913640797
v -0.128172934 0.639924288 0.108609989
vn 0.635827303 -0.062797755 0.769272506
v -0.104689650 0.710374117 0.100782230
vn 0.591707945 -0.276130348 0.757386148
v -0.042067580 0.772996187 0.083169892
vn 0.282982498 0.015721250 0.958996296
v -0.116431288 0.726029634 -0.002937481
v -0.040110640 0.769074678 0.075342014
vn 0.385516196 -0.904782891 0.180956587
v -0.036196761 0.778870821 0.000976399
vn 0.188028648 -0.548416913 -0.814790785
v -0.038153701 0.792557955 0.000976399
vn -0.070971832 0.567774653 -0.820118904
v 0.032299943 0.771043062 0.065557316
vn 0.290216178 -0.360809296 0.886335850
v 0.040127702 0.771043062 0.006851032
vn -0.275932908 -0.725309372 -0.630703807
v 0.044041581 0.782777071 0.002937153
vn 0.023691926 0.157946169 -0.987163544
v 0.045994706 0.790604830 0.006851032
vn 0.425672203 0.859227240 -0.283781439
v 0.092961259 0.741685152 -0.000976726
vn 0.766517162 -0.529449940 -0.363502949
v 0.038166948 0.786698580 0.022502735
vn 0.337153822 0.909531295 0.243064404
v 0.038166948 0.776902437 0.057729557
vn 0.534522474 0.613128781 0.581686258
v 0.042080827 0.782777071 0.040115193
vn 0.472309202 0.842284739 0.259770036
v -0.047938399 0.782777071 0.077298954
vn -0.118581705 0.790544629 0.600813985
vn -0.237081975 -0.363525659 0.900911450
f 1069//1056 1070//1057 1071//1058
f 1071//1058 1070//1057 1072//1059
f 1069//1056 1071//1058 1073//878
f 1073//878 1071//1058 1074//1060
f 1074//1060 1071//1058 1072//1059
f 1069//1056 1073//878 1075//1061
f 1075//1061 1073//878 1074//1060
f 1070//1057 1069//1056 1076//1062
f 1070//1057 1076//1062 1077//1063
f 1070//1057 1077//1063 1072//1059
f 1074//1060 1072//1059 1078//1064
f 1074//1060 1078//1064 1079//1065
f 1075//1061 1074//1060 1080//1066
f 1080//1066 1074//1060 1079//1065
f 1075//1061 1080//1066 1081//1067
f 1075//1061 1081//1067 1069//1056
f 1081//1067 1080//1066 1082//1068
f 1082//1068 1080//1066 1083//1069
f 1083//1069 1080//1066 1079//1065
f 1081//1067 1082//1068 1084//1070
f 1081//1067 1084//1070 1085//1071
f 1081//1067 1085//1071 1069//1056
f 1084//1070 1082//1068 1086//717
f 1086//717 1082//1068 1083//1069
f 1085//1071 1084//1070 1087//1072
f 1085//1071 1087//1072 1069//1056
f 1087//1072 1084//1070 1086//717
f 1088//1073 1083//1069 1079//1065
f 1083//1069 1088//1073 1086//717
f 1087//1072 1086//717 1089//1074
f 1088//1073 1079//1065 1090//1075
f 1087//1072 1089//1074 1091//1076
f 1089//1074 1086//717 1092//1077
f 1089//1074 1092//1077 1091//1076
f 1092//1077 1086//717 1093//1078
f 1093//1078 1086//717 1088//1073
f 1093//1078 1088//1073 1094//1079
f 1094//1079 1088//1073 1090//1075
f 1095//1080 1090//1075 1079//1065
f 1095//1080 1079//1065 1078//1064
f 1095//1080 1078//1064 1096//1081
f 1096//1081 1078//1064 1072//1059
f 1090//1075 1095//1080 1097//1082
f 1096//1081 1072//1059 1098//1083
f 1095//1080 1096//1081 1099//1084
f 1095//1080 1099//1084 1097//1082
f 1099//1084 1096//1081 1100//1085
f 1100//1085 1096//1081 1098//1083
f 1098//1083 1072//1059 1077//1063
f 1099//1084 1100//1085 1101//1086
f 1099//1084 1101//1086 1097//1082
f 1098//1083 1077//1063 1102//1087
f 1103//1088 1090//1075 1097//1082
f 1090//1075 1103//1088 1094//1079
f 1103//1088 1097//1082 1104//1089
f 1104//1089 1097//1082 1101//1086
f 1094//1079 1103//1088 1105//1090
f 1105//1090 1103//1088 1104//1089
f 1098//1083 1102//1087 1106//1091
f 1098//1083 1106//1091 1100//1085
f 1107//1092 1102//1087 1077//1063
f 1102//1087 1107//1092 1106//1091
f 1108//1093 1101//1086 1100//1085
f 1108//1093 1100//1085 1106//1091
f 1101//1086 1108//1093 1109//1094
f 1108//1093 1106//1091 1110//1095
f 1108//1093 1110//1095 1109//1094
f 1110//1095 1106//1091 1111//1096
f 1112//1097 1107//1092 1077//1063
f 1112//1097 1077//1063 1076//1062
f 1113//1098 1106//1091 1107//1092
f 1106//1091 1113//1098 1111//1096
f 1112//1097 1076//1062 1114//1099
f 1114//1099 1076//1062 1069//1056
f 1107//1092 1112//1097 1115//1100
f 1115//1100 1112//1097 1114//1099
f 1114//1099 1069//1056 1116//1101
f 1114//1099 1116//1101 1115//1100
f 1116//1101 1069//1056 1087//1072
f 1116//1101 1087//1072 1091//1076
f 1116//1101 1091//1076 1115//1100
f 1107//1092 1115//1100 1117//1102
f 1117//1102 1115//1100 1091//1076
f 1107//1092 1117//1102 1113//1098
f 1117//1102 1091//1076 1118//1103
f 1118//1103 1091//1076 1092//1077
f 1113//1098 1117//1102 1119//1104
f 1119//1104 1117//1102 1118//1103
f 1118//1103 1092//1077 1120//1105
f 1120//1105 1092//1077 1093//1078
f 1118//1103 1120//1105 1121//1106
f 1118//1103 1121//1106 1119//1104
f 1120//1105 1093//1078 1122//1107
f 1122//1107 1093//1078 1094//1079
f 1121//1106 1120//1105 1123//1108
f 1123//1108 1120//1105 1122//1107
f 1119//1104 1121//1106 1124//1109
f 1124//1109 1121//1106 1123//1108
f 1122//1107 1094//1079 1125//1110
f 1125//1110 1094//1079 1105//1090
f 1123//1108 1122//1107 1126//1111
f 1126//1111 1122//1107 1125//1110
f 1126//1111 1125//1110 1127//1112
f 1127//1112 1125//1110 1105//1090
f 1123//1108 1126//1111 1128//1113
f 1128//1113 1126//1111 1127//1112
f 1123//1108 1128//1113 1129//1114
f 1123//1108 1129//1114 1124//1109
f 1130//1115 1124//1115 1129//1114
f 1129//1114 1128//1113 1131//1116
f 1128//1113 1127//1112 1132//1117
f 1128//1113 1132//1117 1131//1116
f 1129//1114 1131//1116 1130//1118
f 1132//1117 1127//1112 1133//1119
f 1131//1116 1132//1117 1134//1120
f 1135//1121 1127//1112 1105//1090
f 1127//1112 1135//1121 1133//1119
f 1132//1117 1133//1119 1136//1122
f 1132//1117 1136//1122 1134//1120
f 1133//1119 1135//1121 1137//1123
f 1136//1122 1133//1119 1138//1124
f 1138//1124 1133//1119 1137//1123
f 1136//1122 1138//1124 1139//1125
f 1136//1122 1139//1125 1134//1120
f 1138//1124 1137//1123 1140//1126
f 1138//1124 1140//1126 1139//1125
f 1137//1123 1135//1121 1141//1127
f 1137//1123 1141//1127 1140//1126
f 1142//1128 1135//1121 1105//1090
f 1135//1121 1142//1128 1141//1127
f 1142//1128 1105//1090 1104//1089
f 1140//1126 1141//1127 1143//1129
f 1140//1126 1143//1129 1139//1125
f 1141//1127 1142//1128 1144//1130
f 1141//1127 1144//1130 1143//1129
f 1142//1128 1104//1089 1145//1131
f 1142//1128 1145//1131 1144//1130
f 1145//1131 1104//1089 1101//1086
f 1145//1131 1101//1086 1109//1094
f 1145//1131 1109//1094 1144//1130
f 1144//1130 1109//1094 1146//1132
f 1144//1130 1146//1132 1143//1129
f 1146//1132 1109//1094 1147//1133
f 1147//1133 1109//1094 1110//1095
f 1147//1133 1110//1095 1111//1096
f 1146//1132 1147//1133 1148//1134
f 1147//1133 1111//1096 1149//1135
f 1147//1133 1149//1135 1148//1134
f 1146//1132 1148//1134 1150//1136
f 1146//1132 1150//1136 1143//1129
f 1150//1136 1148//1134 1151//1137
f 1143//1129 1150//1136 1152//1138
f 1152//1138 1150//1136 1151//1137
f 1143//1129 1152//1138 1153//1139
f 1143//1129 1153//1139 1139//1125
f 1153//1139 1152//1138 1154//1140
f 1153//1139 1154//1140 1139//1125
f 1152//1138 1151//1137 1155//1141
f 1152//1138 1155//1141 1154//1140
f 1156//1142 1151//1137 1148//1134
f 1156//1142 1148//1134 1149//1135
f 1155//1141 1151//1137 1157//1143
f 1157//1143 1151//1137 1156//1142
f 1155//1141 1157//1143 1158//1144
f 1155//1141 1158//1144 1154//1140
f 1158//1144 1157//1143 1159//1145
f 1158//1144 1159//1145 1154//1140
f 1157//1143 1156//1142 1160//1146
f 1157//1143 1160//1146 1159//1145
f 1160//1146 1156//1142 1161//1147
f 1161//1147 1156//1142 1149//1135
f 1159//1145 1160//1146 1162//1148
f 1162//1148 1160//1146 1161//1147
f 1154//1140 1159//1145 1163//1149
f 1163//1149 1159//1145 1162//1148
f 1154//1140 1163//1149 1164//1150
f 1164//1150 1163//1149 1162//1148
f 1154//1140 1164//1150 1165//1151
f 1165//1151 1164//1150 1162//1148
f 1154//1140 1165//1151 1166//1152
f 1154//1140 1166//1152 1167//1153
f 1154//1140 1167//1153 1139//1125
f 1139//1125 1167//1153 1134//1120
f 1134//1120 1167//1153 1166//1152
f 1134//1120 1166//1152 1168//1154
f 1168//1154 1166//1152 1165//1151
f 1134//1120 1168//1154 1131//1116
f 1169//1155 1165//1151 1162//1148
f 1165//1151 1169//1155 1168//1154
f 1131//1116 1168//1154 1170//1156
f 1170//1156 1168//1154 1169//1155
f 1131//1116 1170//1156 1130//1118
f 1169//1155 1162//1148 1171//1157
f 1170//1156 1169//1155 1172//1158
f 1170//1156 1172//1158 1130//1118
f 1172//1158 1169//1155 1171//1157
f 1171//1157 1162//1148 1161//1147
f 1171//1157 1161//1147 1130//1118
f 1172//1158 1171//1157 1173//1159
f 1172//1158 1173//1159 1130//1118
f 1130//1160 1173//1159 1124//1160
f 1171//1157 1130//1118 1174//1161
f 1171//1157 1174//1161 1173//1159
f 1130//1118 1161//1147 1175//1162
f 1175//1162 1161//1147 1149//1135
f 1130//1163 1175//1162 1124//1163
f 1175//1162 1149//1135 1176//1164
f 1173//1159 1174//1161 1177//1165
f 1175//1162 1176//1164 1124//1109
f 1173//1159 1177//1165 1124//1109
f 1124//1109 1176//1164 1119//1104
f 1176//1164 1149//1135 1178//1166
f 1176//1164 1178//1166 1119//1104
f 1178//1166 1149//1135 1111//1096
f 1119//1104 1178//1166 1113//1098
f 1113//1098 1178//1166 1111//1096
f 1179//1167 1177//1165 1174//1161
f 1179//1167 1174//1161 1180//1168
f 1180//1168 1174//1161 1130//1118
f 1180//1168 1130//1118 1124//1109
f 1177//1165 1179//1167 1181//1169
f 1181//1169 1179//1167 1180//1168
f 1182//1170 1181//1169 1180//1170
f 1183//1171 1124//1109 1177//1165
f 1124//1109 1183//1171 1180//1168
f 1177//1165 1181//1169 1184//1172
f 1177//1165 1184//1172 1183//1171
f 1184//1172 1181//1169 1185//1173
f 1185//1173 1181//1169 1182//1174
f 1186//1175 1187//1175 1185//1173
f 1184//1172 1185//1173 1188//1176
f 1184//1172 1188//1176 1183//1171
f 1186//1177 1183//1177 1188//1176
f 1188//1176 1185//1173 1189//1178
f 1187//1179 1186//1179 1189//1178
f 1188//1176 1189//1178 1186//1180
f 1182//1174 1186//1180 1185//1173
f 1189//1178 1185//1173 1187//1181
f 1190//1182 1186//1180 1183//1171
f 1191//1183 1187//1181 1186//1180
f 1191//1183 1186//1180 1190//1182
f 1187//1181 1191//1183 1192//1184
f 1190//1182 1183//1171 1193//1185
f 1191//1183 1190//1182 1194//1186
f 1194//1186 1190//1182 1195//1187
f 1195//1187 1190//1182 1193//1185
f 1191//1183 1194//1186 1196//1188
f 1191//1183 1196//1188 1192//1184
f 1196//1188 1194//1186 1197//1189
f 1197//1189 1194//1186 1195//1187
f 1196//1188 1197//1189 1198//1190
f 1192//1184 1196//1188 1199//1191
f 1199//1191 1196//1188 1198//1190
f 1192//1184 1199//1191 1187//1181
f 1198//1190 1197//1189 1200//1192
f 1198//1190 1200//1192 1199//1191
f 1197//1189 1195//1187 1201//1193
f 1197//1189 1201//1193 1200//1192
f 1201//1193 1195//1187 1202//1194
f 1202//1194 1195//1187 1203//1195
f 1203//1195 1195//1187 1193//1185
f 1201//1193 1202//1194 1204//1196
f 1200//1192 1201//1193 1205//1197
f 1205//1197 1201//1193 1204//1196
f 1206//1198 1199//1191 1200//1192
f 1206//1198 1200//1192 1205//1197
f 1199//1191 1206//1198 1207//878
f 1208//1199 1202//1194 1203//1195
f 1202//1194 1208//1199 1204//1196
f 1207//878 1206//1198 1209//1200
f 1207//878 1209//1200 1210//1201
f 1210//878 1209//1200 1211//878
f 1212//1202 1199//1191 1210//1201
f 1199//1191 1212//1202 1187//1181
f 1210//1203 1211//1203 1212//1202
f 1187//1181 1212//1202 1213//1204
f 1187//1181 1213//1204 1214//1205
f 1213//1204 1212//1202 1211//1206
f 1215//1207 1211//1206 1210//1201
f 1213//1204 1211//1206 1216//1208
f 1213//1204 1216//1208 1214//1205
f 1216//1208 1211//1206 1217//1209
f 1217//1209 1211//1206 1209//1200
f 1216//1208 1217//1209 1218//1210
f 1216//1208 1218//1210 1214//1205
f 1187//1211 1214//1205 1186//1211
f 1186//1212 1214//1205 1182//1212
f 1217//1209 1209//1200 1219//1213
f 1219//1213 1209//1200 1206//1198
f 1219//1213 1206//1198 1205//1197
f 1217//1209 1219//1213 1220//1214
f 1220//1214 1219//1213 1205//1197
f 1217//1209 1220//1214 1218//1210
f 1220//1214 1205//1197 1204//1196
f 1221//1215 1214//1205 1218//1210
f 1214//1205 1221//1215 1182//1174
f 1182//1216 1221//1215 1180//1216
f 1221//1215 1218//1210 1222//1217
f 1222//1217 1218//1210 1220//1214
f 1220//1214 1204//1196 1223//1218
f 1220//1214 1223//1218 1222//1217
f 1223//1218 1204//1196 1208//1199
f 1221//1215 1222//1217 1224//1219
f 1222//1217 1223//1218 1225//1220
f 1222//1217 1225//1220 1224//1219
f 1221//1215 1224//1219 1180//1168
f 1225//1220 1223//1218 1226//1221
f 1226//1221 1223//1218 1208//1199
f 1224//1219 1225//1220 1227//1222
f 1226//1221 1208//1199 1228//1223
f 1228//1223 1208//1199 1203//1195
f 1225//1220 1226//1221 1229//1224
f 1225//1220 1229//1224 1227//1222
f 1226//1221 1228//1223 1230//1225
f 1226//1221 1230//1225 1229//1224
f 1228//1223 1203//1195 1231//1226
f 1231//1226 1203//1195 1193//1185
f 1230//1225 1228//1223 1232//1227
f 1232//1227 1228//1223 1231//1226
f 1229//1224 1230//1225 1233//1228
f 1231//1226 1193//1185 1234//1229
f 1234//1229 1193//1185 1183//1171
f 1232//1227 1231//1226 1235//1230
f 1235//1230 1231//1226 1234//1229
f 1230//1225 1232//1227 1236//1231
f 1230//1225 1236//1231 1233//1228
f 1234//1229 1183//1171 1237//1232
f 1236//1231 1232//1227 1238//1233
f 1238//1233 1232//1227 1235//1230
f 1235//1230 1234//1229 1239//1234
f 1239//1234 1234//1229 1237//1232
f 1238//1233 1235//1230 1240//1235
f 1240//1235 1235//1230 1239//1234
f 1236//1231 1238//1233 1241//1236
f 1239//1234 1237//1232 1242//1237
f 1240//1235 1239//1234 1243//1238
f 1243//1238 1239//1234 1242//1237
f 1238//1233 1240//1235 1244//1239
f 1238//1233 1244//1239 1241//1236
f 1244//1239 1240//1235 1245//1240
f 1245//1240 1240//1235 1243//1238
f 1182//1241 1237//1232 1183//1241
f 1180//1241 1183//1241 1182//1241
f 1182//1174 1180//1168 1237//1232
f 1237//1232 1180//1168 1242//1237
f 1246//1242 1243//1238 1242//1237
f 1242//1237 1180//1168 1247//1243
f 1247//1243 1180//1168 1224//1219
f 1247//1243 1224//1219 1227//1222
f 1242//1237 1247//1243 1248//1244
f 1242//1237 1248//1244 1246//1242
f 1248//1244 1247//1243 1227//1222
f 1243//1238 1246//1242 1249//1245
f 1249//1245 1246//1242 1248//1244
f 1248//1244 1227//1222 1250//255
f 1250//255 1227//1222 1229//1224
f 1250//255 1229//1224 1233//1228
f 1248//1244 1250//255 1251//1246
f 1248//1244 1251//1246 1249//1245
f 1250//255 1233//1228 1252//1247
f 1250//255 1252//1247 1251//1246
f 1252//1247 1233//1228 1253//1248
f 1253//1248 1233//1228 1236//1231
f 1253//1248 1236//1231 1241//1236
f 1251//1246 1252//1247 1254//1249
f 1251//1246 1254//1249 1249//1245
f 1252//1247 1253//1248 1255//1250
f 1252//1247 1255//1250 1254//1249
f 1253//1248 1241//1236 1256//1251
f 1253//1248 1256//1251 1255//1250
f 1256//1251 1241//1236 1257//1252
f 1257//1252 1241//1236 1244//1239
f 1255//1250 1256//1251 1258//1253
f 1255//1250 1258//1253 1254//1249
f 1258//1253 1256//1251 1257//1252
f 1257//1252 1244//1239 1259//1254
f 1257//1252 1259//1254 1258//1253
f 1259//1254 1244//1239 1245//1240
f 1254//1249 1258//1253 1260//1255
f 1254//1249 1260//1255 1249//1245
f 1258//1253 1259//1254 1261//1256
f 1261//1256 1259//1254 1245//1240
f 1258//1253 1261//1256 1260//1255
f 1261//1256 1245//1240 1262//1257
f 1261//1256 1262//1257 1260//1255
f 1260//1255 1262//1257 1249//1245
f 1262//1257 1245//1240 1243//1238
f 1262//1257 1243//1238 1249//1245
f 1182//1258 1183//1258 1186//1258
o tripo_part_2
g tripo_part_2
usemtl mat_0
v 0.102745071 0.367902398 0.083166115
vn -0.173632517 -0.970763624 0.165740132
v 0.118400589 0.358121514 0.069471352
vn -0.102169178 -0.895945132 0.432254255
v 0.141883865 0.365949273 0.090993874
vn 0.055116400 -0.944852650 0.322824627
v 0.147758499 0.354200006 0.063596718
vn 0.157008901 -0.902801216 0.400372714
v 0.091003433 0.371823907 0.124273293
vn -0.070732512 -0.982396007 0.172901705
v 0.083175674 0.375730157 0.090993874
vn -0.330187023 -0.943391621 -0.031446386
v 0.055780426 0.383557916 0.096868508
vn -0.102027483 -0.981033564 -0.164813638
v 0.028382316 0.377683282 0.130132660
vn -0.023695618 -0.995215952 0.094782472
v 0.032296196 0.381604791 0.094915383
vn 0.063080184 -0.993512928 -0.094620280
v -0.024456009 0.377683282 0.116437905
vn -0.039501324 -0.995433450 0.086902916
v 0.010770813 0.381604791 0.085126869
vn 0.039218400 -0.996147394 -0.078436799
v -0.004886612 0.381604791 0.073385231
vn -0.275761575 -0.945468307 0.173335865
v 0.083175674 0.391385674 0.177099213
vn 0.079044595 -0.893203974 0.442649782
v 0.139930740 0.385511041 0.149709687
vn 0.196990877 -0.858880281 0.472778141
v 0.022511497 0.393338799 0.184926972
vn 0.000000000 -0.932738245 0.360554278
v 0.134056106 0.416822076 0.196676239
vn 0.331531882 -0.678851008 0.655170202
v -0.059677109 0.379651666 0.077299111
vn -0.070634417 -0.996730208 -0.039241347
v 0.079261795 0.414868951 0.216238007
vn 0.165451810 -0.685443223 0.709079266
v -0.049896225 0.393338799 0.173192963
vn -0.117760301 -0.942082405 0.314027458
v 0.179061905 0.418782830 0.165365204
vn 0.804572642 -0.457502067 0.378622442
v -0.110565171 0.389432549 0.122312538
vn -0.283394277 -0.944647670 0.165313333
v 0.012727752 0.410962701 0.224065766
vn 0.007856014 -0.714897335 0.699185312
v -0.069465622 0.412915826 0.214284882
vn -0.244079366 -0.716491044 0.653502762
v -0.161437973 0.420743585 0.159490570
vn -0.527477264 -0.740042806 0.417258173
v 0.006856933 0.493150353 0.265172958
vn 0.000000000 -0.283017457 0.959114790
v 0.085132614 0.481408715 0.249517426
vn 0.165354326 -0.330708653 0.929133832
v 0.139930740 0.475537896 0.235815033
vn 0.307162821 -0.393798500 0.866356730
v 0.102745071 0.569471002 0.265172958
vn 0.172992557 -0.062906384 0.982912242
v 0.184936538 0.477498651 0.214284882
vn 0.756445110 -0.386102200 0.527935624
v -0.092941269 0.497064233 0.255376816
vn -0.300060272 -0.292163968 0.908077121
v -0.143829331 0.397260308 0.040117256
vn -0.363027245 -0.931243718 0.031567585
v -0.092941269 0.602738976 0.265172958
vn -0.291836590 0.063099802 0.954384506
v -0.208404526 0.495107293 0.188848481
vn -0.700244963 -0.377660215 0.605829895
v -0.210357651 0.434445977 0.051858895
vn -0.653340816 -0.747799754 0.118073650
v -0.224075302 0.604695916 0.196676239
vn -0.733626544 0.039442290 0.678407311
v -0.265151978 0.504891992 0.061643593
vn -0.897860467 -0.393798441 0.196899220
v -0.284744263 0.614484429 0.065557472
vn -0.969406009 0.023644049 0.244321838
v -0.200576767 0.708417535 0.184926972
vn -0.628966630 0.369517893 0.684001207
v 0.018598571 0.590997338 0.276922226
vn 0.007872797 0.015745593 0.999845147
v -0.067504868 0.694715142 0.251470566
vn -0.220151901 0.345953017 0.912057877
v 0.047951713 0.682981133 0.263219833
vn 0.070784993 0.298869997 0.951665044
v -0.161437973 0.790601373 0.149709687
vn -0.504061997 0.590697706 0.630077541
v -0.257339478 0.741681695 0.065557472
vn -0.876273334 0.394717723 0.276302397
v -0.063590989 0.804303765 0.190801606
vn -0.219710916 0.619898677 0.753294587
v -0.186874375 0.843457818 0.061643593
vn -0.621661961 0.723960757 0.299027264
v -0.083160385 0.888440728 0.079252236
vn -0.260343403 0.891478896 0.370792121
v -0.288650513 0.616437554 -0.000978828
vn -0.999876022 0.015746079 0.000000000
v -0.261245728 0.743634820 -0.000978828
vn -0.916696012 0.399585456 0.000000000
v -0.188842759 0.849317193 -0.000978828
vn -0.645589292 0.763684928 0.000000000
v -0.085121140 0.898236871 -0.000978828
vn -0.259128571 0.965842903 0.000000000
v -0.186874375 0.843457818 -0.065561302
vn -0.615318835 0.725760698 -0.307659417
v -0.257339478 0.741681695 -0.067514427
vn -0.876273334 0.394717723 -0.276302397
v -0.083160385 0.888440728 -0.081216820
vn -0.260343403 0.891478896 -0.370792121
v 0.034253374 0.909986138 -0.000978828
vn 0.086291105 0.996270061 0.000000000
v 0.036210313 0.900189996 0.085126869
vn 0.086911060 0.924417555 0.371347219
v -0.161437973 0.790601373 -0.151666656
vn -0.504061997 0.590697706 -0.630077541
v 0.051865593 0.808210015 0.198629364
vn 0.094532169 0.638092101 0.764135003
v 0.141883865 0.878675103 -0.000978828
vn 0.425038815 0.905175209 0.000000000
v 0.143844619 0.868878961 0.079252236
vn 0.417607754 0.843094885 0.338813812
v 0.151672378 0.776914239 0.190801606
vn 0.354495585 0.590825975 0.724746525
v 0.137969986 0.655576348 0.253423691
vn 0.244443327 0.244443327 0.938346922
v 0.036210313 0.900189996 -0.087083824
vn 0.086911060 0.924417555 -0.371347219
v 0.161453262 0.555773377 0.251470566
vn 0.275368690 -0.133750513 0.951988995
v 0.198638931 0.641881585 0.237768158
vn 0.401948810 0.212796450 0.890592515
v -0.063590989 0.804303765 -0.192758575
vn -0.219710916 0.619898677 -0.753294587
v 0.224075332 0.735807061 0.179067597
vn 0.543138742 0.527395606 0.653340816
v 0.202545181 0.549902081 0.235815033
vn 0.708310246 -0.267583847 0.653219402
v 0.237777725 0.630139947 0.216238007
vn 0.763590157 -0.015744127 0.645509243
v 0.204513565 0.547945142 0.208410248
vn 0.851635456 -0.370619118 -0.370619118
v 0.186889663 0.483365655 0.192754731
vn 0.912057877 0.031450272 -0.408853501
v 0.269088745 0.696668267 0.159490570
vn 0.827670157 0.275890023 0.488719493
v 0.243652359 0.616437554 0.190801606
vn 0.854987442 -0.517698824 -0.031375688
v 0.165374771 0.545988202 0.188848481
vn 0.141992211 -0.086773030 -0.986057103
v 0.276916504 0.751462579 0.067510597
vn 0.841450930 0.503297746 0.196600676
v 0.198638931 0.602738976 0.165365204
vn 0.118198223 -0.583111227 -0.803747892
v 0.276916504 0.671231866 0.141881928
vn 0.924446464 -0.379260093 0.039506257
v 0.233856216 0.649709344 0.120351784
vn 0.173963338 -0.814464688 -0.553519666
v 0.288650513 0.722119927 0.061643593
v 0.243652359 0.684934258 0.049901955
vn 0.133457556 -0.949903846 -0.282615989
v 0.288650513 0.726026177 -0.000978828
vn 0.975441039 -0.220260888 0.000000000
v 0.227996841 0.810163140 0.073385231
vn 0.654009819 0.701287687 0.283666909
v 0.276916504 0.755384088 -0.000978828
vn 0.858880401 0.512176335 0.000000000
v 0.227996841 0.818006158 -0.000978828
vn 0.683157146 0.730271459 0.000000000
v 0.143844619 0.868878961 -0.081216820
vn 0.417607754 0.843094885 -0.338813812
v 0.227996841 0.810163140 -0.077302940
vn 0.654009819 0.701287687 -0.283666909
v 0.276916504 0.751462579 -0.069475181
vn 0.844774902 0.497390807 -0.197377309
v 0.051865593 0.808210015 -0.200586334
vn 0.094532169 0.638092101 -0.764135003
v 0.151672378 0.776914239 -0.192758575
vn 0.354495585 0.590825975 -0.724746525
v 0.224075332 0.735807061 -0.181024566
vn 0.545390666 0.521678090 -0.656049669
v 0.047951713 0.682981133 -0.265161514
vn 0.070784993 0.298869997 -0.951665044
v 0.288650513 0.722119927 -0.063600548
v 0.269088745 0.696668267 -0.161447540
vn 0.827670157 0.275890023 -0.488719493
v 0.243652359 0.684934258 -0.051858909
vn 0.172608763 -0.933656454 0.313834101
v 0.276916504 0.671231866 -0.143838897
vn 0.924446464 -0.379260093 -0.039506257
v 0.137969986 0.655576348 -0.255395889
vn 0.244908229 0.237007961 -0.940131545
v 0.237777725 0.630139947 -0.218194976
vn 0.763590157 -0.015744127 -0.645509243
v 0.243652359 0.616437554 -0.192758575
vn 0.854987442 -0.517698824 0.031375688
v 0.233856216 0.649709344 -0.122308739
vn 0.259834468 -0.818872213 0.511795163
v 0.204513565 0.547945142 -0.210367218
vn 0.851635456 -0.370619118 0.370619118
v 0.198638931 0.602738976 -0.167322174
vn 0.165354326 -0.614173234 0.771653533
v 0.153625503 0.673184991 -0.112527855
vn -0.583183646 -0.512255847 0.630468786
v 0.198638931 0.641881585 -0.239725128
vn 0.392534345 0.211968556 -0.894978344
v 0.202545181 0.549902081 -0.237772003
vn 0.700700521 -0.267683327 -0.661335289
v 0.163406387 0.555773377 -0.251459122
vn 0.275368690 -0.133750513 -0.951988995
v 0.102745071 0.569471002 -0.267114639
vn 0.180604756 -0.062819049 -0.981547654
v 0.184936538 0.477498651 -0.216241851
vn 0.745241344 -0.400076956 -0.533435941
v 0.139930740 0.475537896 -0.237772003
vn 0.314415306 -0.408739895 -0.856781721
v 0.018598571 0.590997338 -0.278863907
vn 0.007872797 0.015745593 -0.999845147
v -0.067504868 0.694715142 -0.253412247
vn -0.220151901 0.345953017 -0.912057877
v -0.200576767 0.708417535 -0.186883941
vn -0.628966630 0.369517893 -0.684001207
v -0.092941269 0.602738976 -0.267114639
vn -0.291836590 0.063099802 -0.954384506
v 0.006856933 0.493150353 -0.267114639
vn 0.000000000 -0.283017457 -0.959114790
v -0.284744263 0.614484429 -0.067514427
vn -0.969406009 0.023644049 -0.244321838
v -0.224075302 0.604695916 -0.198633209
vn -0.733626544 0.039442290 -0.678407311
v -0.092941269 0.497064233 -0.257349014
vn -0.300060272 -0.292163968 -0.908077121
v -0.265151978 0.504891992 -0.063600548
vn -0.897860467 -0.393798441 -0.196899220
v -0.208404526 0.495107293 -0.190805450
vn -0.700244963 -0.377660215 -0.605829895
v -0.267105103 0.504891992 -0.000978828
vn -0.912509322 -0.409055918 0.000000000
v -0.210357651 0.434445977 -0.053815849
vn -0.653340816 -0.747799754 -0.118073650
v -0.214279160 0.436399102 -0.000978828
vn -0.662403703 -0.749147058 0.000000000
v -0.147735581 0.399213433 -0.000978828
v -0.161437973 0.420743585 -0.161447540
vn -0.527477264 -0.740042806 -0.417258173
v -0.143829331 0.397260308 -0.042074211
vn -0.363027245 -0.931243718 -0.031567585
v -0.083160385 0.383557916 -0.000978828
vn -0.078497194 -0.996914387 0.000000000
v -0.079246506 0.383557916 0.028375618
v -0.069465622 0.412915826 -0.216241851
vn -0.260416329 -0.694443583 -0.670769334
v -0.036193833 0.387479424 0.024461739
vn -0.188503653 -0.981789827 -0.023562957
v -0.040107712 0.387479424 -0.000978828
vn -0.574518323 -0.818491817 0.000000000
v -0.026412949 0.385511041 0.047945015
vn -0.243116707 -0.964624345 0.101952158
v -0.034240708 0.350293756 -0.000978828
vn -0.985474706 -0.157675952 -0.063070379
v -0.016628250 0.383557916 0.059686653
vn -0.566648126 -0.747660756 0.346285015
v -0.022499070 0.348340631 0.049901955
vn -0.818263650 -0.023603760 0.574358225
v -0.010757431 0.348340631 0.067510597
vn -0.812106907 -0.007884533 0.583455503
v -0.036193833 0.387479424 -0.028375633
vn -0.550822616 -0.826233983 -0.118033424
v -0.030326828 0.350293756 -0.028375633
vn -0.965813160 -0.149190649 -0.212007776
v -0.026412949 0.385511041 -0.049901970
vn -0.244382560 -0.969646931 0.007883308
v -0.079246506 0.383557916 -0.030332573
vn -0.070680141 -0.997375369 0.015706699
v -0.059677109 0.379651666 -0.079256065
vn -0.070634417 -0.996730208 0.039241347
v -0.018585190 0.383557916 -0.061643608
vn 0.023630107 -0.984587789 0.173287451
v -0.004886612 0.381604791 -0.075342186
vn 0.031587262 -0.994998753 0.094761789
v -0.110565171 0.389432549 -0.124269493
vn -0.290977985 -0.943712413 -0.157285392
v -0.024456009 0.377683282 -0.118394859
vn -0.039320134 -0.998731434 -0.031456109
v 0.010770813 0.381604791 -0.085130699
vn 0.039241347 -0.996730208 0.070634417
v 0.026425377 0.381604791 -0.092958458
vn 0.063080184 -0.993512928 0.094620280
v -0.049896225 0.387479424 -0.175149933
v 0.012727752 0.410962701 -0.226022735
vn 0.000000000 -0.662403703 -0.749147058
v 0.022511497 0.385511041 -0.186883941
vn -0.015812872 -0.925053000 -0.379508913
v 0.028382316 0.377683282 -0.132089630
vn -0.023612533 -0.999597251 -0.015741689
v 0.049908653 0.383557916 -0.098825462
vn -0.055142045 -0.984679401 0.165426135
v 0.085132614 0.481408715 -0.251459122
vn 0.165354326 -0.330708653 -0.929133832
v 0.079261795 0.414868951 -0.218194976
vn 0.204902336 -0.630468786 -0.748681664
v 0.091003433 0.371823907 -0.126230255
vn -0.094453074 -0.991757214 -0.086581983
v 0.083175674 0.383557916 -0.181024566
vn 0.102486193 -0.875074446 -0.473013222
v 0.134056106 0.418782830 -0.192758575
vn 0.355645120 -0.624354780 -0.695483804
v 0.077304855 0.377683282 -0.094911583
vn -0.141561240 -0.943741679 -0.298851520
v 0.139930740 0.377683282 -0.153619781
vn 0.212697372 -0.850789487 -0.480538517
v 0.179061905 0.418782830 -0.167322174
vn 0.803149581 -0.425196856 -0.417322844
v 0.102745071 0.367902398 -0.085130699
vn 0.213014886 -0.662712872 -0.717939019
v 0.077304855 0.344419122 -0.098825462
vn 0.354495615 0.157553598 -0.921688557
v 0.096874252 0.340512872 -0.092958458
vn 0.473440081 0.149922684 -0.867973447
v 0.141883865 0.365949273 -0.092958458
vn 0.039277650 -0.958374739 -0.282799065
v 0.118400589 0.358121514 -0.073389061
vn 0.386102170 -0.527935624 -0.756445110
v 0.112533584 0.334638238 -0.081216820
vn 0.664244354 0.079076715 -0.743321121
v 0.132102981 0.350293756 -0.057729729
vn 0.133211508 -0.830612957 -0.540681958
v 0.145797744 0.354200006 -0.067514427
vn 0.141504362 -0.911917031 -0.385206342
v 0.137969986 0.344419122 -0.045988090
vn 0.181451455 -0.923035681 -0.339235336
v 0.175155655 0.377683282 -0.132089630
vn 0.685869098 -0.670102000 -0.283807904
v 0.175155655 0.363996148 -0.071428306
vn 0.758165240 -0.623906791 -0.189541310
v 0.159500137 0.344419122 -0.028375633
vn 0.345164418 -0.902134299 -0.258873314
v 0.147758499 0.340512872 -0.024461754
vn 0.355378866 -0.908190489 -0.221124634
v 0.175155655 0.352246881 -0.028375633
vn 0.794291317 -0.566227436 -0.220199570
v 0.163406387 0.340512872 -0.000978828
v 0.151672378 0.338544488 -0.000978828
vn 0.615031838 -0.788502336 0.000000000
v 0.145797744 0.322888970 -0.000978828
vn 0.935356557 -0.353706300 0.000000000
v 0.147758499 0.340512872 0.022504799
vn 0.345164418 -0.917823613 0.196116149
v 0.157539383 0.346372247 0.040117256
vn 0.299892068 -0.915459931 0.268324465
v 0.137969986 0.344419122 0.044031136
vn 0.157324329 -0.936079741 0.314648658
v 0.175155655 0.363996148 0.069471352
vn 0.763945341 -0.606430829 0.220520303
v 0.175155655 0.352246881 0.026418678
vn 0.812132120 -0.551934481 0.189234674
v 0.179061905 0.342465997 -0.000978828
vn 0.714919388 -0.699206889 0.000000000
v 0.177108780 0.373777032 -0.020547874
vn 0.913612485 0.401674449 0.063007757
v 0.177108780 0.373777032 0.018590920
vn 0.917738795 0.392196059 -0.062751375
v 0.177108780 0.385511041 0.049901955
vn 0.906721354 0.394226670 -0.149806142
v 0.175155655 0.381604791 0.130132660
vn 0.667534709 -0.667534709 0.329840690
v 0.179061905 0.401166558 0.096868508
vn 0.938171983 0.299584329 -0.173443571
v 0.153625503 0.403134942 0.047945015
vn 0.346984178 0.883232474 -0.315440148
v 0.181030288 0.430532098 0.147756562
vn 0.929854751 0.252164006 -0.267924249
v 0.153625503 0.422696710 0.096868508
vn 0.329606980 0.847560823 -0.415932626
v 0.153625503 0.391385674 0.008806220
vn 0.409410745 0.850314617 -0.330677897
v 0.155586258 0.491193414 0.175146088
vn 0.220417783 0.417219400 -0.881671131
v 0.069477096 0.407041192 0.045988075
vn 0.071038112 0.970854282 -0.228900582
v 0.153625503 0.446187615 0.136007294
vn 0.275164366 0.746874750 -0.605361640
v 0.075347915 0.428571343 0.108610146
vn -0.015680129 0.909447432 -0.415523410
v 0.085132614 0.459882379 0.163412079
vn -0.007890422 0.670685828 -0.741699636
v 0.094917312 0.504891992 0.184926972
v 0.008813873 0.428571343 0.112524025
vn 0.023527423 0.886199594 -0.462705970
v -0.055763230 0.471624017 0.159490570
vn 0.228169680 0.692377031 -0.684509039
v 0.016641632 0.412915826 0.051858895
vn -0.015797079 0.987317383 -0.157970786
v -0.026412949 0.420743585 0.096868508
vn 0.213227332 0.916087806 -0.339584231
v 0.067522064 0.401166558 -0.000978828
vn 0.149066627 0.988547087 0.023536835
v -0.014671311 0.407041192 0.047945015
vn 0.220090687 0.974687338 0.039301910
v 0.016641632 0.412915826 -0.000978828
vn 0.197334260 0.978778005 0.055253595
v -0.077293381 0.444226861 0.053815834
vn 0.455733240 0.887894094 -0.062859759
v -0.126220688 0.477498651 0.120351784
vn 0.504296720 0.764324725 -0.401861459
v -0.071418747 0.528375268 0.198629364
vn 0.227768227 0.322017133 -0.918926954
v -0.159484848 0.481408715 0.045988075
vn 0.620472014 0.777553499 -0.102102980
v -0.165359482 0.532289147 0.149709687
vn 0.690116525 0.360742718 -0.627378583
v -0.063590989 0.612523675 0.204503998
vn 0.181096748 -0.118106581 -0.976347685
v -0.208404526 0.544031262 0.053815834
vn 0.927639723 0.322315484 -0.188672498
v 0.108619705 0.567514062 0.194723114
vn -0.094735205 -0.039473001 -0.994719684
v -0.169265732 0.626226068 0.153615937
vn 0.701287627 -0.165472358 -0.693408012
v -0.038154587 0.688840508 0.184926972
vn 0.102128193 -0.416368812 -0.903441727
v 0.139930740 0.634053826 0.173192963
vn -0.292245954 -0.363332808 -0.884636402
v 0.175155655 0.647748590 0.139928803
vn -0.401749253 -0.527788222 -0.748356402
v 0.120361343 0.722119927 0.139928803
vn -0.415919840 -0.572870731 -0.706278980
v 0.177108780 0.682981133 0.114484780
vn -0.512255847 -0.630468786 -0.583183646
v 0.186889663 0.718198419 0.045988075
vn -0.590551198 -0.771653533 -0.236220479
v 0.063608184 0.751462579 0.134054169
vn -0.196935877 -0.685336828 -0.701091766
v 0.122314468 0.776914239 0.059686653
vn -0.518481016 -0.801288843 -0.298519373
v -0.026412949 0.759290338 0.139928803
vn 0.110520966 -0.686808825 -0.718386292
v 0.057737365 0.804303765 0.055772774
vn -0.235782340 -0.919551075 -0.314376444
v 0.243652359 0.688840508 -0.000978828
vn 0.102629803 -0.994719684 0.000000000
v 0.196685806 0.710370660 -0.000978828
v 0.186889663 0.718198419 -0.049901970
vn -0.607335567 -0.725647748 0.323386490
v 0.186889663 0.722119927 -0.000978828
vn -0.722641826 -0.691222668 0.000000000
v 0.122314468 0.782773614 -0.000978828
vn -0.541947961 -0.840412140 0.000000000
v 0.122314468 0.776914239 -0.061643608
vn -0.511478186 -0.802627265 0.306886911
v 0.120361343 0.722119927 -0.141885772
vn -0.489541531 -0.505333185 0.710624814
v 0.134056106 0.622312188 -0.175149933
vn -0.291872919 -0.402311295 0.867730260
v 0.057737365 0.810163140 -0.000978828
v 0.165374771 0.545988202 -0.190805450
vn 0.149601668 -0.094485261 0.984221458
v 0.057737365 0.804303765 -0.059686668
vn -0.243701965 -0.911917031 0.330176830
v -0.038154587 0.821912408 -0.000978828
vn 0.110431522 -0.993883729 0.000000000
v 0.063608184 0.751462579 -0.132089630
vn -0.196948096 -0.693257391 0.693257391
v -0.038154587 0.688840508 -0.186883941
vn 0.094344996 -0.416690409 0.904139519
v -0.026412949 0.759290338 -0.141885772
vn 0.087014318 -0.680293739 0.727756143
v -0.038154587 0.816053033 -0.061643608
vn 0.118271679 -0.930403829 0.346930265
v -0.102737412 0.749509454 -0.112527855
vn 0.410929173 -0.671711147 0.616393805
v -0.122299179 0.786695123 -0.047945030
vn 0.511478186 -0.802627265 0.306886911
v -0.124252304 0.792569757 -0.000978828
vn 0.532813251 -0.846232891 0.000000000
v 0.108619705 0.567514062 -0.196680084
vn -0.110212311 -0.062978461 0.991910815
v -0.063590989 0.612523675 -0.206460968
vn 0.181096748 -0.118106581 0.976347685
v 0.094917312 0.504891992 -0.186883941
vn -0.023680851 0.363106370 0.931446731
v -0.137954697 0.696668267 -0.141885772
vn 0.540466309 -0.493469298 0.681457520
v -0.177093491 0.731900811 -0.055772789
vn 0.785553038 -0.542031586 0.298510164
v -0.179046616 0.735807061 -0.000978828
vn 0.834464669 -0.551061511 0.000000000
v -0.210357651 0.647748590 -0.057729729
vn 0.951312065 -0.188690007 0.243724585
v -0.122299179 0.786695123 0.045988075
vn 0.513453126 -0.797827125 -0.315971136
v -0.212326035 0.649709344 -0.000978828
vn 0.983490050 -0.180962160 0.000000000
v -0.177093491 0.731900811 0.053815834
vn 0.785553038 -0.542031586 -0.298510164
v -0.038154587 0.816053033 0.059686653
vn 0.117945835 -0.927840531 -0.353837490
v -0.102737412 0.749509454 0.108610146
vn 0.410929173 -0.671711147 -0.616393805
v -0.137954697 0.696668267 0.139928803
vn 0.537772119 -0.498230070 -0.680123508
v -0.210357651 0.647748590 0.055772774
vn 0.951312065 -0.188690007 -0.243724585
v -0.210357651 0.545988202 -0.000978828
vn 0.946291029 0.323316097 0.000000000
v -0.161437973 0.483365655 -0.000978828
vn 0.623731792 0.781638563 0.000000000
v -0.208404526 0.544031262 -0.055772789
vn 0.927639723 0.322315484 0.188672498
v -0.169265732 0.626226068 -0.155572906
vn 0.701287627 -0.165472358 0.693408012
v -0.165359482 0.532289147 -0.151666656
vn 0.690116525 0.360742718 0.627378583
v -0.159484848 0.481408715 -0.047945030
vn 0.620472014 0.777553499 0.102102980
v -0.079246506 0.446187615 -0.000978828
v -0.053810105 0.418782830 -0.000978828
vn 0.337330133 0.941386521 0.000000000
v -0.077293381 0.444226861 -0.055772789
vn 0.378481120 0.914662719 0.141930416
v -0.126220688 0.477498651 -0.122308739
vn 0.486427933 0.776715577 0.400126189
v -0.071418747 0.528375268 -0.200586334
vn 0.227768227 0.322017133 0.918926954
v -0.055763230 0.471624017 -0.161447540
vn 0.212908864 0.725467265 0.654497623
v -0.032279953 0.444226861 -0.118394859
vn 0.227972209 0.904027700 0.361611098
v 0.016641632 0.412915826 -0.053815849
vn 0.196935877 0.968924582 0.149671271
v 0.030339256 0.428571343 -0.106653221
vn 0.094344981 0.904139400 0.416690350
v 0.069477096 0.407041192 -0.049901970
vn 0.078555301 0.974085748 0.212099329
v 0.085132614 0.454015374 -0.153619781
vn 0.000000000 0.726575017 0.687087178
v 0.075347915 0.428571343 -0.110567100
vn 0.023694878 0.900405407 0.434406132
v 0.153625503 0.403134942 -0.049901970
vn 0.361622274 0.880471647 0.306592792
v 0.155586258 0.491193414 -0.177103058
vn 0.236161917 0.425091445 0.873799086
v 0.153625503 0.446187615 -0.137964264
vn 0.284064025 0.741722703 0.607581377
v 0.153625503 0.422696710 -0.098825462
vn 0.322584748 0.849735498 0.416999817
v 0.181030288 0.430532098 -0.149713531
vn 0.929854751 0.252164006 0.267924249
v 0.186889663 0.483365655 -0.194711700
vn 0.912057877 0.031450272 0.408853501
v 0.179061905 0.401166558 -0.098825462
vn 0.934634984 0.306308955 0.180643752
v 0.177108780 0.385511041 -0.051858909
vn 0.906721354 0.394226670 0.149806142
v 0.151672378 0.387479424 -0.000978828
vn 0.395383567 0.917289853 -0.047446027
f 1263//1259 1264//1260 1265//1261
f 1265//1261 1264//1260 1266//1262
f 1263//1259 1265//1261 1267//1263
f 1263//1259 1267//1263 1268//1264
f 1268//1264 1267//1263 1269//1265
f 1269//1265 1267//1263 1270//1266
f 1269//1265 1270//1266 1271//1267
f 1271//1267 1270//1266 1272//1268
f 1271//1267 1272//1268 1273//1269
f 1273//1269 1272//1268 1274//1270
f 1270//1266 1267//1263 1275//1271
f 1276//1272 1267//1263 1265//1261
f 1267//1263 1276//1272 1275//1271
f 1270//1266 1275//1271 1277//1273
f 1270//1266 1277//1273 1272//1268
f 1275//1271 1276//1272 1278//1274
f 1274//1270 1272//1268 1279//1275
f 1277//1273 1275//1271 1280//1276
f 1280//1276 1275//1271 1278//1274
f 1272//1268 1277//1273 1281//1277
f 1278//1274 1276//1272 1282//1278
f 1272//1268 1281//1277 1283//1279
f 1272//1268 1283//1279 1279//1275
f 1281//1277 1277//1273 1284//1280
f 1284//1280 1277//1273 1280//1276
f 1283//1279 1281//1277 1285//1281
f 1285//1281 1281//1277 1284//1280
f 1283//1279 1285//1281 1286//1282
f 1285//1281 1284//1280 1287//1283
f 1284//1280 1280//1276 1288//1284
f 1284//1280 1288//1284 1287//1283
f 1288//1284 1280//1276 1289//1285
f 1289//1285 1280//1276 1278//1274
f 1288//1284 1289//1285 1290//1286
f 1288//1284 1290//1286 1287//1283
f 1289//1285 1278//1274 1291//1287
f 1291//1287 1278//1274 1282//1278
f 1292//1288 1285//1281 1287//1283
f 1285//1281 1292//1288 1286//1282
f 1293//1289 1283//1279 1286//1282
f 1292//1288 1287//1283 1294//1290
f 1283//1279 1293//1289 1279//1275
f 1286//1282 1292//1288 1295//1291
f 1286//1282 1295//1291 1296//1292
f 1286//1282 1296//1292 1293//1289
f 1295//1291 1292//1288 1297//1293
f 1297//1293 1292//1288 1294//1290
f 1295//1291 1297//1293 1298//1294
f 1295//1291 1298//1294 1296//1292
f 1298//1294 1297//1293 1299//1295
f 1297//1293 1294//1290 1300//1296
f 1297//1293 1300//1296 1299//1295
f 1301//1297 1294//1290 1287//1283
f 1301//1297 1287//1283 1290//1286
f 1300//1296 1294//1290 1302//1298
f 1302//1298 1294//1290 1301//1297
f 1302//1298 1301//1297 1303//1299
f 1303//1299 1301//1297 1290//1286
f 1300//1296 1302//1298 1304//1300
f 1305//1301 1299//1295 1300//1296
f 1305//1301 1300//1296 1304//1300
f 1304//1300 1302//1298 1306//1302
f 1306//1302 1302//1298 1303//1299
f 1305//1301 1304//1300 1307//1303
f 1304//1300 1306//1302 1308//1304
f 1304//1300 1308//1304 1307//1303
f 1299//1295 1305//1301 1309//1305
f 1299//1295 1309//1305 1298//1294
f 1305//1301 1307//1303 1310//1306
f 1305//1301 1310//1306 1309//1305
f 1310//1306 1307//1303 1311//1307
f 1307//1303 1308//1304 1312//1308
f 1307//1303 1312//1308 1311//1307
f 1310//1306 1311//1307 1313//1309
f 1313//1309 1311//1307 1312//1308
f 1310//1306 1313//1309 1314//1310
f 1310//1306 1314//1310 1309//1305
f 1313//1309 1312//1308 1315//1311
f 1312//1308 1308//1304 1316//1312
f 1312//1308 1316//1312 1315//1311
f 1316//1312 1308//1304 1317//1313
f 1317//1313 1308//1304 1306//1302
f 1314//1310 1313//1309 1318//1314
f 1318//1314 1313//1309 1315//1311
f 1317//1313 1306//1302 1319//1315
f 1319//1315 1306//1302 1303//1299
f 1316//1312 1317//1313 1320//1316
f 1317//1313 1319//1315 1321//1317
f 1317//1313 1321//1317 1320//1316
f 1319//1315 1303//1299 1322//1318
f 1319//1315 1322//1318 1321//1317
f 1322//1318 1303//1299 1323//1319
f 1323//1319 1303//1299 1290//1286
f 1316//1312 1320//1316 1324//1320
f 1316//1312 1324//1320 1315//1311
f 1323//1319 1290//1286 1325//1321
f 1325//1321 1290//1286 1289//1285
f 1325//1321 1289//1285 1291//1287
f 1323//1319 1325//1321 1326//1322
f 1315//1311 1324//1320 1327//1323
f 1323//1319 1326//1322 1328//1324
f 1323//1319 1328//1324 1322//1318
f 1315//1311 1327//1323 1318//1314
f 1326//1322 1325//1321 1329//1325
f 1329//1325 1325//1321 1291//1287
f 1326//1322 1329//1325 1330//1326
f 1326//1322 1330//1326 1328//1324
f 1329//1325 1291//1287 1331//1327
f 1329//1325 1331//1327 1330//1326
f 1331//1327 1291//1287 1332//1328
f 1328//1324 1330//1326 1333//1329
f 1332//1328 1291//1287 1282//1278
f 1330//1326 1331//1327 1334//1330
f 1330//1326 1334//1330 1333//1329
f 1331//1327 1332//1328 1335//1331
f 1328//1324 1333//1329 1336//1332
f 1334//1330 1331//1327 1337//1333
f 1337//1333 1331//1327 1335//1331
f 1333//1329 1334//1330 1338//1334
f 1334//1330 1337//1333 1339//1335
f 1334//1330 1339//1335 1338//1334
f 1333//1329 1338//1334 1340//405
f 1333//1329 1340//405 1336//1332
f 1338//1334 1339//1335 1341//1336
f 1338//1334 1341//1336 1340//405
f 1336//1332 1340//405 1342//1337
f 1342//1337 1340//405 1341//1336
f 1343//1338 1328//1324 1336//1332
f 1328//1324 1343//1338 1322//1318
f 1322//1318 1343//1338 1321//1317
f 1343//1338 1336//1332 1344//1339
f 1344//1339 1336//1332 1342//1337
f 1321//1317 1343//1338 1345//1340
f 1345//1340 1343//1338 1344//1339
f 1321//1317 1345//1340 1320//1316
f 1320//1316 1345//1340 1346//1341
f 1320//1316 1346//1341 1324//1320
f 1345//1340 1344//1339 1347//1342
f 1345//1340 1347//1342 1346//1341
f 1347//1342 1344//1339 1348//1343
f 1348//1343 1344//1339 1342//1337
f 1324//1320 1346//1341 1349//1344
f 1324//1320 1349//1344 1327//1323
f 1346//1341 1347//1342 1350//1345
f 1346//1341 1350//1345 1349//1344
f 1347//1342 1348//1343 1351//1346
f 1347//1342 1351//1346 1350//1345
f 1327//1323 1349//1344 1352//1347
f 1352//1347 1349//1344 1350//1345
f 1353//405 1348//1343 1342//1337
f 1348//1343 1353//405 1354//1348
f 1348//1343 1354//1348 1351//1346
f 1353//405 1342//1337 1355//1349
f 1354//1348 1353//405 1356//1350
f 1356//1350 1353//405 1355//1349
f 1357//1351 1350//1345 1351//1346
f 1350//1345 1357//1351 1352//1347
f 1351//1346 1354//1348 1358//1352
f 1354//1348 1356//1350 1359//1353
f 1354//1348 1359//1353 1358//1352
f 1359//1353 1356//1350 1360//1354
f 1360//1354 1356//1350 1355//1349
f 1358//1352 1359//1353 1361//1355
f 1359//1353 1360//1354 1362//1356
f 1359//1353 1362//1356 1361//1355
f 1360//1354 1355//1349 1363//1357
f 1360//1354 1363//1357 1362//1356
f 1364//1358 1351//1346 1358//1352
f 1351//1346 1364//1358 1357//1351
f 1364//1358 1358//1352 1365//1359
f 1365//1359 1358//1352 1361//1355
f 1357//1351 1364//1358 1366//1360
f 1366//1360 1364//1358 1365//1359
f 1357//1351 1366//1360 1367//1361
f 1357//1351 1367//1361 1352//1347
f 1366//1360 1365//1359 1368//1362
f 1368//1362 1365//1359 1361//1355
f 1367//1361 1366//1360 1369//1363
f 1369//1363 1366//1360 1368//1362
f 1352//1347 1367//1361 1370//1364
f 1352//1347 1370//1364 1371//1365
f 1352//1347 1371//1365 1327//1323
f 1327//1323 1371//1365 1318//1314
f 1318//1314 1371//1365 1372//1366
f 1318//1314 1372//1366 1314//1310
f 1371//1365 1370//1364 1373//1367
f 1371//1365 1373//1367 1372//1366
f 1374//1368 1370//1364 1367//1361
f 1370//1364 1374//1368 1373//1367
f 1314//1310 1372//1366 1375//1369
f 1314//1310 1375//1369 1309//1305
f 1372//1366 1373//1367 1376//1370
f 1372//1366 1376//1370 1375//1369
f 1376//1370 1373//1367 1377//1371
f 1377//1371 1373//1367 1374//1368
f 1375//1369 1376//1370 1378//1372
f 1375//1369 1378//1372 1309//1305
f 1376//1370 1377//1371 1379//1373
f 1376//1370 1379//1373 1378//1372
f 1309//1305 1378//1372 1380//1374
f 1309//1305 1380//1374 1298//1294
f 1298//1294 1380//1374 1296//1292
f 1380//1374 1378//1372 1381//1375
f 1381//1375 1378//1372 1379//1373
f 1296//1292 1380//1374 1382//1376
f 1382//1376 1380//1374 1381//1375
f 1296//1292 1382//1376 1383//721
f 1383//721 1382//1376 1381//1375
f 1296//1292 1383//721 1293//1289
f 1381//1375 1379//1373 1384//1377
f 1384//1377 1379//1373 1377//1371
f 1383//721 1381//1375 1385//1378
f 1385//1378 1381//1375 1384//1377
f 1293//1289 1383//721 1386//1379
f 1386//1379 1383//721 1385//1378
f 1293//1289 1386//1379 1387//1200
f 1293//1289 1387//1200 1279//1275
f 1384//1377 1377//1371 1388//1380
f 1279//1275 1387//1200 1389//1381
f 1388//1380 1377//1371 1374//1368
f 1387//1200 1386//1379 1390//1382
f 1387//1200 1390//1382 1389//1381
f 1279//1275 1389//1381 1391//1383
f 1389//1381 1390//1382 1392//1384
f 1279//1275 1391//1383 1393//1385
f 1393//1385 1391//1383 1394//1386
f 1279//1275 1393//1385 1274//1270
f 1393//1385 1394//1386 1395//1387
f 1393//1385 1395//1387 1274//1270
f 1392//1384 1390//1382 1396//1388
f 1392//1384 1396//1388 1397//1389
f 1397//1389 1396//1388 1398//1390
f 1396//1388 1390//1382 1399//1391
f 1399//1391 1390//1382 1386//1379
f 1399//1391 1386//1379 1385//1378
f 1396//1388 1399//1391 1400//1392
f 1396//1388 1400//1392 1398//1390
f 1400//1392 1399//1391 1385//1378
f 1398//1390 1400//1392 1401//1393
f 1401//1393 1400//1392 1402//1394
f 1400//1392 1385//1378 1403//1395
f 1403//1395 1385//1378 1384//1377
f 1402//1394 1400//1392 1404//1396
f 1404//1396 1400//1392 1403//1395
f 1402//1394 1404//1396 1405//1397
f 1403//1395 1384//1377 1388//1380
f 1405//1397 1404//1396 1406//1398
f 1403//1395 1388//1380 1407//236
f 1403//1395 1407//236 1404//1396
f 1407//236 1388//1380 1408//1399
f 1408//1399 1388//1380 1374//1368
f 1404//1396 1407//236 1409//1400
f 1409//1400 1407//236 1408//1399
f 1406//1398 1404//1396 1410//1401
f 1410//1401 1404//1396 1409//1400
f 1406//1398 1410//1401 1411//1402
f 1408//1399 1374//1368 1412//1403
f 1412//1403 1374//1368 1367//1361
f 1412//1403 1367//1361 1369//1363
f 1408//1399 1412//1403 1413//1404
f 1413//1404 1412//1403 1369//1363
f 1408//1399 1413//1404 1409//1400
f 1411//1402 1410//1401 1414//1405
f 1415//1406 1410//1401 1409//1400
f 1415//1406 1409//1400 1413//1404
f 1410//1401 1415//1406 1414//1405
f 1413//1404 1369//1363 1416//1407
f 1413//1404 1416//1407 1415//1406
f 1416//1407 1369//1363 1368//1362
f 1411//1402 1414//1405 1417//1408
f 1415//1406 1416//1407 1418//1409
f 1415//1406 1418//1409 1414//1405
f 1416//1407 1368//1362 1419//1410
f 1416//1407 1419//1410 1418//1409
f 1417//1408 1414//1405 1420//1411
f 1417//1408 1420//1411 1421//1412
f 1421//1412 1420//1411 1422//1413
f 1420//1411 1414//1405 1423//1414
f 1423//1414 1414//1405 1418//1409
f 1422//1413 1420//1411 1424//1415
f 1424//1415 1420//1411 1423//1414
f 1422//1413 1424//1415 1425//1416
f 1425//1416 1424//1415 1426//1417
f 1426//1417 1424//1415 1427//1418
f 1427//1418 1424//1415 1423//1414
f 1426//1417 1427//1418 1428//1419
f 1423//1414 1418//1409 1429//1420
f 1429//1420 1418//1409 1419//1410
f 1427//1418 1423//1414 1430//1421
f 1430//1421 1423//1414 1429//1420
f 1428//1419 1427//1418 1431//1422
f 1428//1419 1431//1422 1432//1423
f 1427//1418 1430//1421 1433//1424
f 1427//1418 1433//1424 1431//1422
f 1432//1423 1431//1422 1434//194
f 1434//194 1431//1422 1433//1424
f 1432//1423 1434//194 1435//1425
f 1432//1423 1435//1425 1436//1426
f 1436//1426 1435//1425 1437//1427
f 1437//1427 1435//1425 1434//194
f 1437//1427 1434//194 1438//1428
f 1437//1427 1438//1428 1439//1429
f 1439//1429 1438//1428 1266//1262
f 1266//1262 1438//1428 1440//1430
f 1266//1262 1440//1430 1265//1261
f 1438//1428 1434//194 1441//1431
f 1438//1428 1441//1431 1440//1430
f 1441//1431 1434//194 1442//1432
f 1442//1432 1434//194 1433//1424
f 1442//1432 1433//1424 1443//1433
f 1443//1433 1433//1424 1430//1421
f 1441//1431 1442//1432 1444//1434
f 1444//1434 1442//1432 1443//1433
f 1440//1430 1441//1431 1445//1435
f 1445//1435 1441//1431 1444//1434
f 1446//1436 1265//1261 1440//1430
f 1446//1436 1440//1430 1445//1435
f 1265//1261 1446//1436 1276//1272
f 1276//1272 1446//1436 1282//1278
f 1446//1436 1445//1435 1447//1437
f 1446//1436 1447//1437 1282//1278
f 1445//1435 1444//1434 1448//1438
f 1445//1435 1448//1438 1447//1437
f 1282//1278 1447//1437 1449//1439
f 1282//1278 1449//1439 1332//1328
f 1447//1437 1448//1438 1450//1440
f 1447//1437 1450//1440 1449//1439
f 1448//1438 1444//1434 1451//1441
f 1332//1328 1449//1439 1452//1442
f 1450//1440 1448//1438 1453//1443
f 1453//1443 1448//1438 1451//1441
f 1449//1439 1450//1440 1454//1444
f 1449//1439 1454//1444 1452//1442
f 1332//1328 1452//1442 1335//1331
f 1454//1444 1450//1440 1455//1445
f 1455//1445 1450//1440 1453//1443
f 1452//1442 1454//1444 1456//1446
f 1456//1446 1454//1444 1455//1445
f 1335//1331 1452//1442 1457//330
f 1457//330 1452//1442 1456//1446
f 1456//1446 1455//1445 1458//1447
f 1458//1447 1455//1445 1453//1443
f 1456//1446 1458//1447 1459//1448
f 1456//1446 1459//1448 1457//330
f 1458//1447 1453//1443 1460//1449
f 1459//1448 1458//1447 1461//1450
f 1461//1450 1458//1447 1460//1449
f 1460//1449 1453//1443 1462//1451
f 1462//1451 1453//1443 1451//1441
f 1461//1450 1460//1449 1463//1452
f 1463//1452 1460//1449 1464//1453
f 1464//1453 1460//1449 1462//1451
f 1461//1450 1463//1452 1465//1454
f 1465//1454 1463//1452 1464//1453
f 1466//1455 1459//1448 1461//1450
f 1466//1455 1461//1450 1465//1454
f 1459//1448 1466//1455 1467//1456
f 1459//1448 1467//1456 1457//330
f 1466//1455 1465//1454 1468//1457
f 1467//1456 1466//1455 1469//1458
f 1469//1458 1466//1455 1468//1457
f 1457//330 1467//1456 1470//1459
f 1470//1459 1467//1456 1469//1458
f 1469//1458 1468//1457 1471//1460
f 1457//330 1470//1459 1472//1461
f 1457//330 1472//1461 1335//1331
f 1470//1459 1469//1458 1473//1462
f 1473//1462 1469//1458 1471//1460
f 1472//1461 1470//1459 1474//1463
f 1335//1331 1472//1461 1475//1464
f 1475//1464 1472//1461 1474//1463
f 1335//1331 1475//1464 1337//1333
f 1337//1333 1475//1464 1476//1465
f 1337//1333 1476//1465 1339//1335
f 1476//1465 1475//1464 1477//1466
f 1477//1466 1475//1464 1474//1463
f 1339//1335 1476//1465 1478//1467
f 1478//1467 1476//1465 1477//1466
f 1339//1335 1478//1467 1341//1336
f 1478//1467 1477//1466 1479//1468
f 1478//1467 1479//1468 1341//1336
f 1477//1466 1474//1463 1480//1469
f 1477//1466 1480//1469 1481//1470
f 1477//1466 1481//1470 1479//1468
f 1480//1469 1474//1463 1482//1471
f 1481//1470 1480//1469 1483//1472
f 1483//1472 1480//1469 1482//1471
f 1341//1336 1479//1468 1484//1473
f 1341//1336 1484//1473 1342//1337
f 1342//1337 1484//1473 1355//1349
f 1484//1473 1479//1468 1485//1382
f 1355//1349 1484//1473 1486//1474
f 1486//1474 1484//1473 1485//1382
f 1355//1349 1486//1474 1363//1357
f 1485//1382 1479//1468 1487//1475
f 1485//1382 1487//1475 1486//1474
f 1487//1475 1479//1468 1481//1470
f 1487//1475 1481//1470 1488//1476
f 1488//1476 1481//1470 1483//1472
f 1486//1474 1487//1475 1489//1477
f 1489//1477 1487//1475 1488//1476
f 1490//1478 1363//1357 1486//1474
f 1490//1478 1486//1474 1489//1477
f 1363//1357 1490//1478 1491//1479
f 1363//1357 1491//1479 1362//1356
f 1488//1476 1483//1472 1492//723
f 1362//1356 1491//1479 1493//1480
f 1489//1477 1488//1476 1494//1481
f 1494//1481 1488//1476 1492//723
f 1362//1356 1493//1480 1361//1355
f 1492//723 1483//1472 1495//1482
f 1492//723 1495//1482 1494//1481
f 1489//1477 1494//1481 1496//1483
f 1489//1477 1496//1483 1490//1478
f 1490//1478 1496//1483 1497//1484
f 1490//1478 1497//1484 1491//1479
f 1496//1483 1494//1481 1498//1485
f 1496//1483 1498//1485 1497//1484
f 1498//1485 1494//1481 1499//1486
f 1499//1486 1494//1481 1495//1482
f 1498//1485 1499//1486 1500//1487
f 1498//1485 1500//1487 1497//1484
f 1500//1487 1499//1486 1501//1488
f 1501//1488 1499//1486 1495//1482
f 1501//1488 1495//1482 1502//1489
f 1503//1490 1491//1479 1497//1484
f 1491//1479 1503//1490 1493//1480
f 1503//1490 1497//1484 1504//1491
f 1493//1480 1503//1490 1505//1492
f 1505//1492 1503//1490 1504//1491
f 1506//1493 1497//1484 1500//1487
f 1497//1484 1506//1493 1504//1491
f 1507//1494 1500//1487 1501//1488
f 1500//1487 1507//1494 1506//1493
f 1507//1494 1501//1488 1508//1495
f 1508//1495 1501//1488 1502//1489
f 1506//1493 1507//1494 1509//1496
f 1508//1495 1502//1489 1510//1497
f 1510//1497 1502//1489 1495//1482
f 1507//1494 1508//1495 1511//1498
f 1507//1494 1511//1498 1509//1496
f 1508//1495 1510//1497 1512//1499
f 1508//1495 1512//1499 1511//1498
f 1510//1497 1495//1482 1513//1500
f 1513//1500 1495//1482 1483//1472
f 1513//1500 1483//1472 1482//1471
f 1510//1497 1513//1500 1514//1501
f 1514//1501 1513//1500 1482//1471
f 1510//1497 1514//1501 1512//1499
f 1514//1501 1482//1471 1474//1463
f 1514//1501 1474//1463 1515//1502
f 1514//1501 1515//1502 1512//1499
f 1515//1502 1474//1463 1470//1459
f 1515//1502 1470//1459 1473//1462
f 1512//1499 1515//1502 1516//1503
f 1516//1503 1515//1502 1473//1462
f 1512//1499 1516//1503 1511//1498
f 1516//1503 1473//1462 1471//1460
f 1511//1498 1516//1503 1517//1504
f 1517//1504 1516//1503 1471//1460
f 1511//1498 1517//1504 1509//1496
f 1517//1504 1471//1460 1518//1505
f 1518//1505 1471//1460 1468//1457
f 1509//1496 1517//1504 1519//1506
f 1519//1506 1517//1504 1518//1505
f 1509//1496 1519//1506 1520//1507
f 1509//1496 1520//1507 1506//1493
f 1506//1493 1520//1507 1504//1491
f 1520//1507 1519//1506 1521//1508
f 1520//1507 1521//1508 1504//1491
f 1519//1506 1518//1505 1522//1509
f 1519//1506 1522//1509 1521//1508
f 1523//432 1518//1505 1468//1457
f 1518//1505 1523//432 1522//1509
f 1523//432 1468//1457 1465//1454
f 1523//432 1465//1454 1524//1510
f 1522//1509 1523//432 1525//1511
f 1525//1511 1523//432 1524//1510
f 1524//1510 1465//1454 1464//1453
f 1524//1510 1464//1453 1525//1511
f 1526//1512 1521//1508 1522//1509
f 1526//1512 1522//1509 1525//1511
f 1527//1513 1504//1491 1521//1508
f 1527//1513 1521//1508 1526//1512
f 1504//1491 1527//1513 1505//1492
f 1527//1513 1526//1512 1528//1514
f 1527//1513 1528//1514 1505//1492
f 1526//1512 1525//1511 1529//1515
f 1526//1512 1529//1515 1528//1514
f 1529//1515 1525//1511 1530//1516
f 1530//1516 1525//1511 1464//1453
f 1528//1514 1529//1515 1531//1517
f 1531//1517 1529//1515 1530//1516
f 1530//1516 1464//1453 1532//1518
f 1530//1516 1532//1518 1531//1517
f 1532//1518 1464//1453 1462//1451
f 1528//1514 1531//1517 1533//1519
f 1528//1514 1533//1519 1505//1492
f 1531//1517 1532//1518 1534//1520
f 1531//1517 1534//1520 1533//1519
f 1532//1518 1462//1451 1535//1521
f 1505//1492 1533//1519 1536//1522
f 1505//1492 1536//1522 1493//1480
f 1533//1519 1534//1520 1537//1523
f 1533//1519 1537//1523 1536//1522
f 1534//1520 1532//1518 1538//1524
f 1534//1520 1538//1524 1537//1523
f 1538//1524 1532//1518 1535//1521
f 1536//1522 1537//1523 1539//1525
f 1539//1525 1537//1523 1538//1524
f 1540//1526 1493//1480 1536//1522
f 1540//1526 1536//1522 1539//1525
f 1493//1480 1540//1526 1361//1355
f 1361//1355 1540//1526 1368//1362
f 1368//1362 1540//1526 1419//1410
f 1419//1410 1540//1526 1539//1525
f 1539//1525 1538//1524 1541//1527
f 1539//1525 1541//1527 1419//1410
f 1541//1527 1538//1524 1535//1521
f 1419//1410 1541//1527 1429//1420
f 1429//1420 1541//1527 1542//1528
f 1542//1528 1541//1527 1535//1521
f 1429//1420 1542//1528 1430//1421
f 1430//1421 1542//1528 1443//1433
f 1443//1433 1542//1528 1535//1521
f 1443//1433 1535//1521 1543//1529
f 1443//1433 1543//1529 1444//1434
f 1543//1529 1535//1521 1462//1451
f 1444//1434 1543//1529 1451//1441
f 1451//1441 1543//1529 1462//1451
o tripo_part_3
g tripo_part_3
usemtl mat_0
v 0.136013195 0.209393948 0.126215681
vn 0.631174803 0.126234949 0.765299439
v 0.110572979 0.180036038 0.139918074
vn 0.353793740 -0.408828318 0.841242909
v 0.134060070 0.178082913 0.124262556
vn 0.558000982 -0.392958462 0.730902672
v 0.106659099 0.172208279 0.132090315
vn 0.086394846 -0.918926954 0.384849757
v 0.112529919 0.211350903 0.139918074
vn 0.424251020 0.133560494 0.895640969
v 0.157543346 0.207437009 0.102740034
vn 0.793481946 0.117843866 0.597075582
v 0.081220791 0.174169034 0.139918074
vn 0.039427567 -0.914719522 0.402161181
v 0.079263851 0.174169034 0.122309431
vn -0.039338388 -0.999195039 0.007867677
v 0.100788280 0.172208279 0.114481673
vn -0.110417791 -0.993760109 0.015773971
v 0.053822916 0.174169034 0.124262556
v 0.130146191 0.168294400 0.116434798
vn 0.180962190 -0.920546770 0.346188545
v 0.120357677 0.170255154 0.102740034
vn -0.133605853 -0.990255177 -0.039295841
v 0.053822916 0.174169034 0.141871199
vn 0.000000000 -0.900658250 0.434528112
v 0.083177730 0.181996793 0.147745833
vn 0.149806142 -0.394226670 0.906721354
v 0.032297295 0.174169034 0.122309431
vn 0.039338388 -0.999195039 0.007867677
v 0.149715587 0.166341275 0.096865401
vn 0.274901122 -0.918955266 0.282755464
v 0.137973949 0.168294400 0.085123762
vn -0.141403899 -0.989827394 -0.015711546
v 0.155582592 0.176122159 0.102740034
vn 0.715560079 -0.361711711 0.597610652
v 0.165371105 0.164380521 0.069468245
v 0.151668712 0.166341275 0.059687357
vn -0.110428095 -0.993852854 -0.007887721
v 0.173198864 0.174169034 0.073382124
vn 0.824271321 -0.400360346 0.400360346
v 0.177112743 0.205480069 0.073382124
vn 0.891617656 0.173589274 0.418192357
v 0.177112743 0.164380521 0.036204081
vn 0.370147616 -0.921431243 0.118132219
v 0.161457226 0.164380521 0.030333264
vn -0.031445414 -0.998391926 0.047168124
v 0.184932873 0.172208279 0.038161021
vn 0.878735602 -0.431521952 0.203992188
v 0.188854381 0.203523129 0.038161021
vn 0.967395008 0.149434999 0.204489991
v 0.181026623 0.162427396 -0.000978844
vn 0.402424037 -0.915317416 -0.015781336
v 0.165371105 0.164380521 -0.000978844
vn -0.110400617 -0.993605554 -0.023657275
v 0.177112743 0.164380521 -0.038159627
vn 0.377566725 -0.920318842 -0.102257647
v 0.161457226 0.164380521 -0.034245748
vn -0.007869869 -0.999473393 -0.031479478
v 0.151668712 0.166341275 -0.063603655
vn -0.118209235 -0.992957532 0.007880615
v 0.188854381 0.172208279 -0.000978844
vn 0.922347069 -0.386282116 -0.007883308
v 0.192760631 0.203523129 -0.000978844
vn 0.987440705 0.157990500 0.000000000
v 0.184932873 0.172208279 -0.040116567
vn 0.880118132 -0.432200879 -0.196454927
v 0.165371105 0.164380521 -0.071431413
vn 0.315705329 -0.931330681 -0.181530565
v 0.137973949 0.168294400 -0.087086931
vn -0.141403899 -0.989827394 0.015711546
v 0.149715587 0.166341275 -0.098828569
vn 0.275505155 -0.920974374 -0.275505155
v 0.120357677 0.170255154 -0.104695573
vn -0.133605853 -0.990255177 0.039295841
v 0.173198864 0.174169034 -0.075345293
vn 0.824271321 -0.400360346 -0.400360346
v 0.188854381 0.203523129 -0.040116567
vn 0.971096396 0.134216562 -0.197377309
v 0.130146191 0.168294400 -0.120351091
vn 0.204452068 -0.896443725 -0.393177062
v 0.100788280 0.172208279 -0.118397966
vn -0.102617018 -0.994595706 -0.015787233
v 0.155582592 0.176122159 -0.104695573
vn 0.718924105 -0.363412201 -0.592519879
v 0.177112743 0.205480069 -0.075345293
vn 0.891617656 0.173589274 -0.418192357
v 0.181026623 0.221135601 -0.040116567
vn 0.826669157 0.535366654 -0.173206881
v 0.106659099 0.172208279 -0.134053484
vn 0.086754143 -0.914861858 -0.394336998
v 0.134060070 0.178082913 -0.126225725
vn 0.565092742 -0.353183001 -0.745608509
v 0.157543346 0.207437009 -0.104695573
vn 0.793481946 0.117843866 -0.597075582
v 0.169284984 0.221135601 -0.073384538
vn 0.779286027 0.527395606 -0.338477761
v 0.081220791 0.174169034 -0.141881242
vn 0.039427567 -0.914719522 -0.402161181
v 0.079263851 0.174169034 -0.124264970
vn -0.047189999 -0.998854995 -0.007865000
v 0.110572979 0.180036038 -0.141881242
vn 0.354925364 -0.433797657 -0.828159213
v 0.136013195 0.209393948 -0.128178850
vn 0.644949973 0.117978655 -0.755063355
v 0.153629467 0.223092541 -0.102742448
vn 0.730091393 0.463176221 -0.502428472
v 0.053822916 0.174169034 -0.143834367
vn 0.007859169 -0.919522762 -0.392958462
v 0.053822916 0.174169034 -0.126225725
v 0.083177730 0.181996793 -0.149709001
vn 0.157110587 -0.416343063 -0.895530343
v 0.112529919 0.211350903 -0.143834367
vn 0.431508660 0.117684178 -0.894399703
v 0.132099316 0.225049481 -0.124264970
vn 0.581237495 0.486982763 -0.651928544
v 0.028383415 0.174169034 -0.141881242
vn -0.039270382 -0.934635103 -0.353433460
v 0.032297295 0.174169034 -0.124264970
vn 0.039338388 -0.999195039 -0.007867677
v 0.053822916 0.183949918 -0.153615251
vn 0.015744127 -0.369987011 -0.928903520
v 0.026426475 0.181996793 -0.151662126
vn -0.173013955 -0.424670637 -0.888662577
v 0.004898231 0.172208279 -0.134053484
vn -0.078591689 -0.919522762 -0.385099292
v 0.010769051 0.172208279 -0.118397966
vn 0.110400617 -0.993605554 -0.023657275
v 0.000984352 0.180036038 -0.141881242
vn -0.376600951 -0.423676074 -0.823814571
v 0.085134670 0.215264782 -0.151662126
vn 0.188695803 0.117934883 -0.974928319
v 0.024467628 0.215264782 -0.151662126
vn -0.205157325 0.126250669 -0.970552027
v 0.108616039 0.227006420 -0.139928117
vn 0.408223122 0.478877127 -0.777194023
v 0.053822916 0.215264782 -0.153615251
vn 0.000000000 0.125972539 -0.992033720
v 0.083177730 0.230920300 -0.147755876
vn 0.180404648 0.486308187 -0.854961157
v 0.118400738 0.252446175 -0.106656328
vn 0.621661961 0.299027264 -0.723960757
v 0.098831341 0.254403114 -0.118397966
vn 0.415408492 0.290002167 -0.862168550
v 0.136013195 0.250489235 -0.087086931
vn 0.793776095 0.259352565 -0.550141811
v 0.120357677 0.266145229 -0.106656328
vn 0.628597617 0.243581578 -0.738602161
v 0.149715587 0.248532221 -0.063603655
vn 0.883424759 0.276070207 -0.378610611
v 0.137973949 0.264188290 -0.089040056
vn 0.794635415 0.196691930 -0.574340463
v 0.151668712 0.262231350 -0.063603655
vn 0.899200201 0.205080733 -0.386498332
v 0.159496471 0.246575341 -0.034245748
vn 0.936862767 0.299166262 -0.181074321
v 0.132099316 0.277886868 -0.081212297
vn 0.747174978 0.424710006 -0.511224985
v 0.161457226 0.260274410 -0.034245748
vn 0.966767311 0.180777624 -0.180777624
v 0.184932873 0.219178662 -0.000978844
vn 0.838082135 0.545544028 0.000000000
v 0.161457226 0.246575341 -0.000978844
vn 0.959114790 0.283017457 0.000000000
v 0.181026623 0.221135601 0.036204081
vn 0.821730137 0.545186341 0.165926278
v 0.159496471 0.246575341 0.030333264
vn 0.943391621 0.283017457 0.172955126
v 0.169284984 0.221135601 0.071428999
vn 0.776047111 0.533042431 0.337070942
v 0.153629467 0.223092541 0.100779280
vn 0.730091393 0.463176221 0.502428472
v 0.149715587 0.248532221 0.059687357
vn 0.897443056 0.251913846 0.362126172
v 0.161457226 0.260274410 0.032290202
vn 0.965366781 0.180515736 0.188364238
v 0.132099316 0.225049481 0.122309431
vn 0.551780105 0.496602118 0.670018733
v 0.136013195 0.250489235 0.085123762
vn 0.772612274 0.299584329 0.559749663
v 0.151668712 0.262231350 0.061644297
vn 0.904782891 0.180956587 0.385516196
v 0.163410351 0.260274410 -0.000978844
vn 0.982062519 0.188556001 0.000000000
v 0.153629467 0.273972988 0.028376324
vn 0.904474974 0.393249989 0.165164992
v 0.153629467 0.273972988 -0.032288808
vn 0.898976564 0.402173728 -0.173486710
v 0.155582592 0.273972988 -0.000978844
vn 0.932738245 0.360554278 0.000000000
v 0.149715587 0.301370144 -0.000978844
vn 0.977105200 0.212756783 0.000000000
v 0.143840954 0.275929928 -0.059685964
vn 0.845856488 0.411070406 -0.339923620
v 0.145801708 0.301370144 -0.030333774
vn 0.947824717 0.236956179 -0.213260561
v 0.137973949 0.301370144 -0.055772085
vn 0.899956405 0.228936270 -0.371034652
v 0.141887829 0.322896481 -0.028376834
vn 0.971247733 -0.023688968 -0.236889690
v 0.145801708 0.322896481 -0.000978844
vn 0.999195039 0.039338388 0.007867677
v 0.147754833 0.340505123 -0.024462955
vn 0.937822342 -0.220664099 -0.267949253
v 0.134060070 0.326810360 -0.051858205
vn 0.898390055 0.070925526 -0.433433801
v 0.137973949 0.344419003 -0.045987386
vn 0.882985413 -0.063070387 -0.465144098
v 0.126232311 0.303327084 -0.077298418
vn 0.777361691 0.259120554 -0.573206127
v 0.124271557 0.330724239 -0.067517534
vn 0.807228863 0.109720439 -0.579950869
v 0.132099316 0.350293636 -0.057729024
vn 0.847143531 -0.078439213 -0.525542736
v 0.112529919 0.334638119 -0.081212297
vn 0.718632638 0.181632414 -0.671250224
v 0.110572979 0.305284023 -0.092953935
vn 0.655906200 0.252879500 -0.711223602
v 0.114486858 0.279843807 -0.098828569
vn 0.600345194 0.434460342 -0.671438694
v 0.094917461 0.309197903 -0.104695573
vn 0.473263294 0.252407074 -0.843986213
v 0.096874401 0.340505123 -0.092953935
vn 0.488719493 0.275890023 -0.827670157
v 0.096874401 0.281800747 -0.110570207
vn 0.425025672 0.432896495 -0.794955373
v 0.100788280 0.268102169 -0.120351091
vn 0.433057457 0.220465600 -0.873988688
v 0.077306911 0.311154842 -0.110570207
vn 0.227655917 0.274757117 -0.934174240
v 0.077306911 0.344419003 -0.098828569
vn 0.180376902 0.258801639 -0.948939383
v 0.077306911 0.283757687 -0.116437212
vn 0.228481084 0.393932909 -0.890288413
v 0.079263851 0.270059109 -0.126225725
vn 0.197340414 0.252595723 -0.947234035
v 0.077306911 0.256360054 -0.124264970
vn 0.205150947 0.276164740 -0.938960135
v 0.053822916 0.230920300 -0.149709001
vn 0.007872796 0.456622124 -0.889625907
v 0.053822916 0.256360054 -0.128178850
vn 0.023703014 0.339743197 -0.940219581
v 0.053822916 0.270059109 -0.128178850
vn 0.000000000 0.251781255 -0.967784286
v 0.053822916 0.285714626 -0.120351091
vn 0.023638910 0.346704006 -0.937676728
v 0.026426475 0.230920300 -0.147755876
vn -0.188121051 0.470302641 -0.862221539
v 0.030340355 0.256360054 -0.126225725
v 0.032297295 0.270059109 -0.126225725
vn -0.189541310 0.284311950 -0.939808965
v 0.034254234 0.283757687 -0.118397966
vn -0.220780656 0.378481120 -0.898892641
v 0.053822916 0.313107967 -0.112523332
vn 0.007884533 0.299612284 -0.954028547
v 0.034254234 0.313107967 -0.110570207
vn -0.212690756 0.275710225 -0.937414765
v 0.051865738 0.348332882 -0.100781694
vn 0.000000000 0.205214843 -0.978717029
v 0.077306911 0.377690792 -0.094914690
vn 0.134250045 0.086867683 -0.987132728
v 0.049908798 0.383565426 -0.098828569
vn -0.062772617 0.054926038 -0.996515274
v 0.026426475 0.381597042 -0.092953935
vn -0.314027458 0.117760301 -0.942082405
v 0.032297295 0.348332882 -0.098828569
vn -0.204902351 0.220664069 -0.953584015
v 0.016639870 0.311154842 -0.104695573
vn -0.465781420 0.236838028 -0.852616847
v 0.014682930 0.348332882 -0.092953935
vn -0.458630592 0.181870759 -0.869816661
v 0.010769051 0.381597042 -0.085126176
vn -0.495909303 0.133816794 -0.858001828
v 0.014682930 0.283757687 -0.110570207
vn -0.416073620 0.400372714 -0.816446304
v 0.000984352 0.309197903 -0.092953935
vn -0.629784644 0.236169249 -0.739996970
v 0.000984352 0.348332882 -0.083173051
vn -0.655885756 0.134338051 -0.742810369
v -0.004886467 0.381597042 -0.075345293
vn -0.648753703 0.047469784 -0.759516537
v 0.010769051 0.268102169 -0.120351091
vn -0.448763311 0.220445141 -0.866034448
v -0.002929527 0.281800747 -0.100781694
vn -0.622587860 0.362519532 -0.693515658
v -0.012714226 0.309197903 -0.079259172
vn -0.765251815 0.213008240 -0.607467949
v -0.010753471 0.348332882 -0.069470659
vn -0.789337039 0.086827084 -0.607789576
v -0.018581230 0.383565426 -0.061642904
vn -0.794635296 -0.039338384 -0.605811119
v -0.018581230 0.279843807 -0.083173051
vn -0.772900581 0.339129806 -0.536298335
v -0.026408989 0.309197903 -0.057729024
vn -0.897721350 0.181119233 -0.401612192
v -0.022495110 0.348332882 -0.051858205
vn -0.899956405 0.039471772 -0.434189498
v -0.026408989 0.385518551 -0.049901266
vn -0.879276872 -0.070656173 -0.471041203
v -0.030322868 0.350293636 -0.028376834
vn -0.966707587 0.047156468 -0.251501143
v -0.034236748 0.307240963 -0.030333774
vn -0.967754304 0.157358423 -0.196698025
v -0.032283623 0.277886868 -0.059685964
vn -0.880471647 0.306592792 -0.361622274
v -0.040111382 0.277886868 -0.032288808
vn -0.927639723 0.322315484 -0.188672498
v -0.038150627 0.307240963 -0.000978844
vn -0.988820970 0.149107933 0.000000000
v -0.034236748 0.350293636 -0.000978844
vn -0.999009490 0.031464867 0.031464867
v -0.038150627 0.262231350 -0.063603655
vn -0.895061135 0.196285337 -0.400422066
v -0.044025261 0.277886868 -0.000978844
vn -0.951782823 0.306772947 0.000000000
v -0.030322868 0.350293636 0.026417477
vn -0.971399188 -0.015795108 0.236926645
v -0.036197502 0.387471676 0.024460537
vn -0.944764793 -0.133841664 0.299175501
v -0.026408989 0.385518551 0.047945719
vn -0.931243718 -0.110486545 0.347243458
v -0.022495110 0.348332882 0.049902659
vn -0.917738795 0.062751375 0.392196059
v -0.034236748 0.307240963 0.028376324
vn -0.965813160 0.149190649 0.212007776
v -0.040111382 0.277886868 0.028376324
vn -0.926609576 0.329810172 0.180610344
v -0.026408989 0.309197903 0.053816538
vn -0.898976564 0.173486710 0.402173728
v -0.010753471 0.348332882 0.067515120
vn -0.755741537 0.110212311 0.645529211
v -0.051853020 0.260274410 -0.000978844
vn -0.992033720 0.125972539 0.000000000
v -0.032283623 0.277886868 0.057730418
vn -0.873988688 0.314950854 0.370067269
v -0.047939140 0.262231350 -0.034245748
vn -0.963351429 0.181615427 -0.197408065
v -0.038150627 0.262231350 0.061644297
vn -0.892062068 0.205253214 0.402612060
v -0.018581230 0.279843807 0.079256758
vn -0.763306439 0.361980379 0.535101414
v -0.012714226 0.309197903 0.075342879
vn -0.780180931 0.204896003 0.591046154
v 0.000984352 0.348332882 0.079256758
vn -0.674224734 0.117597356 0.729103565
v -0.004886467 0.381597042 0.073382124
vn -0.628345490 0.023562957 0.777577519
v 0.010769051 0.381597042 0.085123762
vn -0.529367328 0.071109042 0.845407546
v 0.014682930 0.348332882 0.090998396
vn -0.494212657 0.156892911 0.855066359
v 0.032297295 0.381597042 0.094912276
vn -0.236220479 0.078740157 0.968503952
v 0.000984352 0.309197903 0.090998396
vn -0.665975690 0.219380230 0.712985754
v -0.002929527 0.281800747 0.096865401
vn -0.645089626 0.369746506 0.668690443
v -0.006839592 0.266145229 0.104693159
vn -0.662095010 0.189170003 0.725151718
v 0.016639870 0.311154842 0.102740034
vn -0.457302928 0.228651464 0.859414160
v 0.032297295 0.348332882 0.096865401
vn -0.204978749 0.181327358 0.961823404
v 0.053822916 0.348332882 0.098826155
vn 0.023709675 0.197580621 0.979999900
v 0.055779796 0.383565426 0.096865401
vn 0.062772617 0.054926038 0.996515274
v 0.083177730 0.375737667 0.090998396
vn 0.283887297 0.094629101 0.954176784
v 0.014682930 0.283757687 0.108607039
vn -0.418753266 0.402951241 0.813803494
v 0.010769051 0.268102169 0.118395552
vn -0.440167814 0.212223783 0.872475505
v 0.077306911 0.344419003 0.096865401
vn 0.227831423 0.243543953 0.942750812
v 0.102745220 0.367902279 0.083170637
vn 0.527919233 0.102432087 0.843094885
v 0.034254234 0.313107967 0.108607039
vn -0.212440446 0.251781255 0.944179773
v 0.053822916 0.313107967 0.110567793
vn 0.007895584 0.268449843 0.963261306
v 0.096874401 0.340505123 0.090998396
vn 0.496602118 0.204946905 0.843435407
v 0.118400738 0.358121395 0.069468245
vn 0.667205572 -0.102043211 0.737850904
v 0.077306911 0.311154842 0.108607039
vn 0.251345932 0.251345932 0.934692681
v 0.053822916 0.285714626 0.116434798
vn -0.007872797 0.370021433 0.928989947
v 0.034254234 0.283757687 0.114481673
vn -0.189446807 0.410468042 0.891978681
v 0.032297295 0.270059109 0.124262556
vn -0.173121050 0.251812428 0.952165782
v 0.053822916 0.270059109 0.126215681
vn -0.007866217 0.220254064 0.975410879
v 0.077306911 0.283757687 0.114481673
vn 0.205362007 0.418622583 0.884636402
v 0.094917461 0.309197903 0.100779280
vn 0.480285197 0.244079366 0.842467487
v 0.079263851 0.270059109 0.124262556
vn 0.212060049 0.227768198 0.950343192
v 0.112529919 0.334638119 0.079256758
vn 0.701287627 0.165472358 0.693408012
v 0.096874401 0.281800747 0.108607039
vn 0.423793435 0.423793435 0.800498724
v 0.110572979 0.305284023 0.090998396
vn 0.628442407 0.267088026 0.730564356
v 0.130146191 0.350293636 0.055773478
vn 0.504672885 -0.544100463 0.670268655
v 0.147754833 0.354207516 0.063601241
vn -0.007899279 -0.884719193 0.466057420
v 0.137973949 0.344419003 0.044031840
vn 0.793776095 -0.259352565 0.550141811
v 0.124271557 0.330724239 0.065554366
vn 0.804948211 0.142049685 0.576090455
v 0.134060070 0.326810360 0.049902659
vn 0.902912498 0.070662715 0.423976332
v 0.147754833 0.340505123 0.022503598
vn 0.931446731 -0.236808509 0.276276588
v 0.126232311 0.303327084 0.075342879
vn 0.777361691 0.259120554 0.573206127
v 0.114486858 0.279843807 0.096865401
vn 0.599187315 0.425738364 0.678027689
v 0.141887829 0.322896481 0.024460537
vn 0.973245323 -0.031395011 0.227613822
v 0.137973949 0.301370144 0.053816538
vn 0.898306370 0.236396417 0.370354384
v 0.145801708 0.301370144 0.028376324
vn 0.946026325 0.244390130 0.212855920
v 0.132099316 0.277886868 0.079256758
vn 0.755530894 0.409245908 0.511557400
v 0.143840954 0.275929928 0.057730418
vn 0.848083377 0.408336431 0.337662786
v 0.137973949 0.264188290 0.085123762
vn 0.794635415 0.196691930 0.574340463
v 0.120357677 0.266145229 0.104693159
vn 0.638905406 0.205080733 0.741445780
v 0.118400738 0.252446175 0.102740034
vn 0.638092101 0.259963453 0.724746585
v 0.100788280 0.268102169 0.116434798
vn 0.433649302 0.244420514 0.867298603
v 0.098831341 0.254403114 0.116434798
vn 0.423467577 0.321521670 0.846935153
v 0.108616039 0.227006420 0.136011824
vn 0.425315559 0.472572863 0.771868944
v 0.077306911 0.256360054 0.122309431
vn 0.188672483 0.298731446 0.935501039
v 0.083177730 0.230920300 0.145792708
vn 0.205157354 0.481330723 0.852192104
v 0.085134670 0.215264782 0.149698958
vn 0.220609263 0.110304631 0.969105005
v 0.053822916 0.256360054 0.124262556
vn 0.000000000 0.306772947 0.951782823
v 0.053822916 0.230920300 0.147745833
vn 0.000000000 0.472221434 0.881479979
v 0.030340355 0.256360054 0.122309431
vn -0.189612299 0.308119982 0.932260394
v 0.053822916 0.215264782 0.151667342
vn 0.000000000 0.094809093 0.995495498
v 0.026426475 0.230920300 0.145792708
vn -0.181091145 0.480285197 0.858214498
v 0.010769051 0.254403114 0.116434798
vn -0.472192168 0.306924909 0.826336265
v 0.053822916 0.183949918 0.149698958
vn 0.000000000 -0.346800923 0.937938869
v 0.024467628 0.215264782 0.149698958
vn -0.196600676 0.102232344 0.975139380
v 0.002941292 0.228963360 0.137964949
vn -0.431734592 0.470983177 0.769272506
v -0.006839592 0.252446175 0.102740034
vn -0.668587029 0.291032016 0.684318483
v 0.026426475 0.181996793 0.147745833
vn -0.149338037 -0.400854707 0.903888106
v 0.028383415 0.174169034 0.139918074
vn -0.039427567 -0.914719522 0.402161181
v 0.010769051 0.172208279 0.116434798
vn 0.110400617 -0.993605554 0.023657275
v -0.024455864 0.264188290 0.087084517
vn -0.800967634 0.172757730 0.573241532
v -0.022495110 0.250489235 0.085123762
vn -0.779310167 0.283385485 0.558899164
v -0.018581230 0.227006420 0.122309431
vn -0.589383006 0.487223268 0.644392073
v -0.038150627 0.248532221 0.061644297
vn -0.856226325 0.361343205 0.369198501
v 0.000984352 0.213307843 0.141871199
vn -0.447640896 0.109946892 0.887428463
v -0.040111382 0.225049481 0.100779280
vn -0.703826785 0.490306288 0.514030755
v -0.022495110 0.209393948 0.126215681
vn -0.645529211 0.110212311 0.755741537
v 0.000984352 0.180036038 0.139918074
vn -0.377847373 -0.417206466 0.826541126
v 0.004898231 0.172208279 0.132090315
vn -0.094573252 -0.914208114 0.394055218
v -0.020541985 0.178082913 0.124262556
vn -0.572113752 -0.360510021 0.736694336
v -0.044025261 0.207437009 0.104693159
vn -0.780690074 0.110400617 0.615089178
v -0.016628105 0.168294400 0.118395552
vn -0.205080733 -0.899200201 0.386498332
v -0.006839592 0.170255154 0.102740034
vn 0.141351566 -0.989461064 -0.031411462
v -0.042064507 0.176122159 0.102740034
vn -0.718050718 -0.378752053 0.583909392
v -0.057720024 0.223092541 0.071428999
vn -0.806078553 0.489969343 0.331914693
v -0.063594654 0.205480069 0.073382124
vn -0.904810905 0.118018821 0.409131885
v -0.036197502 0.166341275 0.096865401
vn -0.283949107 -0.922834694 0.260286719
v -0.024455864 0.168294400 0.085123762
vn 0.110376589 -0.993389368 -0.031536169
v -0.067508534 0.221135601 0.038161021
vn -0.842885613 0.512033284 0.165426135
v -0.059680779 0.174169034 0.073382124
vn -0.824271321 -0.400360346 0.400360346
v -0.053806145 0.166341275 0.069468245
vn -0.369689316 -0.904558897 0.212374702
v -0.040111382 0.166341275 0.061644297
vn 0.031432789 -0.997991085 0.055007383
v -0.075336292 0.203523129 0.038161021
vn -0.971096396 0.134216562 0.197377309
v -0.071414784 0.172208279 0.038161021
vn -0.875292003 -0.441588759 0.197137833
v -0.063594654 0.164380521 0.036204081
vn -0.377566725 -0.920318842 0.102257647
v -0.047939140 0.164380521 0.030333264
vn 0.007871577 -0.999690175 0.023614729
v -0.051853020 0.164380521 -0.000978844
v -0.075336292 0.172208279 -0.000978844
vn -0.902134299 -0.431455553 0.000000000
v -0.067508534 0.164380521 -0.000978844
vn -0.402474165 -0.915431440 0.000000000
v -0.047939140 0.164380521 -0.034245748
vn 0.007869869 -0.999473393 -0.031479478
v -0.079242542 0.203523129 -0.000978844
v -0.063594654 0.164380521 -0.038159627
vn -0.377566725 -0.920318842 -0.102257647
v -0.040111382 0.166341275 -0.063603655
vn 0.031432789 -0.997991085 -0.055007383
v -0.071414784 0.172208279 -0.040116567
vn -0.878328443 -0.435207784 -0.197821707
v -0.075336292 0.203523129 -0.040116567
vn -0.971096396 0.134216562 -0.197377309
v -0.071414784 0.221135601 -0.000978844
vn -0.855408609 0.517953813 0.000000000
v -0.053806145 0.166341275 -0.071431413
vn -0.369689316 -0.904558897 -0.212374702
v -0.024455864 0.168294400 -0.087086931
vn 0.110376589 -0.993389368 0.031536169
v -0.059680779 0.174169034 -0.075345293
vn -0.819100857 -0.409550428 -0.401674449
v -0.036197502 0.166341275 -0.098828569
vn -0.283949107 -0.922834694 -0.260286719
v -0.006839592 0.170255154 -0.106656328
vn 0.141312361 -0.989186585 0.039253436
v -0.016628105 0.168294400 -0.120351091
vn -0.188556001 -0.919210494 -0.345686018
v -0.042064507 0.176122159 -0.104695573
vn -0.722954214 -0.385051668 -0.573648453
v -0.020541985 0.178082913 -0.128178850
vn -0.558156073 -0.377344966 -0.738967240
v -0.063594654 0.205480069 -0.077298418
vn -0.905624151 0.110249899 -0.409499615
v -0.044025261 0.207437009 -0.106656328
vn -0.776906848 0.109865613 -0.619955957
v -0.022495110 0.209393948 -0.128178850
vn -0.646571875 0.094620280 -0.756962240
v 0.000984352 0.213307843 -0.143834367
vn -0.447640896 0.109946892 -0.887428463
v -0.067508534 0.221135601 -0.040116567
vn -0.843959987 0.512685955 -0.157749519
v -0.057720024 0.223092541 -0.075345293
vn -0.800844193 0.494639039 -0.337610751
v -0.040111382 0.225049481 -0.102742448
vn -0.703826785 0.490306288 -0.514030755
v -0.038150627 0.248532221 -0.063603655
vn -0.854108691 0.363787025 -0.371695429
v -0.045978386 0.248532221 -0.034245748
vn -0.946173310 0.268082440 -0.181349888
v -0.049892265 0.248532221 -0.000978844
vn -0.967784286 0.251781255 0.000000000
v -0.045978386 0.248532221 0.030333264
vn -0.950255275 0.259160519 0.172773689
v -0.047939140 0.262231350 0.032290202
vn -0.961823404 0.181327358 0.204978749
v -0.022495110 0.250489235 -0.087086931
vn -0.795472860 0.283534884 -0.535565913
v -0.024455864 0.264188290 -0.089040056
v -0.018581230 0.227006420 -0.126225725
vn -0.597186148 0.455747306 -0.660047829
v -0.006839592 0.252446175 -0.106656328
vn -0.643676996 0.345387667 -0.682925582
v 0.002941292 0.228963360 -0.139928117
vn -0.409753829 0.472792894 -0.780108273
v 0.010769051 0.254403114 -0.118397966
vn -0.481375664 0.307764769 -0.820706010
v -0.006839592 0.266145229 -0.106656328
vn -0.655578792 0.205362037 -0.726665676
f 1544//1530 1545//1531 1546//1532
f 1546//1532 1545//1531 1547//1533
f 1545//1531 1544//1530 1548//1534
f 1544//1530 1546//1532 1549//1535
f 1547//1533 1545//1531 1550//1536
f 1547//1533 1550//1536 1551//1537
f 1547//1533 1551//1537 1552//1538
f 1551//1537 1550//1536 1553//878
f 1547//1533 1552//1538 1554//1539
f 1547//1533 1554//1539 1546//1532
f 1554//1539 1552//1538 1555//1540
f 1553//878 1550//1536 1556//1541
f 1557//1542 1550//1536 1545//1531
f 1550//1536 1557//1542 1556//1541
f 1557//1542 1545//1531 1548//1534
f 1553//878 1556//1541 1558//1543
f 1554//1539 1555//1540 1559//1544
f 1559//1544 1555//1540 1560//1545
f 1561//1546 1546//1532 1554//1539
f 1561//1546 1554//1539 1559//1544
f 1546//1532 1561//1546 1549//1535
f 1559//1544 1560//1545 1562//370
f 1562//370 1560//1545 1563//1547
f 1561//1546 1559//1544 1564//1548
f 1564//1548 1559//1544 1562//370
f 1549//1535 1561//1546 1565//1549
f 1565//1549 1561//1546 1564//1548
f 1562//370 1563//1547 1566//1550
f 1566//1550 1563//1547 1567//1551
f 1564//1548 1562//370 1568//1552
f 1568//1552 1562//370 1566//1550
f 1565//1549 1564//1548 1569//1553
f 1569//1553 1564//1548 1568//1552
f 1566//1550 1567//1551 1570//1554
f 1566//1550 1570//1554 1568//1552
f 1570//1554 1567//1551 1571//1555
f 1570//1554 1571//1555 1572//1556
f 1572//1556 1571//1555 1573//1557
f 1572//1556 1573//1557 1574//1558
f 1568//1552 1570//1554 1575//1559
f 1575//1559 1570//1554 1572//1556
f 1576//1560 1569//1553 1568//1552
f 1576//1560 1568//1552 1575//1559
f 1575//1559 1572//1556 1577//1561
f 1575//1559 1577//1561 1576//1560
f 1572//1556 1574//1558 1578//1562
f 1572//1556 1578//1562 1577//1561
f 1578//1562 1574//1558 1579//1563
f 1578//1562 1579//1563 1580//1564
f 1580//1564 1579//1563 1581//1565
f 1577//1561 1578//1562 1582//1566
f 1582//1566 1578//1562 1580//1564
f 1577//1561 1582//1566 1583//1567
f 1577//1561 1583//1567 1576//1560
f 1580//1564 1581//1565 1584//1568
f 1584//1568 1581//1565 1585//1569
f 1582//1566 1580//1564 1586//1570
f 1586//1570 1580//1564 1584//1568
f 1583//1567 1582//1566 1587//1571
f 1587//1571 1582//1566 1586//1570
f 1576//1560 1583//1567 1588//1572
f 1588//1572 1583//1567 1587//1571
f 1584//1568 1585//1569 1589//1573
f 1586//1570 1584//1568 1590//1574
f 1590//1574 1584//1568 1589//1573
f 1587//1571 1586//1570 1591//1575
f 1591//1575 1586//1570 1590//1574
f 1588//1572 1587//1571 1592//1576
f 1592//1576 1587//1571 1591//1575
f 1589//1573 1585//1569 1593//1577
f 1593//1577 1585//1569 1594//1578
f 1590//1574 1589//1573 1595//1579
f 1595//1579 1589//1573 1593//1577
f 1591//1575 1590//1574 1596//1580
f 1596//1580 1590//1574 1595//1579
f 1592//1576 1591//1575 1597//1581
f 1597//1581 1591//1575 1596//1580
f 1593//1577 1594//1578 1598//1582
f 1598//1582 1594//1578 1599//878
f 1595//1579 1593//1577 1600//1583
f 1600//1583 1593//1577 1598//1582
f 1596//1580 1595//1579 1601//1584
f 1601//1584 1595//1579 1600//1583
f 1597//1581 1596//1580 1602//1585
f 1602//1585 1596//1580 1601//1584
f 1598//1582 1599//878 1603//1586
f 1603//1586 1599//878 1604//1587
f 1600//1583 1598//1582 1605//1588
f 1598//1582 1603//1586 1606//1589
f 1598//1582 1606//1589 1605//1588
f 1603//1586 1604//1587 1607//1590
f 1607//1590 1604//1587 1608//1591
f 1606//1589 1603//1586 1609//1592
f 1609//1592 1603//1586 1607//1590
f 1600//1583 1605//1588 1610//1593
f 1600//1583 1610//1593 1601//1584
f 1605//1588 1606//1589 1611//1594
f 1601//1584 1610//1593 1612//1595
f 1601//1584 1612//1595 1602//1585
f 1610//1593 1605//1588 1613//1596
f 1613//1596 1605//1588 1611//1594
f 1612//1595 1610//1593 1614//1597
f 1614//1597 1610//1593 1613//1596
f 1602//1585 1612//1595 1615//1598
f 1612//1595 1614//1597 1616//1599
f 1612//1595 1616//1599 1615//1598
f 1602//1585 1615//1598 1617//1600
f 1602//1585 1617//1600 1597//1581
f 1615//1598 1616//1599 1618//1601
f 1597//1581 1617//1600 1619//1602
f 1597//1581 1619//1602 1592//1576
f 1617//1600 1615//1598 1620//1603
f 1620//1603 1615//1598 1618//1601
f 1619//1602 1617//1600 1621//1604
f 1621//1604 1617//1600 1620//1603
f 1592//1576 1619//1602 1622//1605
f 1620//1603 1618//1601 1623//1606
f 1620//1603 1623//1606 1621//1604
f 1592//1576 1622//1605 1588//1572
f 1622//1605 1619//1602 1624//1607
f 1624//1607 1619//1602 1621//1604
f 1588//1572 1622//1605 1625//1608
f 1588//1572 1625//1608 1576//1560
f 1622//1605 1624//1607 1626//1609
f 1622//1605 1626//1609 1625//1608
f 1576//1560 1625//1608 1627//1610
f 1576//1560 1627//1610 1569//1553
f 1569//1553 1627//1610 1565//1549
f 1627//1610 1625//1608 1628//1611
f 1628//1611 1625//1608 1626//1609
f 1565//1549 1627//1610 1629//1612
f 1629//1612 1627//1610 1628//1611
f 1565//1549 1629//1612 1549//1535
f 1549//1535 1629//1612 1630//1613
f 1549//1535 1630//1613 1544//1530
f 1629//1612 1628//1611 1631//1614
f 1629//1612 1631//1614 1630//1613
f 1628//1611 1626//1609 1632//1615
f 1628//1611 1632//1615 1631//1614
f 1544//1530 1630//1613 1633//1616
f 1544//1530 1633//1616 1548//1534
f 1630//1613 1631//1614 1634//1617
f 1630//1613 1634//1617 1633//1616
f 1631//1614 1632//1615 1635//1618
f 1631//1614 1635//1618 1634//1617
f 1636//1619 1632//1615 1626//1609
f 1636//1619 1626//1609 1624//1607
f 1632//1615 1636//1619 1637//1620
f 1632//1615 1637//1620 1635//1618
f 1636//1619 1624//1607 1638//1621
f 1638//1621 1624//1607 1621//1604
f 1637//1620 1636//1619 1639//1622
f 1639//1622 1636//1619 1638//1621
f 1637//1620 1639//1622 1640//1623
f 1640//1623 1639//1622 1638//1621
f 1638//1621 1621//1604 1641//1624
f 1641//1624 1621//1604 1623//1606
f 1638//1621 1641//1624 1642//1625
f 1638//1621 1642//1625 1640//1623
f 1641//1624 1623//1606 1643//1626
f 1641//1624 1643//1626 1642//1625
f 1642//1625 1643//1626 1644//1627
f 1642//1625 1644//1627 1640//1623
f 1640//1623 1644//1627 1645//1628
f 1645//1628 1644//1627 1646//1629
f 1646//1629 1644//1627 1647//1630
f 1647//1630 1644//1627 1643//1626
f 1646//1629 1647//1630 1648//1631
f 1649//1632 1643//1626 1623//1606
f 1643//1626 1649//1632 1647//1630
f 1648//1631 1647//1630 1650//1633
f 1650//1633 1647//1630 1649//1632
f 1648//1631 1650//1633 1651//1634
f 1651//1634 1650//1633 1652//1635
f 1650//1633 1649//1632 1653//1636
f 1650//1633 1653//1636 1652//1635
f 1649//1632 1623//1606 1654//1637
f 1649//1632 1654//1637 1653//1636
f 1654//1637 1623//1606 1618//1601
f 1652//1635 1653//1636 1655//1638
f 1652//1635 1655//1638 1656//1639
f 1653//1636 1654//1637 1657//1640
f 1653//1636 1657//1640 1655//1638
f 1654//1637 1618//1601 1658//1641
f 1654//1637 1658//1641 1657//1640
f 1658//1641 1618//1601 1616//1599
f 1656//1639 1655//1638 1659//1642
f 1656//1639 1659//1642 1660//1643
f 1655//1638 1657//1640 1661//1644
f 1655//1638 1661//1644 1659//1642
f 1657//1640 1658//1641 1662//1645
f 1657//1640 1662//1645 1661//1644
f 1658//1641 1616//1599 1663//1646
f 1658//1641 1663//1646 1662//1645
f 1663//1646 1616//1599 1614//1597
f 1663//1646 1614//1597 1664//1647
f 1664//1647 1614//1597 1613//1596
f 1662//1645 1663//1646 1665//1648
f 1665//1648 1663//1646 1664//1647
f 1666//1649 1661//1644 1662//1645
f 1666//1649 1662//1645 1665//1648
f 1661//1644 1666//1649 1667//1650
f 1661//1644 1667//1650 1659//1642
f 1664//1647 1613//1596 1668//1651
f 1668//1651 1613//1596 1611//1594
f 1665//1648 1664//1647 1669//1365
f 1669//1365 1664//1647 1668//1651
f 1666//1649 1665//1648 1670//1652
f 1670//1652 1665//1648 1669//1365
f 1666//1649 1670//1652 1671//1653
f 1666//1649 1671//1653 1667//1650
f 1672//1654 1659//1642 1667//1650
f 1659//1642 1672//1654 1660//1643
f 1667//1650 1671//1653 1673//1655
f 1667//1650 1673//1655 1672//1654
f 1660//1643 1672//1654 1674//1656
f 1674//1656 1672//1654 1673//1655
f 1660//1643 1674//1656 1675//1657
f 1675//1657 1674//1656 1676//1658
f 1676//1658 1674//1656 1677//1659
f 1674//1656 1673//1655 1678//1660
f 1674//1656 1678//1660 1677//1659
f 1679//1661 1673//1655 1671//1653
f 1673//1655 1679//1661 1678//1660
f 1677//1659 1678//1660 1680//1662
f 1680//1662 1678//1660 1679//1661
f 1677//1659 1680//1662 1681//1663
f 1679//1661 1671//1653 1682//1664
f 1682//1664 1671//1653 1670//1652
f 1680//1662 1679//1661 1683//1665
f 1683//1665 1679//1661 1682//1664
f 1681//1663 1680//1662 1684//1666
f 1684//1666 1680//1662 1683//1665
f 1681//1663 1684//1666 1685//1667
f 1682//1664 1670//1652 1686//1668
f 1686//1668 1670//1652 1669//1365
f 1683//1665 1682//1664 1687//1669
f 1687//1669 1682//1664 1686//1668
f 1684//1666 1683//1665 1688//1670
f 1688//1670 1683//1665 1687//1669
f 1685//1667 1684//1666 1689//1671
f 1689//1671 1684//1666 1688//1670
f 1685//1667 1689//1671 1690//1672
f 1688//1670 1687//1669 1691//1673
f 1689//1671 1688//1670 1692//1674
f 1692//1674 1688//1670 1691//1673
f 1690//1672 1689//1671 1693//1675
f 1693//1675 1689//1671 1692//1674
f 1690//1672 1693//1675 1694//1676
f 1694//1676 1693//1675 1695//1677
f 1693//1675 1692//1674 1696//1678
f 1693//1675 1696//1678 1695//1677
f 1692//1674 1691//1673 1697//1679
f 1696//1678 1692//1674 1698//1680
f 1698//1680 1692//1674 1697//1679
f 1695//1677 1696//1678 1699//1681
f 1699//1681 1696//1678 1698//1680
f 1695//1677 1699//1681 1700//1682
f 1697//1679 1691//1673 1701//1683
f 1697//1679 1701//1683 1698//1680
f 1699//1681 1698//1680 1702//1684
f 1700//1682 1699//1681 1703//1685
f 1700//1682 1703//1685 1704//1686
f 1704//1686 1703//1685 1705//1687
f 1705//1687 1703//1685 1706//1688
f 1703//1685 1699//1681 1707//1689
f 1703//1685 1707//1689 1706//1688
f 1699//1681 1702//1684 1708//1690
f 1699//1681 1708//1690 1707//1689
f 1706//1688 1707//1689 1709//1691
f 1709//1691 1707//1689 1708//1690
f 1706//1688 1709//1691 1710//1692
f 1711//1693 1702//1684 1698//1680
f 1702//1684 1711//1693 1708//1690
f 1709//1691 1708//1690 1712//1694
f 1711//1693 1698//1680 1713//1695
f 1713//1695 1698//1680 1701//1683
f 1712//1694 1708//1690 1714//1696
f 1709//1691 1712//1694 1715//1697
f 1715//1697 1712//1694 1714//1696
f 1716//1698 1710//1692 1709//1691
f 1716//1698 1709//1691 1715//1697
f 1710//1692 1716//1698 1717//1699
f 1710//1692 1717//1699 1718//1700
f 1718//1700 1717//1699 1719//1701
f 1719//1701 1717//1699 1720//1702
f 1719//1701 1720//1702 1721//1703
f 1717//1699 1716//1698 1722//1704
f 1717//1699 1722//1704 1720//1702
f 1716//1698 1715//1697 1723//1705
f 1716//1698 1723//1705 1722//1704
f 1723//1705 1715//1697 1724//1706
f 1720//1702 1722//1704 1725//1707
f 1721//1703 1720//1702 1726//1708
f 1726//1708 1720//1702 1725//1707
f 1721//1703 1726//1708 1727//1709
f 1721//1703 1727//1709 1728//1710
f 1728//1710 1727//1709 1729//1711
f 1730//1712 1722//1704 1723//1705
f 1722//1704 1730//1712 1725//1707
f 1730//1712 1723//1705 1731//1713
f 1731//1713 1723//1705 1724//1706
f 1729//1711 1727//1709 1732//1714
f 1729//1711 1732//1714 1733//1715
f 1734//1716 1727//1709 1726//1708
f 1734//1716 1726//1708 1725//1707
f 1732//1714 1727//1709 1735//1717
f 1735//1717 1727//1709 1734//1716
f 1733//1715 1732//1714 1736//1718
f 1733//1715 1736//1718 1737//1719
f 1732//1714 1735//1717 1738//1720
f 1732//1714 1738//1720 1736//1718
f 1735//1717 1734//1716 1739//1721
f 1735//1717 1739//1721 1738//1720
f 1740//1722 1734//1716 1725//1707
f 1734//1716 1740//1722 1739//1721
f 1740//1722 1725//1707 1730//1712
f 1740//1722 1730//1712 1741//1723
f 1741//1723 1730//1712 1731//1713
f 1739//1721 1740//1722 1742//1724
f 1742//1724 1740//1722 1741//1723
f 1743//1725 1738//1720 1739//1721
f 1743//1725 1739//1721 1742//1724
f 1738//1720 1743//1725 1744//1726
f 1738//1720 1744//1726 1736//1718
f 1743//1725 1742//1724 1745//1727
f 1736//1718 1744//1726 1746//1728
f 1736//1718 1746//1728 1737//1719
f 1744//1726 1743//1725 1747//1729
f 1747//1729 1743//1725 1745//1727
f 1746//1728 1744//1726 1748//1730
f 1748//1730 1744//1726 1747//1729
f 1737//1719 1746//1728 1749//1731
f 1737//1719 1749//1731 1750//1732
f 1750//1732 1749//1731 1751//1733
f 1749//1731 1746//1728 1752//1734
f 1749//1731 1752//1734 1751//1733
f 1752//1734 1746//1728 1748//1730
f 1751//1733 1752//1734 1753//1735
f 1751//1733 1753//1735 1754//1736
f 1752//1734 1748//1730 1755//1737
f 1752//1734 1755//1737 1753//1735
f 1755//1737 1748//1730 1756//1738
f 1756//1738 1748//1730 1747//1729
f 1754//1736 1753//1735 1757//1739
f 1754//1736 1757//1739 1645//1628
f 1645//1628 1757//1739 1640//1623
f 1757//1739 1753//1735 1758//1740
f 1758//1740 1753//1735 1755//1737
f 1640//1623 1757//1739 1759//1741
f 1759//1741 1757//1739 1758//1740
f 1640//1623 1759//1741 1637//1620
f 1758//1740 1755//1737 1760//1742
f 1760//1742 1755//1737 1756//1738
f 1759//1741 1758//1740 1761//1743
f 1759//1741 1761//1743 1637//1620
f 1761//1743 1758//1740 1760//1742
f 1637//1620 1761//1743 1635//1618
f 1635//1618 1761//1743 1760//1742
f 1635//1618 1760//1742 1762//1744
f 1635//1618 1762//1744 1634//1617
f 1760//1742 1756//1738 1763//1745
f 1760//1742 1763//1745 1762//1744
f 1634//1617 1762//1744 1764//1746
f 1764//1746 1762//1744 1763//1745
f 1634//1617 1764//1746 1633//1616
f 1763//1745 1756//1738 1765//1747
f 1765//1747 1756//1738 1747//1729
f 1765//1747 1747//1729 1745//1727
f 1763//1745 1765//1747 1766//1748
f 1763//1745 1766//1748 1764//1746
f 1633//1616 1764//1746 1767//1749
f 1767//1749 1764//1746 1766//1748
f 1633//1616 1767//1749 1548//1534
f 1766//1748 1765//1747 1768//1750
f 1768//1750 1765//1747 1745//1727
f 1767//1749 1766//1748 1769//1751
f 1769//1751 1766//1748 1768//1750
f 1548//1534 1767//1749 1770//1752
f 1770//1752 1767//1749 1769//1751
f 1548//1534 1770//1752 1557//1542
f 1768//1750 1745//1727 1771//1753
f 1771//1753 1745//1727 1742//1724
f 1771//1753 1742//1724 1741//1723
f 1768//1750 1771//1753 1772//1754
f 1768//1750 1772//1754 1769//1751
f 1771//1753 1741//1723 1773//1755
f 1771//1753 1773//1755 1772//1754
f 1773//1755 1741//1723 1731//1713
f 1769//1751 1772//1754 1774//1756
f 1769//1751 1774//1756 1770//1752
f 1772//1754 1773//1755 1775//1757
f 1772//1754 1775//1757 1774//1756
f 1773//1755 1731//1713 1776//1758
f 1773//1755 1776//1758 1775//1757
f 1776//1758 1731//1713 1724//1706
f 1777//1759 1557//1542 1770//1752
f 1777//1759 1770//1752 1774//1756
f 1557//1542 1777//1759 1556//1541
f 1774//1756 1775//1757 1778//1760
f 1774//1756 1778//1760 1777//1759
f 1775//1757 1776//1758 1779//1761
f 1775//1757 1779//1761 1778//1760
f 1779//1761 1776//1758 1780//1762
f 1780//1762 1776//1758 1724//1706
f 1556//1541 1777//1759 1781//1763
f 1781//1763 1777//1759 1778//1760
f 1556//1541 1781//1763 1782//1764
f 1556//1541 1782//1764 1558//1543
f 1558//1543 1782//1764 1783//1765
f 1780//1762 1724//1706 1784//1766
f 1784//1766 1724//1706 1715//1697
f 1784//1766 1715//1697 1714//1696
f 1780//1762 1784//1766 1785//1767
f 1785//1767 1784//1766 1714//1696
f 1780//1762 1785//1767 1786//1768
f 1780//1762 1786//1768 1779//1761
f 1785//1767 1714//1696 1787//1769
f 1788//1770 1778//1760 1779//1761
f 1788//1770 1779//1761 1786//1768
f 1778//1760 1788//1770 1781//1763
f 1786//1768 1785//1767 1789//1771
f 1789//1771 1785//1767 1787//1769
f 1788//1770 1786//1768 1790//1772
f 1790//1772 1786//1768 1789//1771
f 1781//1763 1788//1770 1791//1773
f 1791//1773 1788//1770 1790//1772
f 1781//1763 1791//1773 1782//1764
f 1782//1764 1791//1773 1792//1774
f 1782//1764 1792//1774 1783//1765
f 1791//1773 1790//1772 1793//1775
f 1791//1773 1793//1775 1792//1774
f 1790//1772 1789//1771 1794//1776
f 1790//1772 1794//1776 1793//1775
f 1783//1765 1792//1774 1795//1777
f 1795//1777 1792//1774 1793//1775
f 1783//1765 1795//1777 1796//1778
f 1793//1775 1794//1776 1797//1779
f 1793//1775 1797//1779 1795//1777
f 1794//1776 1789//1771 1798//1780
f 1798//1780 1789//1771 1787//1769
f 1797//1779 1794//1776 1799//1781
f 1799//1781 1794//1776 1798//1780
f 1796//1778 1795//1777 1800//1782
f 1800//1782 1795//1777 1797//1779
f 1796//1778 1800//1782 1801//1783
f 1798//1780 1787//1769 1802//1784
f 1798//1780 1802//1784 1799//1781
f 1800//1782 1797//1779 1803//1785
f 1803//1785 1797//1779 1799//1781
f 1801//1783 1800//1782 1804//1786
f 1804//1786 1800//1782 1803//1785
f 1801//1783 1804//1786 1805//1787
f 1803//1785 1799//1781 1806//1788
f 1806//1788 1799//1781 1802//1784
f 1804//1786 1803//1785 1807//1789
f 1807//1789 1803//1785 1806//1788
f 1805//1787 1804//1786 1808//1790
f 1808//1790 1804//1786 1807//1789
f 1805//1787 1808//1790 1809//1791
f 1809//1791 1808//1790 1810//878
f 1808//1790 1807//1789 1811//1792
f 1811//1792 1807//1789 1806//1788
f 1810//878 1808//1790 1812//1793
f 1812//1793 1808//1790 1811//1792
f 1810//878 1812//1793 1813//1794
f 1811//1792 1806//1788 1814//686
f 1813//1794 1812//1793 1815//1795
f 1813//1794 1815//1795 1816//1796
f 1812//1793 1811//1792 1817//1797
f 1812//1793 1817//1797 1815//1795
f 1811//1792 1814//686 1818//1798
f 1811//1792 1818//1798 1817//1797
f 1814//686 1806//1788 1819//1799
f 1814//686 1819//1799 1818//1798
f 1819//1799 1806//1788 1802//1784
f 1820//1800 1816//1796 1815//1795
f 1820//1800 1815//1795 1817//1797
f 1816//1796 1820//1800 1821//1801
f 1817//1797 1818//1798 1822//1802
f 1817//1797 1822//1802 1820//1800
f 1821//1801 1820//1800 1823//1803
f 1823//1803 1820//1800 1822//1802
f 1821//1801 1823//1803 1824//1804
f 1824//1804 1823//1803 1825//1805
f 1824//1804 1825//1805 1608//1591
f 1608//1591 1825//1805 1607//1590
f 1825//1805 1823//1803 1826//1806
f 1826//1806 1823//1803 1822//1802
f 1607//1590 1825//1805 1827//1807
f 1827//1807 1825//1805 1826//1806
f 1607//1590 1827//1807 1609//1592
f 1826//1806 1822//1802 1828//1808
f 1828//1808 1822//1802 1818//1798
f 1827//1807 1826//1806 1829//1809
f 1829//1809 1826//1806 1828//1808
f 1609//1592 1827//1807 1830//1810
f 1830//1810 1827//1807 1829//1809
f 1609//1592 1830//1810 1831//1811
f 1609//1592 1831//1811 1606//1589
f 1606//1589 1831//1811 1611//1594
f 1828//1808 1818//1798 1832//1812
f 1829//1809 1828//1808 1833//1813
f 1833//1813 1828//1808 1832//1812
f 1832//1812 1818//1798 1819//1799
f 1829//1809 1833//1813 1834//1814
f 1829//1809 1834//1814 1830//1810
f 1833//1813 1832//1812 1835//1815
f 1833//1813 1835//1815 1834//1814
f 1832//1812 1819//1799 1836//1816
f 1832//1812 1836//1816 1835//1815
f 1836//1816 1819//1799 1837//1817
f 1835//1815 1836//1816 1713//1695
f 1835//1815 1713//1695 1701//1683
f 1713//1695 1836//1816 1711//1693
f 1711//1693 1836//1816 1837//1817
f 1837//1817 1819//1799 1838//1818
f 1837//1817 1838//1818 1711//1693
f 1838//1818 1819//1799 1802//1784
f 1838//1818 1802//1784 1787//1769
f 1711//1693 1838//1818 1839//1819
f 1839//1819 1838//1818 1787//1769
f 1711//1693 1839//1819 1708//1690
f 1839//1819 1787//1769 1714//1696
f 1839//1819 1714//1696 1708//1690
f 1840//1820 1835//1815 1701//1683
f 1835//1815 1840//1820 1834//1814
f 1840//1820 1701//1683 1841//621
f 1841//621 1701//1683 1691//1673
f 1834//1814 1840//1820 1842//1821
f 1834//1814 1842//1821 1830//1810
f 1830//1810 1842//1821 1831//1811
f 1842//1821 1840//1820 1843//1822
f 1843//1822 1840//1820 1841//621
f 1831//1811 1842//1821 1844//1823
f 1844//1823 1842//1821 1843//1822
f 1831//1811 1844//1823 1611//1594
f 1611//1594 1844//1823 1668//1651
f 1668//1651 1844//1823 1845//1824
f 1845//1824 1844//1823 1843//1822
f 1668//1651 1845//1824 1669//1365
f 1669//1365 1845//1824 1686//1668
f 1845//1824 1843//1822 1846//1825
f 1845//1824 1846//1825 1686//1668
f 1846//1825 1843//1822 1841//621
f 1846//1825 1841//621 1691//1673
f 1686//1668 1846//1825 1687//1669
f 1687//1669 1846//1825 1691//1673
o tripo_part_4
g tripo_part_4
usemtl mat_0
v 0.141884446 0.017612875 0.114479445
vn 0.149643421 0.850604653 0.504061997
v 0.139927506 0.013698995 0.114479445
vn 0.403253466 -0.197673261 0.893483162
v 0.155583024 0.013698995 0.098825835
vn 0.880118132 -0.102156565 0.463633627
v 0.118401170 0.017612875 0.118393324
vn 0.117985949 0.841633081 0.527003884
v 0.155583024 0.017612875 0.098825835
vn -0.980580688 0.000000000 -0.196116120
v 0.153629899 0.005871236 0.098825835
vn 0.827361882 -0.315185457 0.464898527
v 0.139927506 0.015655935 0.114479445
vn 0.354023576 0.912594080 -0.204546943
v 0.155583024 0.015655935 0.098825835
vn -0.275624722 0.960749149 0.031499971
v 0.139927506 0.033267915 0.114479445
vn 0.463062137 0.259000868 0.847639203
v 0.159496903 0.013698995 0.079256438
vn 0.996791542 -0.015697505 0.078487523
v 0.159496903 0.017612875 0.079256438
vn 0.993605554 0.047314551 0.102514856
v 0.159496903 0.005871236 0.079256438
vn 0.922834694 -0.378598869 0.070987277
v 0.159496903 0.015655935 0.079256438
vn 0.994719684 0.000000000 0.102629803
v 0.157543778 0.005871236 0.057729147
v 0.159496903 0.013698995 0.057729147
v 0.159496903 0.015655935 0.057729147
vn 0.956958413 0.000000000 -0.290225118
v 0.147755265 0.013698995 0.040117644
vn 0.606280446 -0.157475427 -0.779503405
v 0.155583024 0.001957357 0.079256438
vn 0.480404347 -0.874178410 0.070879325
v 0.145798326 0.005871236 0.042074583
vn 0.537519991 -0.426854134 -0.727232993
v 0.155583024 0.000000417 0.057729147
vn 0.620951056 -0.754573405 -0.212223768
v 0.126228929 0.013698995 0.032287978
vn 0.330187052 -0.031446386 -0.943391621
v 0.147755265 0.017612875 0.040117644
vn 0.834464669 0.000000000 0.551061511
v 0.159496903 0.017612875 0.057729147
vn 0.960481048 0.039363977 -0.275547832
v 0.147755265 0.015655935 0.040117644
vn 0.762527704 -0.573861122 0.298722208
v 0.126228929 0.017612875 0.032287978
vn 0.150156587 -0.766588867 -0.624335289
v 0.147755265 0.033267915 0.040117644
vn 0.628442407 0.267088026 -0.730564356
v 0.157543778 0.037182271 0.057729147
vn 0.892201126 0.363196909 -0.268449873
v 0.124271989 0.017612875 0.030331038
vn 0.157499835 -0.740249276 -0.653624356
v 0.137970567 0.046966970 0.044031523
vn 0.470635295 0.603981972 -0.643201530
v 0.124271989 0.035225332 0.030331038
vn 0.339003295 0.220746353 -0.914520621
v 0.102745652 0.019569337 0.024460219
vn 0.164905071 0.785262287 -0.596799374
v 0.100788713 0.019569337 0.024460219
vn 0.118271679 0.725399613 -0.678090930
v 0.102745652 0.015655935 0.024460219
vn 0.204445735 -0.086496279 -0.975048900
v 0.075349450 0.015655935 0.022503279
v 0.075349450 0.019569337 0.022503279
v 0.075349450 0.023483217 0.022503279
vn 0.023614729 -0.007871577 -0.999690175
v 0.100788713 0.041096151 0.024460219
vn 0.212433845 0.220301762 -0.952018380
v 0.122315049 0.050880849 0.038158797
vn 0.395037919 0.600457609 -0.695266724
v 0.100788713 0.060665548 0.034244917
vn 0.339319795 0.607619226 -0.718095422
v 0.120358109 0.062622488 0.053816222
vn 0.400681496 0.848502040 -0.345685989
v 0.075349450 0.046966970 0.022503279
vn 0.078808598 0.197021484 -0.977226615
v 0.045994401 0.021526277 0.024460219
vn -0.173121050 -0.369849503 -0.912820041
v 0.045994401 0.046966970 0.022503279
vn -0.189523578 0.189523578 -0.963411510
v 0.075349450 0.068493307 0.030331038
vn 0.141640097 0.590167105 -0.794758379
v 0.098832726 0.072407186 0.049902342
vn 0.392837107 0.864241660 -0.314269692
v 0.045994401 0.023483217 0.022503279
vn -0.165952176 -0.363514304 -0.916688263
v 0.020558000 0.023483217 0.032287978
vn -0.517810345 -0.023536835 -0.855171680
v 0.020558000 0.046966970 0.032287978
vn -0.495786458 0.212479919 -0.842050016
v 0.047951341 0.066536367 0.030331038
vn -0.197211444 0.560080469 -0.804622710
v 0.073392510 0.082191885 0.045988463
vn 0.157793701 0.915203393 -0.370815188
v 0.028381944 0.060665548 0.036201857
vn -0.361276358 0.502645373 -0.785383344
v 0.044037461 0.080234945 0.045988463
vn -0.227887720 0.880118132 -0.416484475
v 0.096875787 0.074364126 0.073385142
vn 0.346531928 0.937211275 0.039378624
v 0.018597245 0.068493307 0.045988463
vn -0.553104818 0.679528773 -0.481991380
v 0.071435571 0.084148824 0.069471262
vn 0.141416997 0.989919007 0.007856500
v 0.040123582 0.082191885 0.067514323
vn -0.259056687 0.965574980 -0.023550609
v 0.118401170 0.066536367 0.073385142
vn 0.369929701 0.928759634 0.023612533
v 0.069478631 0.082191885 0.092955016
vn 0.094744056 0.923754573 0.371080905
v 0.040123582 0.080234945 0.089041136
vn -0.290547043 0.879493773 0.376925886
v 0.094918847 0.072407186 0.094911955
vn 0.315862745 0.876519144 0.363242179
v 0.040123582 0.066536367 0.104694746
vn -0.361309797 0.526255548 0.769746959
v 0.067520738 0.068493307 0.110565566
vn -0.039338384 0.605811119 0.794635296
v 0.022511125 0.060665548 0.094911955
vn -0.465418935 0.528526604 0.709961176
v 0.038166642 0.046966970 0.110565566
vn -0.355645150 0.181774184 0.916774154
v 0.014683366 0.068493307 0.083170317
vn -0.630880296 0.693968356 0.346984178
v 0.012730241 0.046966970 0.098825835
vn -0.623809516 0.244786009 0.742254376
v 0.012730241 0.068493307 0.063600443
vn -0.676829755 0.731920600 -0.078701138
v 0.000988603 0.046966970 0.081213377
vn -0.914264858 0.244329408 0.323145330
v -0.000972152 0.048923910 0.063600443
vn -0.946762204 0.307697713 -0.094676219
v 0.004902482 0.046966970 0.045988463
vn -0.816975117 0.235665917 -0.526320517
v -0.000972152 0.025440246 0.063600443
vn -0.929364324 -0.362294585 -0.070883721
v 0.004902482 0.025440246 0.045988463
vn -0.795374274 -0.251999766 -0.551249504
v 0.000988603 0.025440246 0.081213377
vn -0.889212668 -0.346242100 0.299027264
v 0.000988603 0.023483217 0.061643027
vn -0.934548557 -0.329840660 -0.133506939
v 0.004902482 0.023483217 0.047945403
vn -0.872233033 -0.196448877 -0.447903454
v 0.012730241 0.023483217 0.098825835
vn -0.495173484 -0.652371407 0.573772490
v 0.038166642 0.023483217 0.110565566
vn -0.369987011 -0.015744127 0.928903520
v 0.002941728 0.023483217 0.081213377
vn -0.856781721 -0.408739895 0.314415306
v 0.014683366 0.023483217 0.096868895
vn -0.433662802 -0.756938696 0.488856256
v 0.065563798 0.023483217 0.118393324
vn -0.173335865 0.000000000 0.984862804
v 0.038166642 0.021526277 0.110565566
vn -0.392970562 0.000000000 0.919551075
v 0.038166642 0.017612875 0.110565566
v 0.014683366 0.019569337 0.096868895
vn -0.674930274 -0.015696052 0.737714529
v 0.002941728 0.019569337 0.081213377
vn -0.930837989 -0.086773038 0.354980618
v 0.000988603 0.019569337 0.061643027
vn -0.989461064 -0.109940119 -0.094234392
v 0.004902482 0.019569337 0.047945403
vn -0.875047147 -0.055183154 -0.480881780
v 0.002941728 0.009785116 0.063600443
vn -0.827464640 -0.559523642 -0.047283694
v 0.004902482 0.009785116 0.081213377
vn -0.825850606 -0.487645119 0.283148736
v 0.014683366 0.009785116 0.096868895
vn -0.654497623 -0.378504634 0.654497623
v 0.020558000 0.019569337 0.032287978
vn -0.517953813 0.000000000 -0.855408609
v 0.006855607 0.009785116 0.045988463
vn -0.769272506 -0.470983177 -0.431734592
v 0.012730241 0.003914297 0.063600443
vn -0.323225647 -0.946026325 -0.023650657
v 0.012730241 0.003914297 0.083170317
vn -0.409296632 -0.897304177 0.165292859
v 0.045994401 0.017612875 0.024460219
vn -0.180962160 0.000000000 -0.983490050
v 0.020558000 0.009785116 0.032287978
vn -0.489404231 -0.402574450 -0.773574412
v 0.045994401 0.007828176 0.024460219
vn -0.196899220 -0.393798441 -0.897860467
v 0.075349450 0.005871236 0.022503279
vn 0.007870113 -0.472206831 -0.881452739
v 0.028381944 0.003914297 0.036201857
vn -0.197278962 -0.907483220 -0.370884448
v 0.016644120 0.003914297 0.045988463
vn -0.322584748 -0.920546770 -0.220301792
v 0.047951341 0.003914297 0.028374098
vn -0.118515074 -0.892813563 -0.434555292
v 0.042080522 0.001957357 0.045988463
v 0.038166642 0.001957357 0.067514323
vn -0.070686676 -0.997467637 -0.007854076
v 0.071435571 0.000000417 0.069471262
vn -0.031480454 -0.999504447 0.000000000
v 0.038166642 0.001957357 0.089041136
vn -0.071104601 -0.995464504 0.063204095
v 0.022511125 0.003914297 0.094911955
vn -0.283359170 -0.897304177 0.338456810
v 0.073392510 0.000000417 0.045988463
vn -0.031418242 -0.997529209 -0.062836483
v 0.075349450 0.001957357 0.028374098
vn -0.015718335 -0.935240984 -0.353662580
v 0.038166642 0.007828176 0.110565566
vn -0.347568274 -0.466057420 0.813625693
v 0.040123582 0.003914297 0.104694746
vn -0.157680869 -0.930317104 0.331129819
v 0.065563798 0.015655935 0.118393324
vn -0.165057823 -0.086458862 0.982487082
v 0.065563798 0.005871236 0.116436385
vn -0.156892911 -0.494212657 0.855066359
v 0.069478631 0.000000417 0.092955016
vn -0.039295841 -0.998114347 0.047155008
v 0.065563798 0.019569337 0.118393324
v 0.092961907 0.019569337 0.120350264
vn 0.007873772 0.000000000 0.999969006
v 0.067520738 0.001957357 0.112522505
vn -0.102128193 -0.903441727 0.416368812
v 0.096875787 0.000000417 0.096868895
vn -0.015745593 -0.999845147 0.007872797
v 0.092961907 0.015655935 0.120350264
v 0.094918847 0.005871236 0.118393324
vn -0.023543356 -0.376693696 0.926038682
v 0.094918847 0.000000417 0.114479445
vn -0.047169577 -0.880498767 0.471695811
v 0.118401170 0.013698995 0.118393324
vn 0.125937417 -0.023613269 0.991757214
v 0.118401170 0.005871236 0.118393324
vn 0.125688478 -0.353498876 0.926952541
v 0.118401170 0.000000417 0.112522505
vn 0.054932807 -0.918162584 0.392377168
v 0.139927506 0.005871236 0.112522505
vn 0.448360473 -0.377566725 0.810195208
v 0.137970567 0.000000417 0.108608626
vn 0.243574038 -0.872152209 0.424290270
v 0.151669145 0.001957357 0.098825835
vn 0.581722200 -0.746805489 0.322305530
v 0.118401170 0.000000417 0.096868895
v 0.137970567 0.000000417 0.096868895
vn 0.070688859 -0.997498453 0.000000000
v 0.139927506 0.000000417 0.077299021
vn 0.047178328 -0.998607934 0.023589164
v 0.122315049 0.000000417 0.075342081
v 0.098832726 0.000000417 0.073385142
v 0.100788713 0.000000417 0.049902342
vn -0.007873528 -0.999938011 -0.007873528
v 0.141884446 0.000000417 0.055772208
v 0.124271989 0.000000417 0.053816222
v 0.143841386 0.000000417 0.045988463
vn 0.283570081 -0.874341130 -0.393847376
v 0.124271989 0.000000417 0.038158797
vn 0.133775368 -0.928558409 -0.346242130
v 0.126228929 0.005871236 0.032287978
vn 0.322017103 -0.369141579 -0.871802449
v 0.102745652 0.000000417 0.030331038
vn 0.054973446 -0.871721804 -0.486907661
v 0.102745652 0.005871236 0.026417159
vn 0.165673062 -0.386570483 -0.907257259
v 0.143841386 0.054794729 0.057729147
vn 0.583909392 0.757504106 -0.291954696
v 0.157543778 0.037182271 0.079256438
vn 0.924900115 0.368392408 0.094057642
v 0.143841386 0.054794729 0.077299021
vn 0.622491241 0.780084014 0.063037090
v 0.139927506 0.054794729 0.096868895
vn 0.518977642 0.754876554 0.401028156
v 0.153629899 0.037182271 0.098825835
vn 0.825314701 0.353706270 0.440167814
v 0.132099748 0.046966970 0.108608626
vn 0.324204385 0.585149407 0.743297875
v 0.116444230 0.062622488 0.096868895
vn 0.330708653 0.842519701 0.425196856
v 0.092961907 0.060665548 0.112522505
vn 0.197328120 0.591984391 0.781419396
v 0.114487290 0.050880849 0.110565566
vn 0.252911091 0.569049954 0.782443702
v 0.065563798 0.046966970 0.118393324
vn -0.149899334 0.189346537 0.970400989
v 0.092961907 0.041096151 0.120350264
vn 0.063117474 0.197242111 0.978320897
v 0.116444230 0.035225332 0.118393324
vn 0.157499850 0.228374794 0.960749149
v 0.116444230 0.017612875 0.118393324
vn 0.157553598 0.921688557 0.354495615
f 1847//1826 1848//1827 1849//1828
f 1848//1827 1847//1826 1850//1829
f 1847//1826 1849//1828 1851//1830
f 1849//1828 1848//1827 1852//1831
f 1850//1829 1847//1826 1853//1832
f 1853//1832 1847//1826 1854//1833
f 1854//1833 1847//1826 1851//1830
f 1853//1832 1854//1833 1855//1834
f 1851//1830 1849//1828 1856//1835
f 1854//1833 1851//1830 1857//1836
f 1856//1835 1849//1828 1858//1837
f 1858//1837 1849//1828 1852//1831
f 1851//1830 1856//1835 1859//1838
f 1851//1830 1859//1838 1857//1836
f 1856//1835 1858//1837 1860//291
f 1859//1838 1856//1835 1861//300
f 1861//300 1856//1835 1860//291
f 1859//1838 1861//300 1862//1839
f 1859//1838 1862//1839 1857//1836
f 1862//1839 1861//300 1863//1840
f 1863//1840 1861//300 1860//291
f 1860//291 1858//1837 1864//1841
f 1864//1841 1858//1837 1852//1831
f 1863//1840 1860//291 1865//1842
f 1860//291 1864//1841 1866//1843
f 1860//291 1866//1843 1865//1842
f 1863//1840 1865//1842 1867//1844
f 1862//1839 1863//1840 1868//1845
f 1868//1845 1863//1840 1867//1844
f 1862//1839 1868//1845 1869//1846
f 1862//1839 1869//1846 1857//1836
f 1869//1846 1868//1845 1870//1847
f 1870//1847 1868//1845 1871//1848
f 1871//1848 1868//1845 1867//1844
f 1869//1846 1870//1847 1872//1849
f 1857//1836 1869//1846 1873//1850
f 1873//1850 1869//1846 1872//1849
f 1872//1849 1870//1847 1874//1851
f 1874//1851 1870//1847 1871//1848
f 1873//1850 1872//1849 1875//1852
f 1872//1849 1874//1851 1876//1853
f 1872//1849 1876//1853 1875//1852
f 1874//1851 1871//1848 1877//1854
f 1876//1853 1874//1851 1878//1855
f 1878//1855 1874//1851 1877//1854
f 1877//1854 1871//1848 1879//1856
f 1879//1856 1871//1848 1867//1844
f 1877//1854 1879//1856 1880//934
f 1878//1855 1877//1854 1881//934
f 1881//934 1877//1854 1880//934
f 1878//1855 1881//934 1882//1857
f 1876//1853 1878//1855 1883//1858
f 1883//1858 1878//1855 1882//1857
f 1876//1853 1883//1858 1884//1859
f 1876//1853 1884//1859 1875//1852
f 1884//1859 1883//1858 1885//1860
f 1875//1852 1884//1859 1886//1861
f 1886//1861 1884//1859 1885//1860
f 1885//1860 1883//1858 1887//1862
f 1887//1862 1883//1858 1882//1857
f 1888//1863 1882//1857 1881//934
f 1888//1863 1881//934 1880//934
f 1887//1862 1882//1857 1889//1864
f 1885//1860 1887//1862 1890//1865
f 1890//1865 1887//1862 1889//1864
f 1885//1860 1890//1865 1891//1866
f 1885//1860 1891//1866 1886//1861
f 1882//1857 1888//1863 1892//1867
f 1882//1857 1892//1867 1889//1864
f 1892//1867 1888//1863 1893//1868
f 1889//1864 1892//1867 1894//1869
f 1894//1869 1892//1867 1893//1868
f 1890//1865 1889//1864 1895//1870
f 1896//1871 1891//1866 1890//1865
f 1896//1871 1890//1865 1895//1870
f 1895//1870 1889//1864 1897//1872
f 1897//1872 1889//1864 1894//1869
f 1896//1871 1895//1870 1898//1873
f 1898//1873 1895//1870 1897//1872
f 1891//1866 1896//1871 1899//1874
f 1898//1873 1897//1872 1900//1875
f 1900//1875 1897//1872 1894//1869
f 1896//1871 1898//1873 1901//1876
f 1896//1871 1901//1876 1899//1874
f 1898//1873 1900//1875 1902//1877
f 1898//1873 1902//1877 1901//1876
f 1891//1866 1899//1874 1903//1878
f 1891//1866 1903//1878 1886//1861
f 1899//1874 1901//1876 1904//1879
f 1901//1876 1902//1877 1905//1880
f 1901//1876 1905//1880 1904//1879
f 1899//1874 1904//1879 1906//1881
f 1899//1874 1906//1881 1903//1878
f 1904//1879 1905//1880 1907//1882
f 1906//1881 1904//1879 1908//1883
f 1908//1883 1904//1879 1907//1882
f 1907//1882 1905//1880 1909//1884
f 1908//1883 1907//1882 1910//1885
f 1910//1885 1907//1882 1909//1884
f 1909//1884 1905//1880 1911//1886
f 1911//1886 1905//1880 1902//1877
f 1909//1884 1911//1886 1912//1887
f 1909//1884 1912//1887 1910//1885
f 1911//1886 1902//1877 1913//1888
f 1913//1888 1902//1877 1900//1875
f 1911//1886 1913//1888 1914//1889
f 1911//1886 1914//1889 1912//1887
f 1914//1889 1913//1888 1915//1890
f 1913//1888 1900//1875 1916//1891
f 1913//1888 1916//1891 1915//1890
f 1916//1891 1900//1875 1894//1869
f 1914//1889 1915//1890 1917//1892
f 1917//1892 1915//1890 1916//1891
f 1916//1891 1894//1869 1918//1893
f 1916//1891 1918//1893 1917//1892
f 1918//1893 1894//1869 1893//1868
f 1914//1889 1917//1892 1919//1894
f 1914//1889 1919//1894 1912//1887
f 1917//1892 1918//1893 1920//1895
f 1917//1892 1920//1895 1919//1894
f 1918//1893 1893//1868 1921//1896
f 1918//1893 1921//1896 1920//1895
f 1912//1887 1919//1894 1922//1897
f 1912//1887 1922//1897 1923//1898
f 1912//1887 1923//1898 1910//1885
f 1922//1897 1919//1894 1924//1899
f 1924//1899 1919//1894 1920//1895
f 1923//1898 1922//1897 1925//1900
f 1925//1900 1922//1897 1924//1899
f 1910//1885 1923//1898 1926//1901
f 1923//1898 1925//1900 1927//1902
f 1923//1898 1927//1902 1926//1901
f 1927//1902 1925//1900 1928//1902
f 1925//1900 1924//1899 1929//1903
f 1925//1900 1929//1903 1928//1902
f 1930//1904 1924//1899 1920//1895
f 1924//1899 1930//1904 1929//1903
f 1930//1904 1920//1895 1931//1905
f 1931//1905 1920//1895 1932//1906
f 1932//1906 1920//1895 1921//1896
f 1930//1904 1931//1905 1933//1907
f 1933//1907 1931//1905 1932//1906
f 1929//1903 1930//1904 1934//1908
f 1934//1908 1930//1904 1933//1907
f 1935//1909 1928//1902 1929//1903
f 1935//1909 1929//1903 1934//1908
f 1932//1906 1921//1896 1936//1910
f 1936//1910 1921//1896 1893//1868
f 1933//1907 1932//1906 1937//1911
f 1937//1911 1932//1906 1936//1910
f 1934//1908 1933//1907 1938//1912
f 1938//1912 1933//1907 1937//1911
f 1935//1909 1934//1908 1939//1913
f 1939//1913 1934//1908 1938//1912
f 1936//1910 1893//1868 1940//1914
f 1940//1914 1893//1868 1888//1863
f 1940//1914 1888//1863 1880//934
f 1936//1910 1940//1914 1941//1915
f 1936//1910 1941//1915 1937//1911
f 1940//1914 1880//934 1942//1916
f 1940//1914 1942//1916 1941//1915
f 1942//1916 1880//934 1943//1917
f 1943//1917 1880//934 1879//1856
f 1941//1915 1942//1916 1944//1918
f 1937//1911 1941//1915 1945//1919
f 1945//1919 1941//1915 1944//1918
f 1937//1911 1945//1919 1938//1912
f 1944//1918 1942//1916 1946//1920
f 1946//1920 1942//1916 1943//1917
f 1945//1919 1944//1918 1947//206
f 1947//206 1944//1918 1946//1920
f 1938//1912 1945//1919 1948//1921
f 1948//1921 1945//1919 1947//206
f 1938//1912 1948//1921 1939//1913
f 1948//1921 1947//206 1949//1922
f 1939//1913 1948//1921 1950//1923
f 1950//1923 1948//1921 1949//1922
f 1939//1913 1950//1923 1951//1924
f 1939//1913 1951//1924 1935//1909
f 1952//1925 1947//206 1946//1920
f 1947//206 1952//1925 1949//1922
f 1952//1925 1946//1920 1953//1926
f 1953//1926 1946//1920 1943//1917
f 1935//1909 1951//1924 1954//1927
f 1935//1909 1954//1927 1928//1902
f 1954//1927 1951//1924 1955//1928
f 1955//1928 1951//1924 1950//1923
f 1928//1902 1954//1927 1956//1929
f 1928//1902 1956//1929 1927//1902
f 1954//1927 1955//1928 1957//1930
f 1954//1927 1957//1930 1956//1929
f 1955//1928 1950//1923 1958//1931
f 1958//1931 1950//1923 1949//1922
f 1927//1902 1956//1929 1959//1901
f 1927//1902 1959//1901 1926//1901
f 1959//1901 1956//1929 1960//1932
f 1959//1901 1960//1932 1926//1901
f 1955//1928 1958//1931 1961//1933
f 1955//1928 1961//1933 1957//1930
f 1958//1931 1949//1922 1962//1934
f 1958//1931 1962//1934 1961//1933
f 1963//835 1956//1929 1957//1930
f 1956//1929 1963//835 1960//1932
f 1957//1930 1961//1933 1964//1935
f 1957//1930 1964//1935 1963//835
f 1964//1935 1961//1933 1965//1936
f 1965//1936 1961//1933 1962//1934
f 1963//835 1964//1935 1966//1937
f 1964//1935 1965//1936 1967//1938
f 1964//1935 1967//1938 1966//1937
f 1965//1936 1962//1934 1968//1939
f 1965//1936 1968//1939 1967//1938
f 1963//835 1966//1937 1850//1829
f 1963//835 1850//1829 1960//1932
f 1850//1829 1966//1937 1848//1827
f 1848//1827 1966//1937 1969//1940
f 1969//1940 1966//1937 1967//1938
f 1848//1827 1969//1940 1852//1831
f 1967//1938 1968//1939 1970//1941
f 1967//1938 1970//1941 1969//1940
f 1852//1831 1969//1940 1971//1942
f 1971//1942 1969//1940 1970//1941
f 1852//1831 1971//1942 1864//1841
f 1970//1941 1968//1939 1972//878
f 1972//878 1968//1939 1962//1934
f 1971//1942 1970//1941 1973//1943
f 1973//1943 1970//1941 1972//878
f 1864//1841 1971//1942 1974//1944
f 1974//1944 1971//1942 1973//1943
f 1864//1841 1974//1944 1866//1843
f 1973//1943 1972//878 1975//878
f 1973//1943 1975//878 1974//1944
f 1972//878 1962//1934 1976//878
f 1972//878 1976//878 1975//878
f 1976//878 1962//1934 1949//1922
f 1976//878 1949//1922 1952//1925
f 1976//878 1952//1925 1977//1945
f 1976//878 1977//1945 1975//878
f 1977//1945 1952//1925 1953//1926
f 1978//878 1974//1944 1975//878
f 1974//1944 1978//878 1866//1843
f 1975//878 1977//1945 1979//878
f 1975//878 1979//878 1978//878
f 1866//1843 1978//878 1980//1946
f 1980//1946 1978//878 1979//878
f 1866//1843 1980//1946 1865//1842
f 1979//878 1977//1945 1981//1947
f 1979//878 1981//1947 1980//1946
f 1865//1842 1980//1946 1982//1948
f 1982//1948 1980//1946 1981//1947
f 1865//1842 1982//1948 1867//1844
f 1981//1947 1977//1945 1983//1949
f 1981//1947 1983//1949 1982//1948
f 1983//1949 1977//1945 1953//1926
f 1867//1844 1982//1948 1984//1950
f 1984//1950 1982//1948 1983//1949
f 1984//1950 1983//1949 1953//1926
f 1867//1844 1984//1950 1879//1856
f 1984//1950 1953//1926 1943//1917
f 1984//1950 1943//1917 1879//1856
f 1985//1951 1873//1850 1875//1852
f 1985//1951 1875//1852 1886//1861
f 1985//1951 1886//1861 1903//1878
f 1873//1850 1985//1951 1986//1952
f 1985//1951 1903//1878 1987//1953
f 1985//1951 1987//1953 1986//1952
f 1873//1850 1986//1952 1857//1836
f 1987//1953 1903//1878 1988//1954
f 1987//1953 1988//1954 1986//1952
f 1857//1836 1986//1952 1989//1955
f 1989//1955 1986//1952 1988//1954
f 1857//1836 1989//1955 1854//1833
f 1854//1833 1989//1955 1855//1834
f 1989//1955 1988//1954 1990//1956
f 1989//1955 1990//1956 1855//1834
f 1991//1957 1988//1954 1903//1878
f 1988//1954 1991//1957 1990//1956
f 1991//1957 1903//1878 1906//1881
f 1991//1957 1906//1881 1992//1958
f 1992//1958 1906//1881 1908//1883
f 1990//1956 1991//1957 1993//1959
f 1993//1959 1991//1957 1992//1958
f 1992//1958 1908//1883 1994//1960
f 1994//1960 1908//1883 1910//1885
f 1994//1960 1910//1885 1926//1901
f 1992//1958 1994//1960 1995//1961
f 1995//1961 1994//1960 1926//1901
f 1992//1958 1995//1961 1993//1959
f 1995//1961 1926//1901 1960//1932
f 1996//1962 1990//1956 1993//1959
f 1996//1962 1993//1959 1995//1961
f 1996//1962 1995//1961 1960//1932
f 1990//1956 1996//1962 1855//1834
f 1996//1962 1960//1932 1997//1963
f 1996//1962 1997//1963 1855//1834
f 1997//1963 1960//1932 1850//1829
f 1855//1834 1997//1963 1853//1832
f 1853//1832 1997//1963 1850//1829
o tripo_part_5
g tripo_part_5
usemtl mat_0
v 0.128186285 0.005870819 -0.024462312
vn 0.298648387 -0.479409277 0.825212657
v 0.128186285 0.001956940 -0.030333132
vn 0.134137169 -0.931069732 0.339288116
v 0.145798743 0.001956940 -0.038160890
vn 0.235665917 -0.911241472 0.337787777
v 0.126229346 0.000000000 -0.045988649
vn 0.015714940 -0.997898698 0.062859759
v 0.102746062 0.000000000 -0.042074770
vn 0.007865000 -0.998854995 0.047189999
v 0.143841803 0.000000000 -0.049902529
vn 0.078916498 -0.994347930 0.071024850
v 0.124272399 0.000000000 -0.067514986
v 0.157544196 0.001956940 -0.051859468
vn 0.472265363 -0.865819812 0.165292859
v 0.106659941 0.001956940 -0.022505373
vn 0.094382919 -0.896637738 0.432588398
v 0.149716437 0.005870819 -0.034247011
vn 0.542550743 -0.487509400 0.684085727
v 0.141884863 0.000000000 -0.069471925
vn 0.055032875 -0.998453617 0.007861840
v 0.161458075 0.005870819 -0.051859468
vn 0.904027700 -0.361611098 0.227972209
v 0.157544196 0.001956940 -0.071428865
vn 0.591211379 -0.804047465 -0.063062549
v 0.130143225 0.013698578 -0.024462312
vn 0.369620711 -0.047185622 0.927983880
v 0.151669562 0.000000000 -0.090998262
vn 0.479527771 -0.833277762 -0.275138855
v 0.139927924 0.000000000 -0.090998262
v 0.120358519 0.000000000 -0.089041322
v 0.137970984 0.000000000 -0.102739900
vn 0.173121050 -0.912820041 -0.369849503
v 0.100789122 0.000000000 -0.063601166
v 0.118401580 0.000000000 -0.104696840
vn 0.023703016 -0.956021607 -0.292337179
v 0.096875243 0.000000000 -0.087084383
v 0.075348906 0.000000000 -0.038160890
vn -0.015728541 -0.998762369 0.047185622
v 0.139927924 0.003913879 -0.106653780
vn 0.401674449 -0.409550428 -0.819100857
v 0.118401580 0.003913879 -0.110567659
vn 0.078767024 -0.448972017 -0.890067339
v 0.094918303 0.000000000 -0.106653780
vn -0.023571681 -0.919295549 -0.392861336
v 0.073391967 0.000000000 -0.061644167
v 0.067521147 0.000000000 -0.102739900
vn -0.094903924 -0.949039280 -0.300529122
v 0.094918303 0.003913879 -0.110567659
vn -0.023691926 -0.465941191 -0.884498537
v 0.069478087 0.000000000 -0.085127443
v 0.118401580 0.013698578 -0.110567659
vn 0.110417791 -0.015773971 -0.993760109
v 0.067521147 0.003913879 -0.108610719
vn -0.172800347 -0.486982763 -0.856147110
v 0.094918303 0.013698578 -0.112524599
vn -0.015810896 -0.086959928 -0.996086419
v 0.042080931 0.001956940 -0.094912142
vn -0.149471998 -0.951900601 -0.267476171
v 0.065564208 0.013698578 -0.108610719
vn -0.212697372 -0.023633042 -0.976832390
v 0.040123992 0.001956940 -0.079256624
v 0.040123992 0.005870819 -0.100782961
vn -0.345867515 -0.487358779 -0.801783741
v 0.022511534 0.001956940 -0.085127443
vn -0.306431860 -0.895723879 -0.322146297
v 0.040123992 0.001956940 -0.057730287
vn -0.055019274 -0.998206854 0.023579689
v 0.014683776 0.001956940 -0.071428865
vn -0.331562877 -0.939428151 -0.086837903
v 0.016644530 0.007827759 -0.087084383
vn -0.636376500 -0.424251020 -0.644232988
v 0.014683776 0.003913879 -0.053816408
vn -0.251152337 -0.965366781 0.070636585
v 0.038167052 0.015655518 -0.100782961
vn -0.402161181 -0.039427567 -0.914719522
v 0.004902892 0.007827759 -0.069471925
vn -0.810395837 -0.542886555 -0.220301792
v 0.014683776 0.017612457 -0.087084383
vn -0.706039846 -0.054914214 -0.706039846
v 0.038167052 0.019569397 -0.100782961
vn -0.385206342 -0.361622274 -0.849026263
v 0.014683776 0.021526337 -0.087084383
vn -0.726552367 -0.007897308 -0.687065780
v 0.002942137 0.017612457 -0.069471925
vn -0.949085355 0.101967841 -0.298059851
v 0.004902892 0.007827759 -0.053816408
v 0.004902892 0.021526337 -0.069471925
vn -0.914037824 -0.165472358 -0.370342910
v 0.002942137 0.017612457 -0.053816408
vn -0.983033836 -0.094371252 0.157285407
v 0.002942137 0.021526337 -0.053816408
vn -0.914861858 -0.394336998 0.086754143
v 0.008816771 0.017612457 -0.036203951
vn -0.850077629 -0.086581983 0.519491851
v 0.010769896 0.007827759 -0.036203951
vn -0.714126527 -0.557175577 0.423767358
v 0.018597655 0.003913879 -0.036203951
vn -0.284311950 -0.939808965 0.189541310
v 0.022511534 0.017612457 -0.022505373
vn -0.526125729 0.062820986 0.848083258
v 0.045994811 0.001956940 -0.036203951
vn -0.070669241 -0.997221589 0.023556415
v 0.024468474 0.007827759 -0.022505373
vn -0.462777138 -0.454933435 0.760836959
v 0.030339293 0.003913879 -0.024462312
vn -0.212796450 -0.890592515 0.401948810
v 0.051865630 0.001956940 -0.018591493
vn -0.110198662 -0.865846634 0.488022655
v 0.079263262 0.001956940 -0.018591493
vn 0.031477530 -0.897109628 0.440685421
v 0.049908690 0.007827759 -0.014677614
vn -0.173030004 -0.306735009 0.935934961
v 0.079263262 0.005870819 -0.014677614
vn 0.055212326 -0.465361029 0.883397222
v 0.106659941 0.005870819 -0.018591493
vn 0.188207820 -0.454835534 0.870461166
v 0.049908690 0.017612457 -0.014677614
vn -0.180962160 0.000000000 0.983490050
v 0.079263262 0.015655518 -0.012720674
vn 0.047385328 -0.086873099 0.995091856
v 0.106659941 0.015655518 -0.016634554
vn 0.220966175 -0.094699793 0.970672905
v 0.130143225 0.017612457 -0.024462312
vn 0.370815188 0.157793701 0.915203393
v 0.106659941 0.019569397 -0.016634554
vn 0.165451810 0.685443223 0.709079266
v 0.049908690 0.021526337 -0.014677614
vn -0.173330471 -0.386054218 0.906045616
v 0.079263262 0.019569397 -0.012720674
vn 0.039339606 0.000000000 0.999225974
v 0.024468474 0.021526337 -0.022505373
vn -0.401425540 -0.377812296 0.834335446
v 0.079263262 0.021526337 -0.012720674
vn 0.062836483 0.031418242 0.997529209
v 0.008816771 0.021526337 -0.036203951
vn -0.778249919 -0.353749990 0.518833280
v 0.049908690 0.023483276 -0.012720674
vn -0.141569987 -0.322465003 0.935934961
v 0.022511534 0.023483276 -0.020548433
vn -0.465230823 -0.386378139 0.796412110
v 0.006856017 0.023483276 -0.036203951
vn -0.802950501 -0.330626667 0.495940030
v 0.022511534 0.045009613 -0.022505373
vn -0.472792834 0.228516534 0.851027131
v 0.049908690 0.046966553 -0.014677614
vn -0.149806142 0.228651464 0.961913109
v 0.104703002 0.019569397 -0.016634554
vn 0.141978964 0.749333501 0.646793127
v 0.128186285 0.019569397 -0.024462312
vn 0.330708653 0.165354326 0.929133832
v 0.104703002 0.041095734 -0.018591493
vn 0.244908229 0.237007961 0.940131545
v 0.128186285 0.035224915 -0.024462312
vn 0.345953017 0.220151901 0.912057877
v 0.079263262 0.046966553 -0.014677614
vn 0.110304631 0.220609263 0.969105005
v 0.124272399 0.050880432 -0.030333132
vn 0.392534316 0.588801503 0.706561804
v 0.102746062 0.060665131 -0.026419252
vn 0.354848117 0.599299014 0.717581749
v 0.079263262 0.068492889 -0.022505373
vn 0.157475427 0.606280446 0.779503405
v 0.049908690 0.066535950 -0.022505373
vn -0.181169793 0.567140162 0.803448558
v 0.030339293 0.058708191 -0.026419252
vn -0.338919044 0.488673985 0.803947508
v 0.075348906 0.082191467 -0.040117830
vn 0.133506939 0.934548557 0.329840660
v 0.098832183 0.074363708 -0.044031709
vn 0.394447386 0.883562148 0.252446324
v 0.122315459 0.062622070 -0.047945589
vn 0.401350886 0.873528421 0.275436878
v 0.045994811 0.078277588 -0.036203951
vn -0.219710916 0.870996892 0.439421833
v 0.020558409 0.066535950 -0.036203951
vn -0.542550743 0.684085727 0.487509400
v 0.073391967 0.084148407 -0.061644167
vn 0.141264483 0.988851488 -0.047088169
v 0.139927924 0.048923492 -0.038160890
vn 0.464667827 0.622182310 0.630058050
v 0.006856017 0.046966553 -0.036203951
vn -0.803448558 0.259939253 0.535632372
v 0.040123992 0.080234528 -0.057730287
vn -0.292191297 0.955544472 0.039485309
v 0.014683776 0.066535950 -0.053816408
vn -0.684022248 0.723333955 0.094347902
v 0.000989012 0.023483276 -0.051859468
vn -0.905905068 -0.401749194 0.133916393
v 0.000989012 0.046966553 -0.051859468
vn -0.947499752 0.300041586 0.110541634
v 0.002942137 0.045009613 -0.071428865
vn -0.913612485 0.212651193 -0.346542686
v 0.014683776 0.066535950 -0.073385805
vn -0.677081406 0.661335349 -0.322794646
v 0.002942137 0.023483276 -0.069471925
vn -0.880471647 -0.361622274 -0.306592792
v 0.014683776 0.045009613 -0.087084383
vn -0.674577236 0.188254118 -0.713796854
v 0.040123992 0.078277588 -0.079256624
vn -0.315234393 0.866894543 -0.386162102
v 0.014683776 0.023483276 -0.087084383
vn -0.718767047 -0.015797079 -0.695071459
v 0.038167052 0.021526337 -0.102739900
vn -0.377007306 -0.353444338 -0.856120765
v 0.022511534 0.058708191 -0.085127443
vn -0.511177540 0.487584740 -0.707784295
v 0.038167052 0.045009613 -0.102739900
vn -0.416368812 0.196400374 -0.887729704
v 0.067521147 0.021526337 -0.110567659
vn -0.181074321 -0.299166262 -0.936862767
v 0.042080931 0.064579010 -0.094912142
vn -0.362126172 0.566806138 -0.739996970
v 0.069478087 0.080234528 -0.085127443
vn 0.047146272 0.911494613 -0.408601016
v 0.067521147 0.066535950 -0.102739900
vn -0.070787191 0.613488972 -0.786524355
v 0.067521147 0.046966553 -0.110567659
vn -0.134003744 0.204946905 -0.969556570
v 0.094918303 0.072406769 -0.087084383
vn 0.290547043 0.879493773 -0.376925886
v 0.096875243 0.074363708 -0.065558046
vn 0.355212778 0.931446731 -0.078936167
v 0.120358519 0.064579010 -0.067514986
vn 0.369472206 0.927611053 -0.055027775
v 0.092961363 0.058708191 -0.104696840
v 0.116444640 0.062622070 -0.089041322
vn 0.314269692 0.864241660 -0.392837107
v 0.092961363 0.039138794 -0.112524599
vn 0.047155008 0.180760875 -0.982396007
v 0.114487700 0.050880432 -0.104696840
vn 0.212302506 0.558276892 -0.802031636
v 0.139927924 0.054794312 -0.090998262
vn 0.480404347 0.779672623 -0.401649505
v 0.132100165 0.046966553 -0.102739900
vn 0.284303099 0.576503515 -0.766038954
v 0.116444640 0.033267975 -0.110567659
vn 0.110634781 0.165952161 -0.979908049
v 0.092961363 0.017612457 -0.112524599
vn 0.000000000 -0.838082135 -0.545544028
v 0.143841803 0.054794312 -0.071428865
vn 0.581291318 0.809094667 -0.086408168
v 0.065564208 0.019569397 -0.108610719
vn -0.213333771 -0.316050053 -0.924446344
v 0.094918303 0.017612457 -0.112524599
vn -0.023550613 0.682967663 -0.730068922
v 0.116444640 0.017612457 -0.110567659
vn 0.063078225 0.709630072 -0.701745272
v 0.118401580 0.017612457 -0.110567659
vn 0.157329202 0.912509382 -0.377590090
v 0.139927924 0.033267975 -0.108610719
vn 0.394447386 0.252446324 -0.883562148
v 0.139927924 0.015655518 -0.108610719
vn 0.298519373 -0.895558119 -0.329942435
v 0.141884863 0.013698578 -0.106653780
vn 0.455733240 -0.062859759 -0.887894094
v 0.141884863 0.017612457 -0.106653780
vn -0.532927811 -0.815066040 -0.227278039
v 0.157544196 0.015655518 -0.092955202
vn 0.441259593 -0.858880281 -0.260027975
v 0.155583441 0.037181854 -0.092955202
vn 0.810195208 0.377566725 -0.448360473
v 0.155583441 0.005870819 -0.090998262
vn 0.818999231 -0.393749624 -0.417374641
v 0.157544196 0.013698578 -0.092955202
vn 0.880798340 0.039321352 -0.471856266
v 0.159497321 0.005870819 -0.071428865
v 0.155583441 0.017612457 -0.092955202
vn 0.385994375 -0.921660006 -0.039387181
v 0.161458075 0.013698578 -0.071428865
vn 0.987440705 -0.094794311 -0.126392409
v 0.161458075 0.017612457 -0.071428865
vn 0.991542220 0.031477530 -0.125910118
v 0.161458075 0.013698578 -0.051859468
vn 0.967784286 0.000000000 0.251781255
v 0.151669562 0.013698578 -0.034247011
vn 0.682820380 0.031394042 0.729911447
v 0.161458075 0.017612457 -0.051859468
vn 0.623576283 -0.749870241 0.221014380
v 0.149716437 0.019569397 -0.034247011
vn -0.007865730 -0.951753318 0.306763470
v 0.163411200 0.017612457 -0.051859468
vn 0.789287865 -0.584073067 0.189429089
v 0.149716437 0.017612457 -0.032290071
vn 0.337402821 -0.878816724 0.337402821
v 0.149716437 0.033267975 -0.032290071
vn 0.613868892 0.275453955 0.739790678
v 0.159497321 0.037181854 -0.051859468
vn 0.890288413 0.393932909 0.228481084
v 0.145798743 0.054794312 -0.049902529
vn 0.581740201 0.762551308 0.283008724
v 0.159497321 0.037181854 -0.071428865
vn 0.918275774 0.384577036 -0.094182134
f 1998//1964 1999//1965 2000//1966
f 2000//1966 1999//1965 2001//1967
f 2001//1967 1999//1965 2002//1968
f 2000//1966 2001//1967 2003//1969
f 2003//1969 2001//1967 2004//878
f 2004//878 2001//1967 2002//1968
f 2000//1966 2003//1969 2005//1970
f 1999//1965 1998//1964 2006//1971
f 1999//1965 2006//1971 2002//1968
f 2007//1972 1998//1964 2000//1966
f 2007//1972 2000//1966 2005//1970
f 2005//1970 2003//1969 2008//1973
f 2008//1973 2003//1969 2004//878
f 2007//1972 2005//1970 2009//1974
f 2005//1970 2008//1973 2010//1975
f 2005//1970 2010//1975 2009//1974
f 1998//1964 2007//1972 2011//1976
f 2010//1975 2008//1973 2012//1977
f 2008//1973 2004//878 2013//878
f 2008//1973 2013//878 2012//1977
f 2013//878 2004//878 2014//878
f 2012//1977 2013//878 2015//1978
f 2015//1978 2013//878 2014//878
f 2014//878 2004//878 2016//878
f 2016//878 2004//878 2002//1968
f 2015//1978 2014//878 2017//1979
f 2014//878 2016//878 2018//878
f 2014//878 2018//878 2017//1979
f 2016//878 2002//1968 2019//1980
f 2012//1977 2015//1978 2020//1981
f 2015//1978 2017//1979 2021//1982
f 2015//1978 2021//1982 2020//1981
f 2021//1982 2017//1979 2022//1983
f 2022//1983 2017//1979 2018//878
f 2023//1922 2018//878 2016//878
f 2023//1922 2016//878 2019//1980
f 2022//1983 2018//878 2024//1984
f 2021//1982 2022//1983 2025//1985
f 2025//1985 2022//1983 2024//1984
f 2024//1984 2018//878 2026//1922
f 2026//1922 2018//878 2023//1922
f 2021//1982 2025//1985 2027//1986
f 2021//1982 2027//1986 2020//1981
f 2025//1985 2024//1984 2028//1987
f 2027//1986 2025//1985 2029//1988
f 2029//1988 2025//1985 2028//1987
f 2028//1987 2024//1984 2030//1989
f 2030//1989 2024//1984 2026//1922
f 2029//1988 2028//1987 2031//1990
f 2030//1989 2026//1922 2032//1922
f 2032//1922 2026//1922 2023//1922
f 2028//1987 2030//1989 2033//1991
f 2028//1987 2033//1991 2031//1990
f 2030//1989 2032//1922 2034//1992
f 2030//1989 2034//1992 2033//1991
f 2032//1922 2023//1922 2035//1993
f 2034//1992 2032//1922 2036//1994
f 2036//1994 2032//1922 2035//1993
f 2034//1992 2036//1994 2037//1995
f 2034//1992 2037//1995 2033//1991
f 2036//1994 2035//1993 2038//1996
f 2033//1991 2037//1995 2039//1997
f 2033//1991 2039//1997 2031//1990
f 2037//1995 2036//1994 2040//1998
f 2040//1998 2036//1994 2038//1996
f 2039//1997 2037//1995 2041//1999
f 2041//1999 2037//1995 2040//1998
f 2031//1990 2039//1997 2042//2000
f 2039//1997 2041//1999 2043//2001
f 2039//1997 2043//2001 2042//2000
f 2041//1999 2040//1998 2044//2002
f 2040//1998 2038//1996 2045//704
f 2040//1998 2045//704 2044//2002
f 2041//1999 2044//2002 2046//2003
f 2041//1999 2046//2003 2043//2001
f 2044//2002 2045//704 2047//2004
f 2046//2003 2044//2002 2048//2005
f 2048//2005 2044//2002 2047//2004
f 2047//2004 2045//704 2049//2006
f 2047//2004 2049//2006 2048//2005
f 2050//2007 2045//704 2038//1996
f 2045//704 2050//2007 2049//2006
f 2050//2007 2038//1996 2051//2008
f 2051//2008 2038//1996 2035//1993
f 2049//2006 2050//2007 2052//2009
f 2051//2008 2035//1993 2053//2010
f 2053//2010 2035//1993 2023//1922
f 2053//2010 2023//1922 2019//1980
f 2050//2007 2051//2008 2054//2011
f 2050//2007 2054//2011 2052//2009
f 2051//2008 2053//2010 2055//2012
f 2051//2008 2055//2012 2054//2011
f 2053//2010 2019//1980 2056//2013
f 2053//2010 2056//2013 2055//2012
f 2056//2013 2019//1980 2057//2014
f 2057//2014 2019//1980 2002//1968
f 2057//2014 2002//1968 2006//1971
f 2055//2012 2056//2013 2058//2015
f 2055//2012 2058//2015 2054//2011
f 2056//2013 2057//2014 2059//2016
f 2056//2013 2059//2016 2058//2015
f 2057//2014 2006//1971 2060//2017
f 2057//2014 2060//2017 2059//2016
f 2060//2017 2006//1971 1998//1964
f 2060//2017 1998//1964 2011//1976
f 2054//2011 2058//2015 2061//2018
f 2054//2011 2061//2018 2052//2009
f 2058//2015 2059//2016 2062//2019
f 2058//2015 2062//2019 2061//2018
f 2059//2016 2060//2017 2063//2020
f 2063//2020 2060//2017 2011//1976
f 2059//2016 2063//2020 2062//2019
f 2063//2020 2011//1976 2064//2021
f 2062//2019 2063//2020 2065//2022
f 2065//2022 2063//2020 2064//2021
f 2061//2018 2062//2019 2066//2023
f 2062//2019 2065//2022 2067//2024
f 2062//2019 2067//2024 2066//2023
f 2061//2018 2066//2023 2068//2025
f 2061//2018 2068//2025 2052//2009
f 2066//2023 2067//2024 2069//2026
f 2052//2009 2068//2025 2070//2027
f 2052//2009 2070//2027 2049//2006
f 2068//2025 2066//2023 2071//2028
f 2071//2028 2066//2023 2069//2026
f 2049//2006 2070//2027 2048//2005
f 2070//2027 2068//2025 2072//2029
f 2072//2029 2068//2025 2071//2028
f 2048//2005 2070//2027 2073//2030
f 2073//2030 2070//2027 2072//2029
f 2072//2029 2071//2028 2074//2031
f 2072//2029 2074//2031 2073//2030
f 2071//2028 2069//2026 2075//2032
f 2071//2028 2075//2032 2074//2031
f 2076//2033 2069//2026 2067//2024
f 2076//2033 2067//2024 2065//2022
f 2076//2033 2065//2022 2077//2034
f 2077//2034 2065//2022 2064//2021
f 2069//2026 2076//2033 2078//2035
f 2076//2033 2077//2034 2079//2036
f 2076//2033 2079//2036 2078//2035
f 2069//2026 2078//2035 2080//2037
f 2069//2026 2080//2037 2075//2032
f 2078//2035 2079//2036 2081//2038
f 2080//2037 2078//2035 2082//2039
f 2082//2039 2078//2035 2081//2038
f 2075//2032 2080//2037 2083//2040
f 2083//2040 2080//2037 2082//2039
f 2075//2032 2083//2040 2084//2041
f 2075//2032 2084//2041 2085//2042
f 2075//2032 2085//2042 2074//2031
f 2084//2041 2083//2040 2086//2043
f 2083//2040 2082//2039 2087//2044
f 2083//2040 2087//2044 2086//2043
f 2087//2044 2082//2039 2088//2045
f 2088//2045 2082//2039 2081//2038
f 2085//2042 2084//2041 2089//2046
f 2089//2046 2084//2041 2086//2043
f 2085//2042 2089//2046 2090//2047
f 2085//2042 2090//2047 2074//2031
f 2089//2046 2086//2043 2091//2048
f 2088//2045 2081//2038 2092//2049
f 2092//2049 2081//2038 2079//2036
f 2074//2031 2090//2047 2093//2050
f 2074//2031 2093//2050 2073//2030
f 2090//2047 2089//2046 2094//2051
f 2094//2051 2089//2046 2091//2048
f 2093//2050 2090//2047 2095//2052
f 2095//2052 2090//2047 2094//2051
f 2073//2030 2093//2050 2096//2053
f 2093//2050 2095//2052 2097//2054
f 2093//2050 2097//2054 2096//2053
f 2073//2030 2096//2053 2048//2005
f 2097//2054 2095//2052 2098//2055
f 2097//2054 2098//2055 2096//2053
f 2095//2052 2094//2051 2099//2056
f 2095//2052 2099//2056 2098//2055
f 2048//2005 2096//2053 2100//2057
f 2100//2057 2096//2053 2098//2055
f 2048//2005 2100//2057 2046//2003
f 2098//2055 2099//2056 2101//2058
f 2098//2055 2101//2058 2100//2057
f 2099//2056 2094//2051 2102//2059
f 2102//2059 2094//2051 2091//2048
f 2046//2003 2100//2057 2103//2060
f 2103//2060 2100//2057 2101//2058
f 2046//2003 2103//2060 2043//2001
f 2043//2001 2103//2060 2104//2061
f 2104//2061 2103//2060 2101//2058
f 2043//2001 2104//2061 2042//2000
f 2105//2062 2101//2058 2099//2056
f 2105//2062 2099//2056 2102//2059
f 2104//2061 2101//2058 2106//2063
f 2106//2063 2101//2058 2105//2062
f 2042//2000 2104//2061 2107//2064
f 2107//2064 2104//2061 2106//2063
f 2105//2062 2102//2059 2108//2065
f 2105//2062 2108//2065 2106//2063
f 2108//2065 2102//2059 2109//2066
f 2109//2066 2102//2059 2091//2048
f 2106//2063 2108//2065 2110//2067
f 2110//2067 2108//2065 2109//2066
f 2106//2063 2110//2067 2111//2068
f 2106//2063 2111//2068 2107//2064
f 2110//2067 2109//2066 2112//2069
f 2109//2066 2091//2048 2113//2070
f 2109//2066 2113//2070 2112//2069
f 2113//2070 2091//2048 2086//2043
f 2113//2070 2086//2043 2087//2044
f 2113//2070 2087//2044 2114//2071
f 2113//2070 2114//2071 2112//2069
f 2114//2071 2087//2044 2088//2045
f 2110//2067 2112//2069 2115//327
f 2110//2067 2115//327 2111//2068
f 2115//327 2112//2069 2116//2072
f 2116//2072 2112//2069 2114//2071
f 2111//2068 2115//327 2117//2073
f 2111//2068 2117//2073 2107//2064
f 2115//327 2116//2072 2118//2074
f 2115//327 2118//2074 2117//2073
f 2116//2072 2114//2071 2119//2075
f 2118//2074 2116//2072 2120//2076
f 2120//2076 2116//2072 2119//2075
f 2117//2073 2118//2074 2121//2077
f 2121//2077 2118//2074 2120//2076
f 2122//2078 2107//2064 2117//2073
f 2122//2078 2117//2073 2121//2077
f 2119//2075 2114//2071 2123//2079
f 2107//2064 2122//2078 2124//2080
f 2107//2064 2124//2080 2042//2000
f 2042//2000 2124//2080 2031//1990
f 2031//1990 2124//2080 2125//2081
f 2125//2081 2124//2080 2122//2078
f 2031//1990 2125//2081 2029//1988
f 2122//2078 2121//2077 2126//2082
f 2122//2078 2126//2082 2125//2081
f 2029//1988 2125//2081 2127//2083
f 2127//2083 2125//2081 2126//2082
f 2029//1988 2127//2083 2027//1986
f 2126//2082 2121//2077 2128//2084
f 2128//2084 2121//2077 2120//2076
f 2127//2083 2126//2082 2129//2085
f 2129//2085 2126//2082 2128//2084
f 2027//1986 2127//2083 2130//2086
f 2027//1986 2130//2086 2020//1981
f 2127//2083 2129//2085 2131//2087
f 2127//2083 2131//2087 2130//2086
f 2129//2085 2128//2084 2132//2088
f 2129//2085 2132//2088 2131//2087
f 2133//2089 2128//2084 2120//2076
f 2128//2084 2133//2089 2132//2088
f 2133//2089 2120//2076 2119//2075
f 2134//2090 2020//1981 2130//2086
f 2020//1981 2134//2090 2012//1977
f 2012//1977 2134//2090 2010//1975
f 2134//2090 2130//2086 2135//2091
f 2135//2091 2130//2086 2131//2087
f 2010//1975 2134//2090 2136//189
f 2136//189 2134//2090 2135//2091
f 2010//1975 2136//189 2009//1974
f 2135//2091 2131//2087 2137//2092
f 2137//2092 2131//2087 2132//2088
f 2136//189 2135//2091 2138//2093
f 2138//2093 2135//2091 2137//2092
f 2136//189 2138//2093 2009//1974
f 2137//2092 2132//2088 2139//2094
f 2137//2092 2139//2094 2138//2093
f 2139//2094 2132//2088 2133//2089
f 2009//1974 2138//2093 2140//2095
f 2140//2095 2138//2093 2139//2094
f 2009//1974 2140//2095 2141//2096
f 2009//1974 2141//2096 2007//1972
f 2007//1972 2141//2096 2011//1976
f 2141//2096 2140//2095 2142//2097
f 2142//2097 2140//2095 2139//2094
f 2011//1976 2141//2096 2143//2098
f 2143//2098 2141//2096 2142//2097
f 2011//1976 2143//2098 2064//2021
f 2142//2097 2139//2094 2144//2099
f 2142//2097 2144//2099 2143//2098
f 2064//2021 2143//2098 2145//2100
f 2145//2100 2143//2098 2144//2099
f 2064//2021 2145//2100 2077//2034
f 2077//2034 2145//2100 2146//2101
f 2146//2101 2145//2100 2144//2099
f 2077//2034 2146//2101 2079//2036
f 2079//2036 2146//2101 2092//2049
f 2146//2101 2144//2099 2147//2102
f 2146//2101 2147//2102 2092//2049
f 2147//2102 2144//2099 2139//2094
f 2092//2049 2147//2102 2148//2103
f 2092//2049 2148//2103 2088//2045
f 2088//2045 2148//2103 2114//2071
f 2114//2071 2148//2103 2123//2079
f 2148//2103 2147//2102 2149//2104
f 2148//2103 2149//2104 2123//2079
f 2149//2104 2147//2102 2139//2094
f 2123//2079 2149//2104 2119//2075
f 2149//2104 2139//2094 2133//2089
f 2149//2104 2133//2089 2119//2075
o tripo_part_6
g tripo_part_6
usemtl mat_0
v 0.114489764 0.360065341 0.470647484
vn 0.644611061 -0.055027775 0.762527704
v 0.110575885 0.285724521 0.419759423
vn 0.662095010 -0.725151718 0.189170003
v 0.151675433 0.342456698 0.402150780
vn 0.959767520 -0.275343120 0.055068627
v 0.114489764 0.322894931 0.341489464
vn 0.606111348 -0.495909303 -0.621854544
v 0.114489764 0.459888339 0.445211083
vn 0.666487336 0.282276988 0.690010488
v 0.085131854 0.301380038 0.468694359
vn 0.455916256 -0.518801272 0.723177552
v 0.153628558 0.442264438 0.372800499
vn 0.994440794 0.102601029 -0.023677161
v 0.024468629 0.465747714 0.478475243
vn 0.007865730 0.306763470 0.951753318
v 0.134059161 0.514675021 0.349317223
vn 0.976771712 0.204806969 -0.063017532
v 0.024468629 0.367908359 0.500005364
vn -0.007869869 0.031479478 0.999473393
v 0.100787371 0.534244418 0.417806298
vn 0.660353720 0.385206342 0.644630969
v 0.024468629 0.542072177 0.447164208
vn 0.007873040 0.440890223 0.897526503
v 0.102748126 0.493152499 0.288649231
vn 0.644870162 -0.047185626 -0.762834251
v -0.065548688 0.459888339 0.447164208
vn -0.670769334 0.260416329 0.694443583
v 0.089045733 0.614481807 0.378667504
vn 0.650785267 0.439084023 0.619422138
v -0.063595563 0.360065341 0.470647484
vn -0.644312561 -0.062859759 0.762174606
v 0.022511689 0.622309089 0.402150780
vn -0.007900511 0.521433711 0.853255212
v 0.118403643 0.590999484 0.325830132
vn 0.980973184 0.188346848 -0.047086712
v 0.100787371 0.671234012 0.290607125
vn 0.983764112 0.173142493 -0.047220677
v 0.075350970 0.698627353 0.325830132
vn 0.645569205 0.464494914 0.606205285
v -0.042065412 0.612524867 0.378667504
vn -0.669519663 0.417465240 0.614382803
v 0.020554749 0.706455112 0.345403343
vn -0.007889193 0.560132742 0.828365386
v -0.051853925 0.534244418 0.417806298
vn -0.661663532 0.393847346 0.638032734
v -0.102734357 0.440311313 0.372800499
vn -0.995433450 0.086902916 -0.039501324
v 0.014683930 0.786685824 0.292564064
vn -0.063241608 0.529648423 0.845856488
v -0.085118085 0.514675021 0.351270348
vn -0.978320897 0.197242111 -0.063117474
v -0.069462568 0.589042544 0.325830132
vn -0.986333430 0.157813340 -0.047344007
v -0.034241468 0.694713473 0.327787071
vn -0.660680413 0.432588398 0.613488972
v -0.042065412 0.565559268 0.272993714
vn -0.653928638 -0.110301219 -0.748472512
v -0.057720929 0.669277072 0.290607125
vn -0.994998753 0.094761789 -0.031587262
v -0.034241468 0.769077182 0.276907593
vn -0.692848980 0.377917618 0.614116132
v -0.053807050 0.731899142 0.255380303
vn -0.999597251 0.023612533 -0.015741689
v -0.032284528 0.647748828 0.247552544
vn -0.659213960 -0.235433564 -0.714148521
v -0.053807050 0.493152499 0.288649231
vn -0.653037429 -0.055075448 -0.755320430
v 0.024468629 0.557727695 0.251466423
vn 0.000000000 -0.212756783 -0.977105200
v -0.065548688 0.416828036 0.304305702
vn -0.643597662 -0.172672555 -0.745631456
v 0.024468629 0.407047153 0.276907593
vn -0.007861353 -0.283008724 -0.959085166
v -0.100773603 0.342456698 0.402150780
vn -0.959322333 -0.275215417 0.062906384
v -0.063595563 0.322894931 0.341489464
vn -0.596339881 -0.510027468 -0.619879603
v -0.059681684 0.285724521 0.421727806
vn -0.652855575 -0.731512904 0.196643233
v -0.034241468 0.301380038 0.468694359
vn -0.449656069 -0.520654380 0.725760698
v -0.034241468 0.275928378 0.380628258
vn -0.394055218 -0.851159334 -0.346768588
v 0.026425568 0.309192538 0.490209252
vn 0.007840787 -0.415561736 0.909531295
v -0.020542892 0.272022128 0.425634056
vn -0.243965983 -0.936514497 0.251835853
v -0.006842406 0.279834628 0.453038841
vn -0.173459738 -0.859414160 0.480956554
v 0.026425568 0.283771396 0.464772850
vn 0.000000000 -0.824728906 0.565528333
v 0.057738513 0.279834628 0.453038841
vn 0.173459738 -0.859414160 0.480956554
v 0.026425568 0.272022128 0.427587181
vn 0.000000000 -0.963291407 0.268458247
v 0.071437091 0.272022128 0.425634056
vn 0.243476391 -0.934635103 0.259184539
v -0.006842406 0.266132236 0.404103905
v 0.026425568 0.264179111 0.396283776
vn 0.000000000 -0.998885930 -0.047191460
v 0.057738513 0.266132236 0.404103905
vn 0.141403899 -0.989827394 0.015711546
v 0.087092608 0.275928378 0.380628258
vn 0.408336431 -0.848083377 -0.337662786
v 0.026425568 0.272022128 0.366925865
vn 0.000000000 -0.873042047 -0.487645119
v 0.026425568 0.315082431 0.318002373
vn 0.000000000 -0.574518323 -0.818491817
v 0.116442889 0.418781161 0.304305702
vn 0.651928544 -0.172800347 -0.738328695
v 0.024468629 0.483371615 0.263209015
vn 0.000000000 -0.165678218 -0.986179948
v 0.091006488 0.567516208 0.272993714
vn 0.659925580 -0.086418837 -0.746344447
v 0.022511689 0.639922023 0.227983147
vn 0.007846577 -0.313863069 -0.949435830
v 0.077307910 0.649705768 0.247552544
vn 0.669270575 -0.165349200 -0.724386990
v -0.030327590 0.704501987 0.220155388
vn -0.622182250 -0.315028995 -0.716691017
v 0.022511689 0.698627353 0.206456810
vn 0.055027775 -0.369472206 -0.927611053
v 0.071437091 0.708415866 0.224069268
vn 0.692162812 -0.204502627 -0.692162812
v -0.053807050 0.782779574 0.224069268
vn -0.999380589 -0.015738277 -0.031476554
v -0.028370650 0.755374789 0.196675926
vn -0.601434529 -0.443162262 -0.664743364
v 0.022511689 0.749507785 0.184934288
vn 0.126046792 -0.559332609 -0.819304049
v -0.038155347 0.823871493 0.241681725
vn -0.734541297 0.434406132 0.521287322
v -0.049893171 0.837573886 0.161451012
vn -0.986671269 -0.063146956 -0.149974033
v -0.024456771 0.808215976 0.137960106
vn -0.574500501 -0.598110080 -0.558760703
v 0.006856171 0.845401645 0.253423363
vn -0.125824437 0.652714252 0.747082591
v -0.038155347 0.876712680 0.179059654
vn -0.799800813 0.514723361 0.308834016
v 0.057738513 0.829746127 0.251466423
vn 0.538496673 0.546415746 0.641444623
v 0.004899232 0.898242831 0.194715172
vn -0.181169793 0.803448558 0.567140162
v -0.042065412 0.870838046 0.114476830
vn -0.923323095 0.063133202 -0.378799230
v -0.032284528 0.902149081 0.137960106
vn -0.748008311 0.661396801 0.055116400
v 0.008813111 0.919757724 0.153623253
vn -0.149153858 0.949874580 0.274757087
v -0.018585952 0.909992099 0.114476830
vn -0.511304080 0.786621630 -0.346113533
v -0.016629012 0.839527011 0.094915062
vn -0.495678961 -0.479943126 -0.723848701
v -0.026413711 0.884540439 0.096868187
vn -0.659071922 0.298151582 -0.690456331
v 0.012726991 0.921710849 0.128179222
vn -0.070610493 0.988546968 -0.133375376
v 0.053824633 0.911945224 0.153623253
vn 0.525332749 0.815441847 0.243064404
v 0.055781573 0.886493564 0.194715172
vn 0.536348343 0.670435429 0.512685955
v -0.000971587 0.906055331 0.100789696
vn -0.196351886 0.746137202 -0.636180162
v -0.004885467 0.894336581 0.090993553
vn -0.282938778 0.526580513 -0.801659942
v 0.077307910 0.882587314 0.134053856
vn 0.953436017 0.283666879 -0.102435268
v 0.047951907 0.915851474 0.126226097
vn 0.439855397 0.879710793 -0.180654898
v 0.016640870 0.913898349 0.108617455
vn -0.007879391 0.858853698 -0.512160420
v -0.006842406 0.863010287 0.083165795
vn -0.331325501 -0.094664432 -0.938755631
v 0.004899232 0.882587314 0.083165795
vn -0.109974034 0.290645659 -0.950489879
v 0.020554749 0.900195956 0.094915062
vn 0.078985393 0.608187556 -0.789853871
v 0.024468629 0.878681064 0.083165795
v 0.028382508 0.857135653 0.081212670
vn 0.181502298 -0.157828078 -0.970642745
v 0.028382508 0.831699252 0.090993553
vn 0.180962190 -0.590094090 -0.786792099
v 0.042081088 0.886493564 0.090993553
vn 0.323275894 0.378469348 -0.867325604
v 0.057738513 0.870838046 0.092961937
vn 0.627571702 0.054912522 -0.776619971
v 0.026425568 0.800388217 0.128179222
vn 0.165879667 -0.750408053 -0.639821589
v 0.067523211 0.849307895 0.108617455
vn 0.794586182 -0.314687610 -0.519234538
v 0.045994967 0.900195956 0.100789696
vn 0.410724074 0.608187556 -0.679274380
v 0.069480151 0.816043735 0.151662499
vn 0.808122814 -0.439367741 -0.392292619
v 0.036210269 0.909992099 0.106649071
vn 0.243973494 0.787011266 -0.566648126
v 0.065566272 0.894336581 0.112523705
vn 0.765752375 0.481555641 -0.426295161
v 0.081221789 0.849307895 0.181020409
vn 0.981789827 0.164940685 0.094251826
v 0.083178729 0.792560458 0.237767845
vn 0.978320897 0.157793701 0.134124637
v 0.067523211 0.763202548 0.206456810
vn 0.777289808 -0.306205094 -0.549598873
v 0.091006488 0.735813022 0.261252075
vn 0.988699138 0.149089560 0.015693637
v 0.065566272 0.772998691 0.280821472
vn 0.608548343 0.434677362 0.663870871
f 2150//2105 2151//2106 2152//2107
f 2152//2107 2151//2106 2153//2108
f 2150//2105 2152//2107 2154//2109
f 2151//2106 2150//2105 2155//2110
f 2154//2109 2152//2107 2156//2111
f 2156//2111 2152//2107 2153//2108
f 2150//2105 2154//2109 2157//2112
f 2154//2109 2156//2111 2158//2113
f 2155//2110 2150//2105 2159//2114
f 2159//2114 2150//2105 2157//2112
f 2157//2112 2154//2109 2160//2115
f 2160//2115 2154//2109 2158//2113
f 2157//2112 2160//2115 2161//2116
f 2158//2113 2156//2111 2162//2117
f 2159//2114 2157//2112 2163//2118
f 2163//2118 2157//2112 2161//2116
f 2160//2115 2158//2113 2164//2119
f 2159//2114 2163//2118 2165//2120
f 2161//2116 2160//2115 2166//2121
f 2166//2121 2160//2115 2164//2119
f 2164//2119 2158//2113 2167//2122
f 2167//2122 2158//2113 2162//2117
f 2164//2119 2167//2122 2168//2123
f 2166//2121 2164//2119 2169//2124
f 2169//2124 2164//2119 2168//2123
f 2161//2116 2166//2121 2170//2125
f 2166//2121 2169//2124 2171//2126
f 2166//2121 2171//2126 2170//2125
f 2161//2116 2170//2125 2172//2127
f 2161//2116 2172//2127 2163//2118
f 2163//2118 2172//2127 2173//2128
f 2163//2118 2173//2128 2165//2120
f 2171//2126 2169//2124 2174//2129
f 2173//2128 2172//2127 2175//2130
f 2172//2127 2170//2125 2176//2131
f 2172//2127 2176//2131 2175//2130
f 2176//2131 2170//2125 2177//2132
f 2177//2132 2170//2125 2171//2126
f 2175//2130 2176//2131 2178//2133
f 2176//2131 2177//2132 2179//2134
f 2176//2131 2179//2134 2178//2133
f 2177//2132 2171//2126 2180//2135
f 2180//2135 2171//2126 2174//2129
f 2179//2134 2177//2132 2181//2136
f 2181//2136 2177//2132 2180//2135
f 2178//2133 2179//2134 2182//2137
f 2182//2137 2179//2134 2181//2136
f 2183//2138 2175//2130 2178//2133
f 2178//2133 2182//2137 2184//2139
f 2178//2133 2184//2139 2183//2138
f 2175//2130 2183//2138 2185//2140
f 2175//2130 2185//2140 2173//2128
f 2185//2140 2183//2138 2186//2141
f 2173//2128 2185//2140 2187//2142
f 2173//2128 2187//2142 2165//2120
f 2187//2142 2185//2140 2188//2143
f 2188//2143 2185//2140 2186//2141
f 2165//2120 2187//2142 2189//2144
f 2189//2144 2187//2142 2188//2143
f 2165//2120 2189//2144 2190//2145
f 2165//2120 2190//2145 2159//2114
f 2189//2144 2188//2143 2191//2146
f 2159//2114 2190//2145 2192//2147
f 2159//2114 2192//2147 2155//2110
f 2190//2145 2189//2144 2193//2148
f 2193//2148 2189//2144 2191//2146
f 2192//2147 2190//2145 2194//2149
f 2194//2149 2190//2145 2193//2148
f 2192//2147 2194//2149 2195//2150
f 2155//2110 2192//2147 2196//2151
f 2196//2151 2192//2147 2195//2150
f 2195//2150 2194//2149 2197//2152
f 2195//2150 2197//2152 2196//2151
f 2197//2152 2194//2149 2193//2148
f 2155//2110 2196//2151 2198//2153
f 2198//2153 2196//2151 2197//2152
f 2155//2110 2198//2153 2151//2106
f 2197//2152 2193//2148 2199//1563
f 2199//1563 2193//2148 2191//2146
f 2197//2152 2199//1563 2200//2154
f 2198//2153 2197//2152 2201//2155
f 2201//2155 2197//2152 2200//2154
f 2151//2106 2198//2153 2202//2156
f 2202//2156 2198//2153 2201//2155
f 2151//2106 2202//2156 2153//2108
f 2201//2155 2200//2154 2203//2157
f 2203//2157 2200//2154 2199//1563
f 2201//2155 2203//2157 2202//2156
f 2203//2157 2199//1563 2191//2146
f 2202//2156 2203//2157 2204//2158
f 2204//2158 2203//2157 2191//2146
f 2202//2156 2204//2158 2153//2108
f 2204//2158 2191//2146 2188//2143
f 2204//2158 2188//2143 2186//2141
f 2204//2158 2186//2141 2153//2108
f 2153//2108 2186//2141 2205//2159
f 2153//2108 2205//2159 2156//2111
f 2156//2111 2205//2159 2162//2117
f 2205//2159 2186//2141 2206//2160
f 2205//2159 2206//2160 2162//2117
f 2206//2160 2186//2141 2183//2138
f 2206//2160 2183//2138 2184//2139
f 2162//2117 2206//2160 2207//2161
f 2207//2161 2206//2160 2184//2139
f 2162//2117 2207//2161 2167//2122
f 2207//2161 2184//2139 2208//2162
f 2208//2162 2184//2139 2182//2137
f 2167//2122 2207//2161 2209//2163
f 2209//2163 2207//2161 2208//2162
f 2167//2122 2209//2163 2168//2123
f 2208//2162 2182//2137 2210//2164
f 2210//2164 2182//2137 2181//2136
f 2209//2163 2208//2162 2211//2165
f 2211//2165 2208//2162 2210//2164
f 2168//2123 2209//2163 2212//2166
f 2212//2166 2209//2163 2211//2165
f 2210//2164 2181//2136 2213//2167
f 2213//2167 2181//2136 2180//2135
f 2211//2165 2210//2164 2214//2168
f 2214//2168 2210//2164 2213//2167
f 2212//2166 2211//2165 2215//2169
f 2215//2169 2211//2165 2214//2168
f 2213//2167 2180//2135 2216//2170
f 2214//2168 2213//2167 2217//2171
f 2217//2171 2213//2167 2216//2170
f 2214//2168 2217//2171 2218//2172
f 2214//2168 2218//2172 2215//2169
f 2216//2170 2180//2135 2174//2129
f 2216//2170 2174//2129 2219//2173
f 2217//2171 2216//2170 2220//2174
f 2219//2173 2174//2129 2221//2175
f 2216//2170 2219//2173 2222//2176
f 2216//2170 2222//2176 2220//2174
f 2222//2176 2219//2173 2221//2175
f 2217//2171 2220//2174 2223//2177
f 2217//2171 2223//2177 2218//2172
f 2220//2174 2222//2176 2224//2178
f 2220//2174 2224//2178 2223//2177
f 2224//2178 2222//2176 2225//2179
f 2223//2177 2224//2178 2226//2180
f 2226//2180 2224//2178 2225//2179
f 2218//2172 2223//2177 2227//2181
f 2223//2177 2226//2180 2228//2182
f 2223//2177 2228//2182 2227//2181
f 2226//2180 2225//2179 2229//2183
f 2225//2179 2222//2176 2230//2184
f 2225//2179 2230//2184 2229//2183
f 2230//2184 2222//2176 2231//2185
f 2231//2185 2222//2176 2221//2175
f 2228//2182 2226//2180 2232//2186
f 2232//2186 2226//2180 2229//2183
f 2228//2182 2232//2186 2233//2187
f 2230//2184 2231//2185 2234//2188
f 2229//2183 2230//2184 2235//2189
f 2235//2189 2230//2184 2234//2188
f 2229//2183 2235//2189 2236//2190
f 2229//2183 2236//2190 2232//2186
f 2228//2182 2233//2187 2237//2191
f 2228//2182 2237//2191 2227//2181
f 2237//2191 2233//2187 2238//2192
f 2239//2193 2233//2187 2232//2186
f 2233//2187 2239//2193 2238//2192
f 2239//2193 2232//2186 2236//2190
f 2237//2191 2238//2192 2240//1020
f 2240//1020 2238//2192 2239//2193
f 2227//2181 2237//2191 2241//2194
f 2241//2194 2237//2191 2240//1020
f 2227//2181 2241//2194 2242//2195
f 2227//2181 2242//2195 2218//2172
f 2241//2194 2240//1020 2243//2196
f 2243//2196 2240//1020 2239//2193
f 2242//2195 2241//2194 2244//2197
f 2244//2197 2241//2194 2243//2196
f 2218//2172 2242//2195 2245//2198
f 2218//2172 2245//2198 2215//2169
f 2242//2195 2244//2197 2246//2199
f 2242//2195 2246//2199 2245//2198
f 2244//2197 2243//2196 2247//2200
f 2247//2200 2243//2196 2239//2193
f 2215//2169 2245//2198 2248//2201
f 2248//2201 2245//2198 2246//2199
f 2247//2200 2239//2193 2249//2202
f 2249//2202 2239//2193 2236//2190
f 2249//2202 2236//2190 2235//2189
f 2247//2200 2249//2202 2250//2203
f 2250//2203 2249//2202 2235//2189
f 2247//2200 2250//2203 2244//2197
f 2244//2197 2250//2203 2246//2199
f 2250//2203 2235//2189 2234//2188
f 2250//2203 2234//2188 2246//2199
f 2246//2199 2234//2188 2248//2201
f 2248//2201 2234//2188 2251//2204
f 2251//2204 2234//2188 2231//2185
f 2251//2204 2231//2185 2221//2175
f 2248//2201 2251//2204 2252//2205
f 2252//2205 2251//2204 2221//2175
f 2248//2201 2252//2205 2253//2206
f 2248//2201 2253//2206 2215//2169
f 2215//2169 2253//2206 2212//2166
f 2212//2166 2253//2206 2254//2207
f 2254//2207 2253//2206 2252//2205
f 2212//2166 2254//2207 2168//2123
f 2252//2205 2221//2175 2255//2208
f 2252//2205 2255//2208 2254//2207
f 2254//2207 2255//2208 2168//2123
f 2255//2208 2221//2175 2174//2129
f 2168//2123 2255//2208 2169//2124
f 2169//2124 2255//2208 2174//2129
o tripo_part_7
g tripo_part_7
usemtl mat_0
v 0.114486627 0.416832685 -0.304305702
vn 0.643597662 -0.172672555 0.745631456
v 0.114486627 0.322884321 -0.341489464
vn 0.609081209 -0.498339176 0.616991341
v 0.151664674 0.440315962 -0.372800499
vn 0.994224131 0.102578677 0.031562671
v 0.024468593 0.407051802 -0.278865486
vn 0.000000000 -0.290225118 0.956958413
v 0.100791864 0.491188765 -0.288650185
vn 0.645089626 -0.039334733 0.763093829
v 0.022511654 0.481407881 -0.263209969
vn -0.007889193 -0.165673062 0.986149251
v 0.132102907 0.514679670 -0.351270348
vn 0.976771712 0.204806969 0.063017532
v 0.089050226 0.565556288 -0.274951428
vn 0.663332522 -0.094761789 0.742300689
v 0.149711549 0.342476606 -0.402150780
vn 0.959322333 -0.275215417 -0.062906384
v 0.112533502 0.459877729 -0.447164208
vn 0.659925580 0.274968982 -0.699206948
v 0.108619623 0.285713911 -0.421727806
vn 0.655578792 -0.726665676 -0.205362037
v 0.112533502 0.360085249 -0.470647484
vn 0.639681935 -0.063178457 -0.766038835
v 0.116447382 0.589039564 -0.327790886
vn 0.982396007 0.180760875 0.047155008
v 0.100791864 0.534249067 -0.417806298
vn 0.668091178 0.385134935 -0.636651635
v 0.022511654 0.465752363 -0.478475243
vn -0.007865730 0.306763470 -0.951753318
v 0.087089472 0.612524748 -0.380628258
vn 0.655231416 0.426295161 -0.623654008
v 0.022511654 0.540116072 -0.447164208
vn -0.007900265 0.434514612 -0.900630236
v 0.100791864 0.669274092 -0.296477944
vn 0.984587789 0.173287451 0.023630107
v 0.022511654 0.620352030 -0.404103905
vn -0.015713485 0.502831519 -0.864241660
v 0.075347833 0.692757368 -0.335618645
vn 0.637064993 0.456169993 -0.621334970
v -0.044021674 0.610567808 -0.378667504
vn -0.670581460 0.402348876 -0.623246312
v 0.018597774 0.700585127 -0.353231102
vn -0.031401783 0.541680694 -0.839997709
v 0.012726717 0.784737349 -0.298434883
vn -0.070673600 0.549683571 -0.832378030
v -0.053810187 0.534249067 -0.417806298
vn -0.653867722 0.393896192 -0.645989776
v 0.065563135 0.772988081 -0.286693245
vn 0.621334970 0.456169993 -0.637064993
v 0.077304773 0.649706602 -0.247554451
vn 0.685443223 -0.165451810 0.709079266
v 0.089050226 0.737770796 -0.261253029
vn 0.989674628 0.141382083 0.023563681
v 0.071433954 0.712326765 -0.224069268
vn 0.709917009 -0.189311221 0.678365111
v 0.067520075 0.767128706 -0.206456810
vn 0.790742397 -0.292574704 0.537704825
v 0.081218652 0.796471357 -0.235810906
vn 0.981456876 0.157033101 -0.109923169
v 0.055778436 0.837578535 -0.247554451
vn 0.553173900 0.568978846 -0.608491302
v 0.067520075 0.814095259 -0.155576378
vn 0.819227874 -0.456877083 0.346596420
v 0.022511654 0.753426313 -0.184934288
vn 0.157168806 -0.565807700 0.809419334
v 0.020554740 0.702545881 -0.204503685
vn 0.055186588 -0.362654716 0.930288196
v 0.022511654 0.639921904 -0.227983147
vn 0.015769556 -0.323275894 0.946173429
v 0.022511654 0.555771589 -0.253425270
v -0.030326910 0.708412886 -0.218198448
vn -0.613811851 -0.314775288 0.723983169
v -0.030326910 0.759300947 -0.194715172
vn -0.615548730 -0.449824065 0.647115290
v -0.055763312 0.491188765 -0.288650185
v -0.034240790 0.647749662 -0.247554451
vn -0.664140582 -0.229286641 0.711579263
v -0.024456091 0.804299116 -0.139928490
vn -0.565930009 -0.620951056 0.542349637
v -0.044021674 0.565556288 -0.272994429
vn -0.646070004 -0.102425724 0.756374598
v -0.059677191 0.667317152 -0.294521004
vn -0.994595706 0.102617018 0.015787233
v -0.055763312 0.733856916 -0.255382210
vn -0.998607934 0.023589164 0.047178328
v -0.071418829 0.589039564 -0.325833946
vn -0.986333430 0.157813340 0.047344007
v -0.053810187 0.788643599 -0.220155388
vn -0.998854995 -0.007865000 0.047189999
v -0.036197729 0.690804243 -0.333661705
vn -0.668442249 0.408929378 -0.621258140
v -0.036197729 0.769081831 -0.282779366
vn -0.700396717 0.401350945 -0.590221941
v -0.049896307 0.837578535 -0.161451012
vn -0.987533152 -0.047401592 0.150105044
v -0.038154669 0.829750776 -0.237767845
vn -0.751158416 0.450695038 -0.482322782
v 0.006855898 0.853234053 -0.251468331
vn -0.126074180 0.685528338 -0.717046916
v 0.004899912 0.900185347 -0.190801293
vn -0.173072830 0.841763318 -0.511351526
v -0.038154669 0.876717329 -0.177106529
vn -0.803423584 0.527739048 -0.275684565
v -0.040111609 0.864968061 -0.112523705
vn -0.919097006 0.031422120 0.392776519
v -0.032283850 0.900185347 -0.134053856
vn -0.756257355 0.653847456 0.023633042
v 0.053821497 0.886482954 -0.192762047
vn 0.536098182 0.693774223 -0.480911642
v 0.079261713 0.849312544 -0.182973534
vn 0.978046954 0.181411937 -0.102537170
v 0.077304773 0.878670454 -0.134053856
vn 0.961823404 0.268049121 0.055186588
v 0.053821497 0.909981489 -0.149709374
vn 0.537318647 0.821781516 -0.189641893
v 0.008812837 0.917793989 -0.149709374
vn -0.141956896 0.970038831 -0.197162345
v 0.047952585 0.911934614 -0.122304589
vn 0.432294309 0.872448504 0.227936998
v -0.018585272 0.904122114 -0.110570580
vn -0.518705130 0.746621013 0.416535974
v 0.012726717 0.917793989 -0.122304589
vn -0.078555301 0.974085748 0.212099329
v -0.024456091 0.878670454 -0.092961937
vn -0.643657148 0.274731696 0.714302480
v 0.000986032 0.900185347 -0.096868187
vn -0.189346537 0.686381161 0.702160060
v 0.016641073 0.908028364 -0.102742821
vn 0.000000000 0.788502336 0.615031838
v -0.000970908 0.886482954 -0.087087303
vn -0.196382180 0.463461936 0.864081621
v 0.020554740 0.894325972 -0.092961937
vn 0.102005512 0.533567250 0.839583874
v 0.036209993 0.904122114 -0.102742821
vn 0.251462311 0.715095997 0.652230382
v 0.067520075 0.890419722 -0.110570580
vn 0.769462168 0.463247627 0.439692676
v 0.045995645 0.894325972 -0.098821312
vn 0.392776519 0.526320517 0.754130900
v 0.069477014 0.843437910 -0.110570580
vn 0.813625693 -0.347568274 0.466057420
v 0.059692316 0.863014936 -0.094915062
vn 0.637005925 -0.015728541 0.770698547
v 0.042081766 0.878670454 -0.089040428
vn 0.376832992 0.314027488 0.871426284
v 0.026425771 0.796471357 -0.132100731
vn 0.180962190 -0.786792099 0.590094090
v 0.030339174 0.825829268 -0.092961937
vn 0.205080733 -0.638905406 0.741445780
v 0.028382711 0.849312544 -0.081212670
vn 0.204168186 -0.235578686 0.950167358
v -0.016628332 0.833657026 -0.094915062
vn -0.494944215 -0.526369214 0.691350698
v -0.006841727 0.855187178 -0.081212670
vn -0.321709663 -0.156931534 0.933742642
v 0.026425771 0.870842695 -0.081212670
vn 0.196509540 0.204369918 0.958966613
v 0.006855898 0.874748945 -0.081212670
vn -0.078877211 0.260294795 0.962301970
v 0.022511654 0.367897749 -0.500005364
vn -0.007869869 0.031479478 -0.999473393
v 0.083175592 0.301369429 -0.468694359
vn 0.449656069 -0.520654380 -0.725760698
v -0.067504950 0.459877729 -0.445211083
vn -0.670769334 0.260416329 -0.694443583
v -0.065551825 0.360085249 -0.470647484
vn -0.644611061 -0.055027775 -0.762527704
v -0.104682989 0.440315962 -0.372800499
vn -0.995713115 0.086927339 0.031609941
v -0.087074347 0.514679670 -0.349317223
vn -0.977803648 0.197137833 0.070969619
v -0.067504950 0.416832685 -0.304305702
vn -0.635201335 -0.172523826 0.752831221
v -0.102729864 0.342476606 -0.402150780
vn -0.958818555 -0.275070876 -0.070732512
v -0.065551825 0.322884321 -0.341489464
vn -0.593632400 -0.506566346 0.625292838
v -0.061637945 0.285713911 -0.419759423
vn -0.667452395 -0.722419083 -0.180604771
v 0.024468593 0.315071821 -0.318006188
vn 0.000000000 -0.569209993 0.822192192
v -0.036197729 0.275917768 -0.380628258
vn -0.392970562 -0.848816454 0.353673488
v -0.036197729 0.301369429 -0.468694359
vn -0.455916256 -0.518801272 -0.723177552
v -0.022499152 0.270058393 -0.425634056
vn -0.237007961 -0.940131545 -0.244908229
v 0.085136347 0.275917768 -0.380628258
vn 0.401761681 -0.850789487 0.338740230
v 0.024468593 0.272011518 -0.366925865
vn 0.000000000 -0.873042047 0.487645119
v -0.008798666 0.266152143 -0.404103905
vn -0.125956923 -0.991910815 0.015744615
v 0.024468593 0.264199018 -0.398236901
vn 0.000000000 -0.999721229 0.023615463
v 0.024468593 0.272011518 -0.427587181
vn 0.007878657 -0.961196244 -0.275752991
v 0.055778436 0.266152143 -0.404103905
vn 0.141403899 -0.989827394 -0.015711546
v 0.069477014 0.272011518 -0.425634056
vn 0.236543357 -0.938288569 -0.252312899
v -0.008798666 0.279854536 -0.453038841
vn -0.157951087 -0.852935910 -0.497545928
v 0.022511654 0.283760786 -0.464772850
vn 0.000000000 -0.824728906 -0.565528333
v 0.055778436 0.279854536 -0.453038841
vn 0.173459738 -0.859414160 -0.480956554
v 0.022511654 0.309212446 -0.490209252
vn -0.007840787 -0.415561736 -0.909531295
f 2256//2209 2257//2210 2258//2211
f 2257//2210 2256//2209 2259//2212
f 2256//2209 2258//2211 2260//2213
f 2256//2209 2260//2213 2261//2214
f 2256//2209 2261//2214 2259//2212
f 2260//2213 2258//2211 2262//2215
f 2261//2214 2260//2213 2263//2216
f 2258//2211 2257//2210 2264//2217
f 2258//2211 2264//2217 2265//2218
f 2258//2211 2265//2218 2262//2215
f 2264//2217 2257//2210 2266//2219
f 2265//2218 2264//2217 2267//2220
f 2267//2220 2264//2217 2266//2219
f 2260//2213 2262//2215 2268//2221
f 2260//2213 2268//2221 2263//2216
f 2262//2215 2265//2218 2269//2222
f 2265//2218 2267//2220 2270//2223
f 2265//2218 2270//2223 2269//2222
f 2262//2215 2269//2222 2271//2224
f 2262//2215 2271//2224 2268//2221
f 2269//2222 2270//2223 2272//2225
f 2268//2221 2271//2224 2273//2226
f 2271//2224 2269//2222 2274//2227
f 2274//2227 2269//2222 2272//2225
f 2271//2224 2274//2227 2275//2228
f 2271//2224 2275//2228 2273//2226
f 2274//2227 2272//2225 2276//2229
f 2275//2228 2274//2227 2277//2230
f 2277//2230 2274//2227 2276//2229
f 2275//2228 2277//2230 2278//2231
f 2276//2229 2272//2225 2279//2232
f 2273//2226 2275//2228 2280//2233
f 2280//2233 2275//2228 2278//2231
f 2281//2234 2268//2221 2273//2226
f 2268//2221 2281//2234 2263//2216
f 2273//2226 2280//2233 2282//2235
f 2281//2234 2273//2226 2283//2236
f 2283//2236 2273//2226 2282//2235
f 2283//2236 2282//2235 2284//2237
f 2282//2235 2280//2233 2285//2238
f 2282//2235 2285//2238 2284//2237
f 2285//2238 2280//2233 2286//2239
f 2286//2239 2280//2233 2278//2231
f 2284//2237 2285//2238 2287//2240
f 2283//2236 2284//2237 2288//2241
f 2288//2241 2284//2237 2287//2240
f 2289//2242 2281//2234 2283//2236
f 2289//2242 2283//2236 2288//2241
f 2281//2234 2289//2242 2290//2243
f 2281//2234 2290//2243 2263//2216
f 2263//2216 2290//2243 2291//765
f 2263//2216 2291//765 2261//2214
f 2290//2243 2289//2242 2292//2244
f 2289//2242 2288//2241 2293//2245
f 2289//2242 2293//2245 2292//2244
f 2261//2214 2291//765 2294//2120
f 2290//2243 2292//2244 2295//2246
f 2290//2243 2295//2246 2291//765
f 2293//2245 2288//2241 2296//2247
f 2261//2214 2294//2120 2259//2212
f 2291//765 2295//2246 2297//2248
f 2291//765 2297//2248 2294//2120
f 2297//2248 2295//2246 2298//2249
f 2298//2249 2295//2246 2299//2250
f 2299//2250 2295//2246 2292//2244
f 2297//2248 2298//2249 2300//2251
f 2299//2250 2292//2244 2301//2252
f 2301//2252 2292//2244 2293//2245
f 2298//2249 2299//2250 2302//2253
f 2298//2249 2302//2253 2300//2251
f 2299//2250 2301//2252 2303//2254
f 2299//2250 2303//2254 2302//2253
f 2301//2252 2293//2245 2304//2255
f 2302//2253 2303//2254 2277//2230
f 2302//2253 2277//2230 2276//2229
f 2302//2253 2276//2229 2300//2251
f 2277//2230 2303//2254 2278//2231
f 2300//2251 2276//2229 2279//2232
f 2305//2256 2303//2254 2301//2252
f 2303//2254 2305//2256 2278//2231
f 2305//2256 2301//2252 2304//2255
f 2278//2231 2305//2256 2306//2257
f 2278//2231 2306//2257 2286//2239
f 2306//2257 2305//2256 2307//2258
f 2306//2257 2307//2258 2286//2239
f 2305//2256 2304//2255 2308//2259
f 2305//2256 2308//2259 2307//2258
f 2308//2259 2304//2255 2309//2260
f 2293//2245 2296//2247 2304//2255
f 2304//2255 2296//2247 2309//2260
f 2307//2258 2308//2259 2310//2261
f 2310//2261 2308//2259 2309//2260
f 2311//2262 2286//2239 2307//2258
f 2286//2239 2311//2262 2312//2263
f 2286//2239 2312//2263 2285//2238
f 2285//2238 2312//2263 2287//2240
f 2312//2263 2311//2262 2313//2264
f 2312//2263 2313//2264 2287//2240
f 2311//2262 2307//2258 2314//2265
f 2311//2262 2314//2265 2313//2264
f 2314//2265 2307//2258 2315//2266
f 2315//2266 2307//2258 2310//2261
f 2313//2264 2314//2265 2316//2267
f 2315//2266 2310//2261 2317//2268
f 2317//2268 2310//2261 2309//2260
f 2314//2265 2315//2266 2318//2269
f 2318//2269 2315//2266 2317//2268
f 2314//2265 2318//2269 2316//2267
f 2317//2268 2309//2260 2319//2270
f 2318//2269 2317//2268 2320//2271
f 2320//2271 2317//2268 2319//2270
f 2318//2269 2320//2271 2321//2272
f 2318//2269 2321//2272 2316//2267
f 2320//2271 2319//2270 2322//2273
f 2321//2272 2320//2271 2323//2274
f 2323//2274 2320//2271 2322//2273
f 2316//2267 2321//2272 2324//2275
f 2324//2275 2321//2272 2323//2274
f 2316//2267 2324//2275 2325//2276
f 2316//2267 2325//2276 2313//2264
f 2325//2276 2324//2275 2326//2277
f 2326//2277 2324//2275 2323//2274
f 2313//2264 2325//2276 2327//2278
f 2313//2264 2327//2278 2287//2240
f 2325//2276 2326//2277 2328//2279
f 2325//2276 2328//2279 2327//2278
f 2326//2277 2323//2274 2329//2280
f 2326//2277 2329//2280 2328//2279
f 2287//2240 2327//2278 2330//2281
f 2287//2240 2330//2281 2288//2241
f 2288//2241 2330//2281 2296//2247
f 2330//2281 2327//2278 2331//2282
f 2331//2282 2327//2278 2328//2279
f 2330//2281 2331//2282 2296//2247
f 2328//2279 2329//2280 2332//2283
f 2328//2279 2332//2283 2331//2282
f 2296//2247 2331//2282 2333//2284
f 2333//2284 2331//2282 2332//2283
f 2296//2247 2333//2284 2309//2260
f 2309//2260 2333//2284 2319//2270
f 2319//2270 2333//2284 2334//2285
f 2334//2285 2333//2284 2332//2283
f 2319//2270 2334//2285 2322//2273
f 2335//2286 2332//2283 2329//2280
f 2332//2283 2335//2286 2334//2285
f 2335//2286 2329//2280 2323//2274
f 2322//2273 2334//2285 2336//2287
f 2322//2273 2336//2287 2323//2274
f 2336//2287 2334//2285 2335//2286
f 2336//2287 2335//2286 2323//2274
f 2337//2288 2270//2223 2267//2220
f 2337//2288 2267//2220 2338//2289
f 2338//2289 2267//2220 2266//2219
f 2270//2223 2337//2288 2339//2290
f 2270//2223 2339//2290 2272//2225
f 2272//2225 2339//2290 2279//2232
f 2339//2290 2337//2288 2340//2291
f 2279//2232 2339//2290 2341//2292
f 2341//2292 2339//2290 2340//2291
f 2279//2232 2341//2292 2342//2293
f 2279//2232 2342//2293 2300//2251
f 2300//2251 2342//2293 2297//2248
f 2297//2248 2342//2293 2294//2120
f 2294//2120 2342//2293 2343//2294
f 2343//2294 2342//2293 2341//2292
f 2294//2120 2343//2294 2259//2212
f 2341//2292 2340//2291 2344//2295
f 2341//2292 2344//2295 2343//2294
f 2343//2294 2344//2295 2345//2296
f 2343//2294 2345//2296 2259//2212
f 2344//2295 2340//2291 2346//2297
f 2344//2295 2346//2297 2345//2296
f 2259//2212 2345//2296 2347//2298
f 2259//2212 2347//2298 2257//2210
f 2345//2296 2346//2297 2348//2299
f 2345//2296 2348//2299 2347//2298
f 2346//2297 2340//2291 2349//2300
f 2349//2300 2340//2291 2337//2288
f 2348//2299 2346//2297 2350//2301
f 2350//2301 2346//2297 2349//2300
f 2257//2210 2347//2298 2351//2302
f 2257//2210 2351//2302 2266//2219
f 2347//2298 2348//2299 2352//2303
f 2347//2298 2352//2303 2351//2302
f 2348//2299 2350//2301 2353//2304
f 2348//2299 2353//2304 2352//2303
f 2352//2303 2353//2304 2354//2305
f 2353//2304 2350//2301 2355//2306
f 2353//2304 2355//2306 2354//2305
f 2352//2303 2354//2305 2356//2307
f 2352//2303 2356//2307 2351//2302
f 2356//2307 2354//2305 2355//2306
f 2351//2302 2356//2307 2357//2308
f 2351//2302 2357//2308 2266//2219
f 2357//2308 2356//2307 2355//2306
f 2266//2219 2357//2308 2338//2289
f 2358//2309 2355//2306 2350//2301
f 2358//2309 2350//2301 2349//2300
f 2355//2306 2358//2309 2359//2310
f 2357//2308 2355//2306 2360//2311
f 2360//2311 2355//2306 2359//2310
f 2357//2308 2360//2311 2338//2289
f 2359//2310 2358//2309 2361//2312
f 2361//2312 2358//2309 2349//2300
f 2359//2310 2361//2312 2360//2311
f 2360//2311 2361//2312 2338//2289
f 2361//2312 2349//2300 2337//2288
f 2361//2312 2337//2288 2338//2289
o tripo_part_8
g tripo_part_8
usemtl mat_0
v 0.075348899 0.211350977 0.253423035
vn 0.235578686 0.204168186 0.950167358
v 0.028382350 0.211350977 0.251469910
vn -0.283394277 0.165313333 0.944647670
v 0.036210109 0.187863886 0.247556016
vn -0.213333771 -0.316050053 0.924446344
v 0.008814860 0.178083003 0.231900498
vn -0.432722270 -0.479928344 0.763164759
v 0.071435019 0.248531878 0.229939744
vn 0.268157452 0.615184784 0.741376579
v 0.024468470 0.166341364 0.229939744
vn -0.258913130 -0.659051597 0.706126750
v 0.042080928 0.172208369 0.241681382
vn -0.142298043 -0.585003138 0.798450172
v 0.069478080 0.187863886 0.249509141
vn 0.141491249 -0.345867515 0.927553773
v 0.063607261 0.174169123 0.241681382
vn 0.125937417 -0.613944948 0.779237807
v 0.055779982 0.154599726 0.222111985
vn 0.023661690 -0.828159213 0.559993327
v 0.081219718 0.168294489 0.231900498
vn 0.196935877 -0.685336828 0.701091766
v 0.096877143 0.178083003 0.235814378
vn 0.385385007 -0.519089997 0.762905002
v 0.016642619 0.156552851 0.216244981
vn -0.314638942 -0.778731346 0.542752147
v 0.089049384 0.158513606 0.218198106
vn 0.284631670 -0.782737136 0.553450465
v 0.114485785 0.197652400 0.235814378
vn 0.710691214 0.031586275 0.702794671
v 0.106661841 0.164380610 0.214284226
vn 0.510263205 -0.714368463 0.478862405
v 0.108618781 0.234834254 0.210370347
vn 0.752484202 0.517332911 0.407595605
v 0.130141303 0.178083003 0.204499528
vn 0.934087873 -0.298280150 0.196236953
v 0.124274299 0.213307917 0.179061219
vn 0.969888031 0.212902248 -0.118279025
v 0.114485785 0.158513606 0.175147340
vn 0.710846364 -0.639761746 -0.292236865
v 0.096877143 0.148725092 0.192757890
vn 0.416343123 -0.895530462 0.157110602
v 0.083178565 0.148725092 0.204499528
vn 0.220117912 -0.896194339 0.385206342
v 0.077305838 0.146771967 0.157533929
vn 0.276190549 -0.812789381 -0.512925327
v 0.110575721 0.191777766 0.149706051
vn 0.761211753 -0.235426322 -0.604260862
v 0.065564200 0.142858088 0.194714829
vn 0.071031481 -0.962871253 0.260448784
v 0.069478080 0.140897334 0.179061219
vn 0.133560494 -0.989919007 -0.047139000
v 0.042080928 0.142858088 0.192757890
vn -0.039387178 -0.968924582 0.244200498
v 0.024468470 0.146771967 0.202542588
vn -0.221331805 -0.916945994 0.331997663
v 0.036210109 0.140897334 0.177104279
vn -0.118179880 -0.992710948 -0.023635976
v 0.010771800 0.148725092 0.188844010
vn -0.392292619 -0.910118878 0.133379489
v -0.000969838 0.162427485 0.210370347
vn -0.536114872 -0.709563851 0.457274437
v 0.028382350 0.144811213 0.155576989
vn -0.211890206 -0.847560823 -0.486562699
v -0.008797597 0.156552851 0.171233460
vn -0.682967663 -0.682967663 -0.259056717
v -0.010754537 0.197652400 0.229939744
vn -0.734106362 -0.015787233 0.678851008
v -0.024453115 0.178083003 0.198628709
vn -0.931330681 -0.315705329 0.181530565
v 0.073391959 0.178083003 0.130135819
vn 0.306886911 -0.511478186 -0.802627265
v 0.026425410 0.248531878 0.227986619
vn -0.331253350 0.583636880 0.741376579
v 0.089049384 0.246574938 0.114480302
vn 0.781346321 -0.142062962 -0.607713819
v -0.008797597 0.234834254 0.206456468
vn -0.794856846 0.440712720 0.417103142
v -0.022499990 0.213307917 0.173190400
vn -0.988699138 0.109855458 -0.102008641
v -0.004883718 0.262230933 0.136007592
vn -0.974898219 0.165103719 -0.149379566
v -0.008797597 0.191777766 0.143835351
vn -0.759207726 -0.300519735 -0.577314198
v 0.028382350 0.178083003 0.128178880
vn -0.236191228 -0.535366714 -0.810923159
v 0.004900981 0.244617999 0.110566422
vn -0.767740548 -0.197871268 -0.609443545
v 0.063607261 0.234834254 0.098824784
vn 0.331738621 -0.402825475 -0.853042245
v 0.032296229 0.234834254 0.096867844
vn -0.235368356 -0.431508660 -0.870862901
v 0.083178565 0.279843867 0.096867844
vn 0.796957433 -0.205157354 -0.568128049
v 0.061650325 0.272015154 0.081212327
vn 0.346113533 -0.322514862 -0.881016254
v 0.034253169 0.272015154 0.079259202
vn -0.228339404 -0.314950883 -0.921231389
v 0.010771800 0.279843867 0.090997025
vn -0.768538833 -0.125475720 -0.627378643
v 0.036210109 0.295499384 0.073384568
vn -0.213273898 -0.102687426 -0.971581042
v 0.063607261 0.295499384 0.075345322
vn 0.345472842 -0.149181455 -0.926495254
v 0.002944041 0.295499384 0.116437241
v 0.014685679 0.305284083 0.085126206
vn -0.744874716 -0.031363145 -0.666466832
v 0.038167048 0.318982661 0.073384568
vn 0.055220921 0.520654380 -0.851979911
v 0.087092444 0.305284083 0.090997025
vn 0.815667450 -0.156859130 -0.556849897
v 0.065564200 0.318982661 0.075345322
vn 0.118326858 0.623188078 -0.773068786
v 0.092963263 0.295499384 0.122308061
vn 0.999009490 0.031464867 -0.031464867
v 0.098834082 0.264187872 0.141878411
vn 0.963021278 0.228914887 -0.142085090
v 0.083178565 0.311154902 0.147749141
vn 0.816975117 0.353498876 0.455620736
v 0.089049384 0.281800807 0.171233460
vn 0.791700363 0.509510159 0.337060571
v 0.061650325 0.293542445 0.188844010
vn 0.283807904 0.670102000 0.685869098
v 0.059693385 0.320939600 0.163404748
vn 0.284711778 0.585240901 0.759231389
v 0.030339289 0.293542445 0.186887071
vn -0.369746506 0.645089626 0.668690443
v 0.004900981 0.281800807 0.167319581
vn -0.826157212 0.456353486 0.330462873
v 0.032296229 0.320939600 0.161447808
vn -0.392534316 0.588801503 0.706561804
v 0.010771800 0.311154902 0.143835351
vn -0.853570640 0.383715242 0.352391571
v 0.006857920 0.322896540 0.104695603
vn -0.986794353 0.110520966 -0.118415326
v 0.014685679 0.338552058 0.128178880
vn -0.831839681 0.384529650 0.400224715
v 0.036210109 0.348332942 0.143835351
vn -0.346274287 0.605979979 0.716158152
v 0.063607261 0.348332942 0.145792291
vn 0.305856496 0.572500646 0.760719955
v 0.018599559 0.330724299 0.079259202
vn -0.204237491 0.573436022 -0.793384135
v 0.010771800 0.348332942 0.094910905
vn -0.959945738 0.220315412 -0.173104972
v 0.018599559 0.363988459 0.108609483
vn -0.776787221 0.541397154 0.321699768
v 0.040123988 0.373776972 0.118394181
vn -0.282877654 0.785771310 0.550039887
v 0.051865924 0.315068781 0.083173081
vn 0.007872797 0.645569265 0.763661265
v 0.022511531 0.326810420 0.083173081
vn -0.346984178 0.315440148 0.883232474
v 0.014685679 0.352246821 0.085126206
vn -0.987625599 0.102713063 -0.118515074
v 0.022511531 0.320939600 0.079259202
vn -0.465549380 -0.457658708 0.757504106
v 0.051865924 0.309197962 0.085126206
vn 0.000000000 0.316227764 0.948683381
v 0.014685679 0.350293696 0.075345322
vn -0.999721229 0.000000000 -0.023615463
v 0.081219718 0.320939600 0.079259202
vn 0.629609108 -0.598128617 0.495817155
v 0.020554591 0.373776972 0.092953965
vn -0.764680922 0.638547957 0.086716391
v 0.024468470 0.375730097 0.077298447
vn -0.779987097 0.614535272 -0.118179865
v 0.040123988 0.383557856 0.098824784
vn -0.284108222 0.899676025 0.331459612
v 0.081219718 0.324849665 0.085126206
vn 0.424408227 0.212204114 0.880254090
v 0.087092444 0.352246821 0.075345322
vn 0.984587789 0.102397121 -0.141780630
v 0.065564200 0.373776972 0.120351121
vn 0.291338593 0.803149581 0.519685030
v 0.067521140 0.379643977 0.098824784
vn 0.360653996 0.893794715 0.266570330
v 0.085135505 0.362035334 0.112523362
vn 0.780399024 0.520265996 0.346844018
v 0.089049384 0.352246821 0.087083146
vn 0.973995626 0.125676855 -0.188515291
v 0.085135505 0.328763545 0.085126206
vn 0.541680694 0.031401783 -0.839997709
v 0.075348899 0.377690852 0.077298447
vn 0.739310026 0.652794957 -0.165164992
v 0.083178565 0.373776972 0.092953965
vn 0.755882204 0.653523088 0.039368860
v 0.094920203 0.320939600 0.112523362
vn 0.999597251 0.023612533 0.015741689
v 0.092963263 0.346379817 0.102738664
vn 0.983368337 0.180939779 -0.015733894
v 0.085135505 0.336591303 0.132092759
vn 0.805852115 0.308119953 0.505632699
f 2362//2313 2363//2314 2364//2315
f 2364//2315 2363//2314 2365//2316
f 2363//2314 2362//2313 2366//2317
f 2364//2315 2365//2316 2367//2318
f 2364//2315 2367//2318 2368//2319
f 2364//2315 2368//2319 2369//2320
f 2364//2315 2369//2320 2362//2313
f 2369//2320 2368//2319 2370//2321
f 2368//2319 2367//2318 2371//2322
f 2368//2319 2371//2322 2370//2321
f 2369//2320 2370//2321 2372//2323
f 2372//2323 2370//2321 2371//2322
f 2362//2313 2369//2320 2373//2324
f 2373//2324 2369//2320 2372//2323
f 2374//2325 2367//2318 2365//2316
f 2367//2318 2374//2325 2371//2322
f 2373//2324 2372//2323 2375//2326
f 2375//2326 2372//2323 2371//2322
f 2362//2313 2373//2324 2376//2327
f 2373//2324 2375//2326 2377//2328
f 2373//2324 2377//2328 2376//2327
f 2362//2313 2376//2327 2378//2329
f 2362//2313 2378//2329 2366//2317
f 2376//2327 2377//2328 2379//2330
f 2378//2329 2376//2327 2380//2331
f 2380//2331 2376//2327 2379//2330
f 2379//2330 2377//2328 2381//2332
f 2382//2333 2377//2328 2375//2326
f 2377//2328 2382//2333 2381//2332
f 2382//2333 2375//2326 2383//2334
f 2383//2334 2375//2326 2371//2322
f 2381//2332 2382//2333 2384//2335
f 2379//2330 2381//2332 2385//2336
f 2379//2330 2385//2336 2380//2331
f 2385//2336 2381//2332 2384//2335
f 2383//2334 2371//2322 2386//2337
f 2382//2333 2383//2334 2387//2338
f 2387//2338 2383//2334 2386//2337
f 2382//2333 2387//2338 2384//2335
f 2386//2337 2371//2322 2388//2339
f 2386//2337 2388//2339 2387//2338
f 2388//2339 2371//2322 2389//2340
f 2389//2340 2371//2322 2374//2325
f 2387//2338 2388//2339 2390//2341
f 2390//2341 2388//2339 2389//2340
f 2387//2338 2390//2341 2384//2335
f 2389//2340 2374//2325 2391//2342
f 2389//2340 2391//2342 2390//2341
f 2391//2342 2374//2325 2392//2343
f 2392//2343 2374//2325 2365//2316
f 2390//2341 2391//2342 2393//2344
f 2390//2341 2393//2344 2384//2335
f 2391//2342 2392//2343 2394//2345
f 2391//2342 2394//2345 2393//2344
f 2392//2343 2365//2316 2395//2346
f 2395//2346 2365//2316 2363//2314
f 2394//2345 2392//2343 2396//2347
f 2396//2347 2392//2343 2395//2346
f 2384//2335 2393//2344 2397//2348
f 2384//2335 2397//2348 2385//2336
f 2395//2346 2363//2314 2398//2349
f 2385//2336 2397//2348 2399//2350
f 2398//2349 2363//2314 2366//2317
f 2385//2336 2399//2350 2380//2331
f 2396//2347 2395//2346 2400//2351
f 2400//2351 2395//2346 2398//2349
f 2396//2347 2400//2351 2401//2352
f 2396//2347 2401//2352 2394//2345
f 2401//2352 2400//2351 2402//2353
f 2394//2345 2401//2352 2403//2354
f 2403//2354 2401//2352 2402//2353
f 2394//2345 2403//2354 2393//2344
f 2393//2344 2403//2354 2404//2355
f 2393//2344 2404//2355 2397//2348
f 2404//2355 2403//2354 2405//2356
f 2405//2356 2403//2354 2402//2353
f 2397//2348 2404//2355 2406//2357
f 2397//2348 2406//2357 2399//2350
f 2406//2357 2404//2355 2407//2358
f 2407//2358 2404//2355 2405//2356
f 2399//2350 2406//2357 2408//2359
f 2406//2357 2407//2358 2409//2360
f 2406//2357 2409//2360 2408//2359
f 2407//2358 2405//2356 2410//2361
f 2407//2358 2410//2361 2409//2360
f 2410//2361 2405//2356 2411//2362
f 2409//2360 2410//2361 2412//2363
f 2412//2363 2410//2361 2411//2362
f 2408//2359 2409//2360 2413//2364
f 2413//2364 2409//2360 2412//2363
f 2411//2362 2405//2356 2414//685
f 2414//685 2405//2356 2402//2353
f 2412//2363 2411//2362 2415//2365
f 2415//2365 2411//2362 2414//685
f 2413//2364 2412//2363 2416//2366
f 2416//2366 2412//2363 2415//2365
f 2408//2359 2413//2364 2417//2367
f 2413//2364 2416//2366 2418//2368
f 2413//2364 2418//2368 2417//2367
f 2408//2359 2417//2367 2419//2369
f 2408//2359 2419//2369 2399//2350
f 2399//2350 2419//2369 2420//2370
f 2399//2350 2420//2370 2380//2331
f 2380//2331 2420//2370 2378//2329
f 2420//2370 2419//2369 2421//2371
f 2378//2329 2420//2370 2422//2372
f 2422//2372 2420//2370 2421//2371
f 2378//2329 2422//2372 2366//2317
f 2366//2317 2422//2372 2423//2373
f 2366//2317 2423//2373 2398//2349
f 2423//2373 2422//2372 2424//2374
f 2424//2374 2422//2372 2421//2371
f 2398//2349 2423//2373 2425//2375
f 2425//2375 2423//2373 2424//2374
f 2398//2349 2425//2375 2426//2376
f 2398//2349 2426//2376 2400//2351
f 2400//2351 2426//2376 2402//2353
f 2426//2376 2425//2375 2427//2377
f 2427//2377 2425//2375 2424//2374
f 2402//2353 2426//2376 2428//2378
f 2428//2378 2426//2376 2427//2377
f 2402//2353 2428//2378 2414//685
f 2414//685 2428//2378 2429//2379
f 2414//685 2429//2379 2415//2365
f 2428//2378 2427//2377 2430//2380
f 2428//2378 2430//2380 2429//2379
f 2427//2377 2424//2374 2431//2381
f 2427//2377 2431//2381 2430//2380
f 2431//2381 2424//2374 2432//2382
f 2432//2382 2424//2374 2421//2371
f 2415//2365 2429//2379 2433//2383
f 2415//2365 2433//2383 2416//2366
f 2429//2379 2430//2380 2434//2384
f 2429//2379 2434//2384 2433//2383
f 2430//2380 2431//2381 2435//2385
f 2430//2380 2435//2385 2434//2384
f 2435//2385 2431//2381 2436//2386
f 2436//2386 2431//2381 2432//2382
f 2416//2366 2433//2383 2437//2387
f 2416//2366 2437//2387 2418//2368
f 2433//2383 2434//2384 2438//2388
f 2433//2383 2438//2388 2437//2387
f 2434//2384 2435//2385 2439//2389
f 2434//2384 2439//2389 2438//2388
f 2438//2388 2439//2389 2440//2390
f 2438//2388 2440//2390 2437//2387
f 2437//2387 2440//2390 2441//2391
f 2440//2390 2439//2389 2442//2392
f 2437//2387 2441//2391 2443//2393
f 2439//2389 2435//2385 2444//2394
f 2439//2389 2444//2394 2442//2392
f 2444//2394 2435//2385 2436//2386
f 2442//2392 2444//2394 2445//2395
f 2445//2395 2444//2394 2446//2396
f 2446//2396 2444//2394 2436//2386
f 2437//2387 2443//2393 2447//2397
f 2437//2387 2447//2397 2418//2368
f 2447//2397 2443//2393 2448//2398
f 2446//2396 2436//2386 2449//2399
f 2449//2399 2436//2386 2432//2382
f 2446//2396 2449//2399 2450//2400
f 2449//2399 2432//2382 2451//2401
f 2449//2399 2451//2401 2450//2400
f 2447//2397 2448//2398 2452//2402
f 2453//2403 2418//2368 2447//2397
f 2453//2403 2447//2397 2452//2402
f 2418//2368 2453//2403 2417//2367
f 2452//2402 2448//2398 2454//2404
f 2455//2405 2454//2404 2450//2400
f 2454//2404 2455//2405 2452//2402
f 2455//2405 2450//2400 2451//2401
f 2455//2405 2451//2401 2452//2402
f 2417//2367 2453//2403 2456//2406
f 2417//2367 2456//2406 2419//2369
f 2419//2369 2456//2406 2421//2371
f 2457//2407 2453//2403 2452//2402
f 2457//2407 2452//2402 2451//2401
f 2453//2403 2457//2407 2456//2406
f 2457//2407 2451//2401 2458//2408
f 2457//2407 2458//2408 2456//2406
f 2456//2406 2458//2408 2421//2371
f 2458//2408 2451//2401 2432//2382
f 2458//2408 2432//2382 2421//2371
o tripo_part_9
g tripo_part_9
usemtl mat_0
v 0.089046277 0.381602049 -0.000978798
vn 0.456127673 0.888662577 -0.047185622
v 0.081218518 0.383562803 -0.042078346
vn 0.361790001 0.920204997 -0.149434999
v 0.063607968 0.393343687 -0.028375953
vn 0.424290270 0.777865469 -0.463576376
v 0.045995034 0.393343687 -0.049906105
vn 0.015765147 0.969556570 -0.244359776
v 0.077306546 0.379648924 -0.071428627
vn 0.488719553 0.827670276 -0.275890052
v 0.044038095 0.395304441 -0.036203712
vn 0.078613535 0.746828556 -0.660353661
v 0.063607968 0.405092955 -0.028375953
vn 0.370032877 0.000000000 -0.929018736
v 0.044038095 0.407046080 -0.036203712
vn 0.055034574 0.000000000 -0.998484433
v 0.024469174 0.397257566 -0.028375953
vn -0.472792894 0.795867980 -0.378234297
v 0.012725629 0.385515928 -0.042078346
vn -0.692999423 0.669374347 -0.267749757
v 0.006854810 0.385515928 -0.000978798
vn -0.829812706 0.545305431 -0.118544675
v -0.000972949 0.352251768 -0.040117592
vn -0.906580448 0.354748875 -0.228615940
v 0.018598355 0.377688169 -0.071428627
vn -0.646230459 0.622587919 -0.441328138
v 0.008811750 0.350291014 -0.071428627
vn -0.829010546 0.284232169 -0.481615633
v 0.024469174 0.375735044 -0.079256386
vn -0.613811851 0.723983169 -0.314775288
v 0.047951974 0.387476683 -0.073385566
vn -0.031430848 0.958640933 -0.282877624
v 0.014682569 0.350291014 -0.077299446
vn -0.951282620 0.102203913 -0.290888071
v 0.075349607 0.377688169 -0.079256386
vn 0.608377397 0.782199502 -0.134317085
v 0.047951974 0.385515928 -0.079256386
vn -0.070621364 0.973005533 -0.219710916
v 0.049908943 0.383562803 -0.098825783
vn -0.047156468 0.966707587 -0.251501143
v 0.087089337 0.350291014 -0.077299446
vn 0.990806222 0.078635409 0.110089578
v 0.020555295 0.371821165 -0.094911903
vn -0.753828585 0.636042893 -0.164900005
v 0.014682569 0.352251768 -0.087084144
vn -0.993605554 0.102514856 0.047314551
v 0.022512235 0.318983793 -0.081213325
vn -0.448027968 -0.479468524 -0.754573405
v 0.089046277 0.352251768 -0.089041084
vn 0.965010226 0.164757833 0.203985900
v 0.083175458 0.373774290 -0.094911903
vn 0.733832061 0.678597331 -0.031562671
v 0.040123738 0.371821165 -0.118395180
vn -0.305649787 0.799391747 -0.517253458
v 0.065564908 0.371821165 -0.120353073
vn 0.244625911 0.812789261 -0.528707623
v 0.085132398 0.362032652 -0.114481300
vn 0.770698488 0.519041836 -0.369620711
v 0.063607968 0.348337889 -0.147750229
vn 0.290969014 0.597666085 -0.747082591
v 0.020555295 0.362032652 -0.108610481
vn -0.777194142 0.525979817 -0.345419616
v 0.036209859 0.348337889 -0.145793289
vn -0.362699807 0.630782247 -0.685975671
v 0.012725629 0.348337889 -0.096868843
vn -0.967185616 0.235898942 0.094359577
v 0.014682569 0.336596251 -0.130137295
vn -0.834128678 0.409195185 -0.369849503
v 0.059694089 0.320940733 -0.165361732
vn 0.284711778 0.585240901 -0.759231389
v 0.022512235 0.324854612 -0.085127205
vn -0.377777129 0.283332825 -0.881479979
v 0.051865853 0.315069914 -0.085127205
vn 0.039407972 0.535948396 -0.843330622
v 0.051865853 0.309199095 -0.085127205
v 0.081218518 0.318983793 -0.081213325
vn 0.541747510 -0.549598932 -0.635964453
v 0.018598355 0.328768492 -0.081213325
vn -0.228672773 0.559854031 0.796412110
v 0.006854810 0.320940733 -0.106653541
vn -0.982881844 0.141534969 0.117945820
v 0.081218518 0.324854612 -0.087084144
vn 0.534060657 0.691137373 -0.486937702
v 0.065564908 0.317026854 -0.077299446
vn 0.117771186 0.541747451 0.832249701
v 0.040123738 0.318983793 -0.075342506
vn 0.086288452 0.604019165 0.792284906
v 0.014682569 0.305283308 -0.085127205
vn -0.718498170 -0.031582337 0.694811463
v 0.087089337 0.328768492 -0.087084144
vn 0.591929078 0.039461937 0.805023432
v 0.092960157 0.346377134 -0.102739662
vn 0.979999900 0.197580621 0.023709675
v 0.085132398 0.336596251 -0.134051234
vn 0.811778963 0.307372630 -0.496525019
v 0.094917096 0.320940733 -0.112524360
vn 0.999752104 0.015744127 -0.015744127
v 0.083175458 0.311156034 -0.149707168
vn 0.816975117 0.353498876 -0.455620736
v 0.087089337 0.305283308 -0.090998024
vn 0.796560764 -0.157734796 0.583618760
v 0.092960157 0.295498610 -0.122310013
vn 0.999009490 0.031464867 0.031464867
v 0.063607968 0.293541670 -0.077299446
vn 0.329840660 -0.133506939 0.934548557
v 0.085132398 0.279843569 -0.098825783
vn 0.817050755 -0.196406424 0.542081714
v 0.036209859 0.295498610 -0.075342506
vn -0.204578593 -0.078684077 0.975682557
v 0.061651029 0.272015572 -0.081213325
vn 0.346242100 -0.299027264 0.889212668
v 0.089046277 0.246575117 -0.116438240
vn 0.798450172 -0.142298043 0.585003138
v 0.063607968 0.234835386 -0.098825783
v 0.034252919 0.270058870 -0.079256386
vn -0.236359760 -0.307267666 0.921802998
v 0.032296933 0.234835386 -0.098825783
vn -0.259160519 -0.431934208 0.863868415
v 0.010768689 0.279843569 -0.092954963
vn -0.779237807 -0.125937417 0.613944948
v 0.004897870 0.244620085 -0.112524360
vn -0.774637103 -0.197611511 0.600738943
v 0.002940930 0.295498610 -0.116438240
vn -0.984007955 0.125953019 0.125953019
v 0.028383054 0.178080320 -0.128180355
vn -0.259939253 -0.535632372 0.803448558
v -0.004886828 0.262230635 -0.137965053
vn -0.974898219 0.165103719 0.149379566
v 0.010768689 0.311156034 -0.145793289
vn -0.851159334 0.394055218 -0.346768588
v 0.073392667 0.178080320 -0.130137295
vn 0.306167364 -0.502428472 0.808595777
v -0.008800708 0.191782713 -0.145793289
vn -0.764300942 -0.291537493 0.575195611
v 0.030339994 0.144808531 -0.155577034
vn -0.204376251 -0.848947525 0.487358779
v 0.110572614 0.191782713 -0.149707168
vn 0.766230047 -0.229079083 0.600345194
v -0.022495471 0.211352110 -0.175146431
vn -0.988699138 0.102008641 0.109855458
v -0.008800708 0.156557798 -0.171232551
vn -0.674411297 -0.682253301 0.282311708
v 0.077306546 0.146776915 -0.157533973
vn 0.284596086 -0.814261079 0.505948663
v 0.010768689 0.148730040 -0.190801948
vn -0.391870737 -0.909140110 -0.141073450
v 0.124271192 0.213305235 -0.181017250
vn 0.970763624 0.213094458 0.110493422
v 0.036209859 0.140902281 -0.179060310
vn -0.125937417 -0.991757214 0.023613269
v -0.000972949 0.162424803 -0.212328285
vn -0.512176275 -0.717046857 -0.472778141
v 0.114490308 0.158510923 -0.177103370
vn 0.714302480 -0.643657148 0.274731696
v 0.024469174 0.146776915 -0.202547401
vn -0.228829354 -0.915317416 -0.331408024
v 0.130145818 0.178080320 -0.206461281
vn 0.932231247 -0.292309821 -0.213307172
v 0.016639508 0.156557798 -0.216242164
vn -0.307573318 -0.796535969 -0.520508647
v 0.042081155 0.142855406 -0.194715828
vn -0.055101033 -0.968203902 -0.244018868
v 0.069478787 0.140902281 -0.179060310
vn 0.133506939 -0.989522040 0.054973446
v 0.065564908 0.142855406 -0.196672767
vn 0.086708307 -0.961673975 -0.260124922
v 0.055779733 0.154597044 -0.224069923
vn 0.015776914 -0.828288019 -0.560080409
v 0.083175458 0.148730040 -0.204500526
vn 0.196436748 -0.911466479 -0.361443639
v 0.096874036 0.148730040 -0.194715828
vn 0.409296632 -0.897304177 -0.165292859
v 0.089046277 0.158510923 -0.220156044
vn 0.275096387 -0.793849647 -0.542332888
v 0.106658734 0.164385557 -0.216242164
vn 0.518913448 -0.707609296 -0.479601860
v 0.114490308 0.197649717 -0.235811561
vn 0.726009190 0.039457023 -0.686552167
v 0.096874036 0.178080320 -0.237772316
vn 0.394386053 -0.496926427 -0.772996664
v 0.081218518 0.168299437 -0.233858436
vn 0.196838185 -0.669249833 -0.716491044
v 0.075349607 0.211352110 -0.255380958
vn 0.244079366 0.181091145 -0.952696860
v 0.063607968 0.174166441 -0.243639320
vn 0.094664440 -0.552209198 -0.828313828
v 0.069478787 0.187868834 -0.249513954
vn 0.134003744 -0.362598360 -0.922261059
v 0.042081155 0.172213316 -0.241686195
vn -0.110086165 -0.597610652 -0.794193029
v 0.024469174 0.166338682 -0.231897682
vn -0.267749757 -0.669374347 -0.692999363
v 0.036209859 0.187868834 -0.249513954
vn -0.180962190 -0.346188545 -0.920546770
v 0.008811750 0.178080320 -0.233858436
vn -0.431084275 -0.485949546 -0.760275900
v 0.028383054 0.211352110 -0.253427833
vn -0.283394277 0.165313333 -0.944647670
v -0.010757647 0.197649717 -0.231897682
vn -0.734106362 -0.015787233 -0.678851008
v -0.024456225 0.176127195 -0.200586647
vn -0.919210494 -0.345685989 -0.188556001
v -0.008800708 0.234835386 -0.208414406
vn -0.797454059 0.442152768 -0.410570413
v 0.026426114 0.248532057 -0.229944557
vn -0.331253350 0.583636880 -0.741376579
v 0.004897870 0.281800508 -0.169275612
vn -0.826157212 0.456353486 -0.330462873
v 0.071435727 0.248532057 -0.231897682
vn 0.268157452 0.615184784 -0.741376579
v 0.032296933 0.320940733 -0.163404793
vn -0.394717723 0.592076600 -0.702597558
v 0.030339994 0.293541670 -0.188845009
vn -0.369746506 0.645089626 -0.668690443
v 0.061651029 0.293541670 -0.190801948
vn 0.283807904 0.670102000 -0.685869098
v 0.089046277 0.281800508 -0.173189491
vn 0.791700363 0.509510159 -0.337060571
v 0.108615674 0.234835386 -0.212328285
vn 0.755530894 0.511557400 -0.409245908
v 0.098830976 0.264187574 -0.143836349
vn 0.963021278 0.228914887 0.142085090
f 2459//2409 2460//2410 2461//2411
f 2461//2411 2460//2410 2462//2412
f 2462//2412 2460//2410 2463//2413
f 2461//2411 2462//2412 2464//2414
f 2461//2411 2464//2414 2465//2415
f 2465//2415 2464//2414 2466//2416
f 2466//2416 2464//2414 2467//2417
f 2467//2417 2464//2414 2462//2412
f 2467//2417 2462//2412 2468//2418
f 2467//2417 2468//2418 2469//2419
f 2469//2419 2468//2418 2470//2420
f 2470//2420 2468//2418 2471//2421
f 2471//2421 2468//2418 2462//2412
f 2470//2420 2471//2421 2472//2422
f 2472//2422 2471//2421 2473//2423
f 2471//2421 2462//2412 2474//2424
f 2474//2424 2462//2412 2463//2413
f 2471//2421 2474//2424 2473//2423
f 2472//2422 2473//2423 2475//2425
f 2474//2424 2463//2413 2476//2426
f 2473//2423 2474//2424 2477//2427
f 2477//2427 2474//2424 2476//2426
f 2473//2423 2477//2427 2478//2428
f 2478//2428 2477//2427 2476//2426
f 2476//2426 2463//2413 2479//2429
f 2475//2425 2473//2423 2480//2430
f 2480//2430 2473//2423 2478//2428
f 2475//2425 2480//2430 2481//2431
f 2475//2425 2481//2431 2482//2432
f 2476//2426 2479//2429 2483//2433
f 2478//2428 2476//2426 2484//2434
f 2484//2434 2476//2426 2483//2433
f 2480//2430 2478//2428 2485//2435
f 2478//2428 2484//2434 2486//2436
f 2478//2428 2486//2436 2485//2435
f 2486//2436 2484//2434 2487//2437
f 2487//2437 2484//2434 2483//2433
f 2485//2435 2486//2436 2488//2438
f 2488//2438 2486//2436 2487//2437
f 2480//2430 2485//2435 2489//2439
f 2480//2430 2489//2439 2481//2431
f 2489//2439 2485//2435 2490//2440
f 2490//2440 2485//2435 2488//2438
f 2481//2431 2489//2439 2491//2441
f 2489//2439 2490//2440 2492//2442
f 2489//2439 2492//2442 2491//2441
f 2490//2440 2488//2438 2493//2443
f 2481//2431 2491//2441 2494//2444
f 2481//2431 2494//2444 2482//2432
f 2482//2432 2494//2444 2495//2445
f 2482//2432 2495//2445 2496//934
f 2496//934 2495//2445 2497//2446
f 2494//2444 2491//2441 2498//2447
f 2494//2444 2498//2447 2495//2445
f 2498//2447 2491//2441 2499//2448
f 2499//2448 2491//2441 2492//2442
f 2497//2446 2495//2445 2500//2449
f 2497//2446 2500//2449 2479//2429
f 2479//2429 2500//2449 2483//2433
f 2500//2449 2495//2445 2501//2450
f 2495//2445 2498//2447 2502//2451
f 2495//2445 2502//2451 2501//2450
f 2502//2451 2498//2447 2503//2452
f 2503//2452 2498//2447 2499//2448
f 2483//2433 2500//2449 2504//2453
f 2504//2453 2500//2449 2501//2450
f 2483//2433 2504//2453 2505//2454
f 2483//2433 2505//2454 2487//2437
f 2487//2437 2505//2454 2506//2455
f 2487//2437 2506//2455 2488//2438
f 2505//2454 2504//2453 2507//2456
f 2505//2454 2507//2456 2506//2455
f 2488//2438 2506//2455 2508//2457
f 2508//2457 2506//2455 2507//2456
f 2488//2438 2508//2457 2493//2443
f 2507//2456 2504//2453 2509//2458
f 2509//2458 2504//2453 2501//2450
f 2508//2457 2507//2456 2510//2459
f 2510//2459 2507//2456 2509//2458
f 2509//2458 2501//2450 2511//2460
f 2511//2460 2501//2450 2502//2451
f 2510//2459 2509//2458 2512//2461
f 2512//2461 2509//2458 2511//2460
f 2511//2460 2502//2451 2513//2462
f 2513//2462 2502//2451 2503//2452
f 2512//2461 2511//2460 2514//2463
f 2514//2463 2511//2460 2513//2462
f 2510//2459 2512//2461 2515//2464
f 2512//2461 2514//2463 2516//37
f 2512//2461 2516//37 2515//2464
f 2514//2463 2513//2462 2517//2465
f 2516//37 2514//2463 2518//2466
f 2518//2466 2514//2463 2517//2465
f 2517//2465 2513//2462 2519//2467
f 2519//2467 2513//2462 2503//2452
f 2518//2466 2517//2465 2520//2468
f 2520//2468 2517//2465 2519//2467
f 2519//2467 2503//2452 2521//2469
f 2519//2467 2521//2469 2520//2468
f 2521//2469 2503//2452 2499//2448
f 2518//2466 2520//2468 2522//2470
f 2518//2466 2522//2470 2516//37
f 2520//2468 2521//2469 2523//2471
f 2521//2469 2499//2448 2524//2472
f 2521//2469 2524//2472 2523//2471
f 2524//2472 2499//2448 2492//2442
f 2516//37 2522//2470 2525//2473
f 2516//37 2525//2473 2515//2464
f 2526//2474 2522//2470 2520//2468
f 2526//2474 2520//2468 2523//2471
f 2525//2473 2522//2470 2527//2475
f 2527//2475 2522//2470 2526//2474
f 2515//2464 2525//2473 2528//2476
f 2526//2474 2523//2471 2529//2477
f 2526//2474 2529//2477 2530//2478
f 2526//2474 2530//2478 2527//2475
f 2525//2473 2527//2475 2531//2479
f 2525//2473 2531//2479 2528//2476
f 2527//2475 2530//2478 2532//2480
f 2515//2464 2528//2476 2533//2481
f 2527//2475 2532//2480 2534//2482
f 2527//2475 2534//2482 2531//2479
f 2532//2480 2530//2478 2535//2483
f 2528//2476 2531//2479 2536//2484
f 2534//2482 2532//2480 2537//2485
f 2528//2476 2536//2484 2538//2486
f 2528//2476 2538//2486 2533//2481
f 2537//2485 2532//2480 2539//2487
f 2539//2487 2532//2480 2535//2483
f 2534//2482 2537//2485 2540//2488
f 2541//2489 2531//2479 2534//2482
f 2541//2489 2534//2482 2540//2488
f 2541//2489 2540//2488 2542//2490
f 2540//2488 2537//2485 2543//2491
f 2540//2488 2543//2491 2542//2490
f 2543//2491 2537//2485 2539//2487
f 2541//2489 2542//2490 2544//2492
f 2544//2492 2542//2490 2543//2491
f 2545//2493 2531//2479 2541//2489
f 2545//2493 2541//2489 2544//2492
f 2531//2479 2545//2493 2536//2484
f 2545//2493 2544//2492 2546//2494
f 2546//2494 2544//2492 2543//2491
f 2536//2484 2545//2493 2547//2495
f 2547//2495 2545//2493 2546//2494
f 2536//2484 2547//2495 2538//2486
f 2538//2486 2547//2495 2548//2496
f 2538//2486 2548//2496 2533//2481
f 2547//2495 2546//2494 2549//2497
f 2547//2495 2549//2497 2548//2496
f 2549//2497 2546//2494 2550//2498
f 2550//2498 2546//2494 2543//2491
f 2548//2496 2549//2497 2551//2499
f 2550//2498 2543//2491 2552//2500
f 2549//2497 2550//2498 2553//2501
f 2553//2501 2550//2498 2552//2500
f 2549//2497 2553//2501 2551//2499
f 2552//2500 2543//2491 2554//2502
f 2552//2500 2554//2502 2553//2501
f 2554//2502 2543//2491 2555//2503
f 2555//2503 2543//2491 2539//2487
f 2553//2501 2554//2502 2556//2504
f 2556//2504 2554//2502 2555//2503
f 2553//2501 2556//2504 2551//2499
f 2555//2503 2539//2487 2557//2505
f 2555//2503 2557//2505 2556//2504
f 2557//2505 2539//2487 2535//2483
f 2551//2499 2556//2504 2558//2506
f 2558//2506 2556//2504 2557//2505
f 2557//2505 2535//2483 2559//2507
f 2557//2505 2559//2507 2558//2506
f 2559//2507 2535//2483 2560//2508
f 2560//2508 2535//2483 2530//2478
f 2560//2508 2530//2478 2529//2477
f 2560//2508 2529//2477 2561//2509
f 2560//2508 2561//2509 2559//2507
f 2561//2509 2529//2477 2523//2471
f 2558//2506 2559//2507 2562//2510
f 2562//2510 2559//2507 2561//2509
f 2561//2509 2523//2471 2563//2511
f 2561//2509 2563//2511 2562//2510
f 2563//2511 2523//2471 2524//2472
f 2558//2506 2562//2510 2564//2512
f 2558//2506 2564//2512 2551//2499
f 2563//2511 2524//2472 2565//2513
f 2565//2513 2524//2472 2492//2442
f 2565//2513 2492//2442 2490//2440
f 2565//2513 2490//2440 2493//2443
f 2563//2511 2565//2513 2566//2514
f 2563//2511 2566//2514 2562//2510
f 2566//2514 2565//2513 2493//2443
f 2562//2510 2566//2514 2567//2515
f 2567//2515 2566//2514 2493//2443
f 2562//2510 2567//2515 2564//2512
f 2567//2515 2493//2443 2568//2516
f 2567//2515 2568//2516 2564//2512
f 2568//2516 2493//2443 2508//2457
f 2569//2517 2551//2499 2564//2512
f 2569//2517 2564//2512 2568//2516
f 2551//2499 2569//2517 2548//2496
f 2548//2496 2569//2517 2533//2481
f 2569//2517 2568//2516 2570//2518
f 2569//2517 2570//2518 2533//2481
f 2570//2518 2568//2516 2508//2457
f 2533//2481 2570//2518 2515//2464
f 2570//2518 2508//2457 2510//2459
f 2570//2518 2510//2459 2515//2464
o tripo_part_10
g tripo_part_10
usemtl mat_0
v 0.044038102 0.052839398 -0.010764662
vn 0.078555301 -0.754130900 0.652009010
v 0.085132644 0.064573407 -0.020549361
vn 0.543357611 -0.677228332 0.496109128
v 0.040123984 0.090017438 0.002933916
vn 0.015728541 -0.133692592 0.990898132
v 0.022512481 0.039137006 -0.069472849
vn -0.031456109 -0.998731434 -0.039320134
v -0.002929643 0.060667157 -0.020549361
vn -0.448568702 -0.684657395 0.574482739
v 0.098831221 0.068494916 -0.038160864
vn 0.929854870 0.063041009 0.362485796
v 0.100788161 0.076322675 -0.067514956
vn 0.774443448 -0.632198751 -0.023707453
v 0.096874282 0.091978192 -0.012721602
vn 0.693257391 -0.196948096 0.693257391
v -0.012714341 0.084150434 -0.010764662
vn -0.628364861 -0.219927698 0.746183276
v -0.008800462 0.125242352 -0.010764662
vn -0.621796727 0.078708448 0.779213607
v 0.042080924 0.125242352 -0.000979964
vn 0.031418242 0.062836483 0.997529209
v -0.030326799 0.127203107 -0.057730261
vn -0.988455832 0.141207963 0.054914214
v -0.036193803 0.082197309 -0.063601077
vn -0.983003378 -0.180872619 0.031456109
v -0.020538285 0.052839398 -0.065558016
vn -0.653948903 -0.756374598 0.015757805
v -0.018585160 0.086103559 -0.116435587
vn -0.700743973 -0.133849964 -0.700743973
v -0.012714341 0.129156232 -0.108611643
vn -0.700158298 0.228141457 -0.676557422
v -0.006843522 0.062620282 -0.108611643
vn -0.472075224 -0.668773234 -0.574358225
v 0.034253165 0.091978192 -0.136004984
vn -0.054951422 -0.054951422 -0.996975780
v 0.040123984 0.056745648 -0.122310221
vn 0.039457023 -0.726009190 -0.686552167
v 0.081218764 0.066541791 -0.114482462
vn 0.503874540 -0.582604945 -0.637716174
v 0.094917342 0.060667157 -0.096870005
vn 0.829398513 -0.466042936 -0.308062285
v 0.091003463 0.093931317 -0.120349467
vn 0.667720079 -0.094266362 -0.738419831
v 0.114486739 0.097845197 -0.067514956
vn 0.975048900 -0.204445735 -0.086496279
v 0.036210105 0.129156232 -0.126224101
vn -0.054981925 0.219927698 -0.973965526
v 0.087089583 0.129156232 -0.114482462
vn 0.613356173 0.172997892 -0.770626962
v 0.112533614 0.127203107 -0.061644141
vn 0.995433450 0.086902916 -0.039501324
v 0.094917342 0.125242352 -0.014678542
vn 0.669685900 0.055150609 0.740593851
v -0.004886582 0.180038571 -0.098826945
vn -0.698883474 0.235578686 -0.675325513
v 0.040123984 0.181995511 -0.116435587
vn -0.070969619 0.197137833 -0.977803648
v 0.085132644 0.181995511 -0.104697764
vn 0.623576283 0.157867417 -0.765657008
v 0.108615920 0.180038571 -0.057730261
vn 0.996730208 0.039241347 -0.070634417
v 0.092960402 0.176126599 -0.014678542
vn 0.670623183 -0.015779369 0.741630375
v 0.044038102 0.174169660 -0.000979964
vn 0.015746079 0.000000000 0.999876022
v -0.004886582 0.174169660 -0.012721602
vn -0.597020328 -0.039277650 0.801264048
v 0.045995042 0.195695043 -0.000979964
vn 0.039338388 -0.007867677 0.999195039
v 0.094917342 0.201565385 -0.014678542
vn 0.677228332 -0.070872732 0.732351601
v -0.022499040 0.176126599 -0.051859442
vn -0.991910815 0.125956923 0.015744615
v -0.010757402 0.195695043 -0.012721602
vn -0.691521406 -0.102156565 0.715095997
v -0.016624406 0.213307023 -0.047945563
vn -0.974356353 0.204300508 -0.094292544
v 0.002941176 0.221135259 -0.090999186
vn -0.699898422 0.251648873 -0.668442249
v 0.045995042 0.207436323 -0.000979964
vn 0.023603760 -0.574358225 0.818263650
v -0.012714341 0.205479264 -0.012721602
vn -0.866356611 -0.393798441 0.307162791
v -0.008800462 0.244619489 -0.044031683
vn -0.958345056 0.243513912 -0.149250463
v 0.042080924 0.223092198 -0.108611643
vn -0.079024844 0.221269563 -0.972005606
v 0.047952004 0.209393263 0.002933916
vn 0.039324999 -0.904474974 0.424710006
v -0.016624406 0.209393263 -0.000979964
vn -0.946791708 -0.315597206 0.063119441
v 0.094917342 0.213307023 0.000976976
vn 0.519830048 -0.850630999 0.078762136
v 0.096874282 0.213307023 -0.014678542
vn 0.824703515 -0.447696149 0.345590025
v 0.108615920 0.238746762 -0.000979964
vn 0.956170738 -0.292382807 0.015804475
v 0.108615920 0.217221379 -0.051859442
vn 0.995371222 0.015799543 -0.094797261
v 0.108615920 0.238746762 -0.047945563
vn 0.975622237 -0.055075448 -0.212433875
v 0.083175704 0.223092198 -0.096870005
vn 0.611618936 0.188190445 -0.768444300
v 0.114486739 0.279844403 -0.000979964
vn 0.997991085 -0.031432789 -0.055007383
v 0.083175704 0.248533368 -0.089042246
vn 0.621950865 0.133837521 -0.771533966
v 0.045995042 0.254404187 -0.100783885
vn -0.055205461 0.236594841 -0.970038831
v 0.089046523 0.281797528 -0.083171427
vn 0.622491241 0.063037090 -0.780084014
v 0.110572860 0.279844403 -0.044031683
vn 0.959114790 0.000000000 -0.283017457
v 0.110572860 0.318983197 -0.040117804
vn 0.967185616 0.094359569 -0.235898942
v 0.112533614 0.318983197 -0.000979964
vn 0.992772579 0.110308066 -0.047274884
v 0.092960402 0.315069318 -0.077300608
vn 0.669374347 0.062999941 -0.740249336
v 0.049908921 0.283758283 -0.094913065
vn -0.062807433 0.219826013 -0.973515213
v 0.104702041 0.354200482 -0.038160864
vn 0.897721350 0.385862678 -0.212618217
v 0.106658980 0.354200482 -0.000979964
vn 0.933309555 0.355923146 -0.047456417
v 0.089046523 0.381605268 -0.000979964
vn 0.813321233 0.576431572 -0.078963228
v 0.081218764 0.383558393 -0.042074744
vn 0.803348899 0.559193850 -0.204775214
v 0.092960402 0.350294232 -0.069472849
vn 0.841138899 0.290861100 -0.455944419
v 0.077306792 0.379652143 -0.071429789
vn 0.864321709 0.440018326 -0.243581578
v 0.087089583 0.350294232 -0.077300608
vn 0.739996970 0.236169249 -0.629784644
v 0.081218764 0.318983197 -0.081214488
vn 0.299621582 0.000000000 -0.954058230
v 0.051866099 0.307241559 -0.089042246
vn -0.015788710 0.481555641 -0.876273394
v 0.051866099 0.309194684 -0.085128367
vn 0.000000000 0.894427299 -0.447213650
v 0.022512481 0.318983197 -0.081214488
vn -0.292410195 -0.007902978 -0.956260383
v 0.010768935 0.315069318 -0.077300608
vn -0.714368463 -0.039251015 -0.698668063
v 0.014682814 0.350294232 -0.077300608
vn -0.639343083 0.071038119 -0.765633166
v 0.016641662 0.283758283 -0.079257548
vn -0.687945902 0.142333627 -0.711668193
v 0.008811995 0.350294232 -0.071429789
vn -0.870715499 0.031662382 -0.490766913
v 0.008811995 0.252447248 -0.085128367
vn -0.701287627 0.283666879 -0.654009819
v 0.002941176 0.283758283 -0.042074744
vn -0.970672905 0.094699793 -0.220966175
v -0.000972703 0.318983197 -0.040117804
vn -0.982729971 -0.039309196 -0.180822313
v -0.000972703 0.352247357 -0.040117804
vn -0.977105200 0.000000000 -0.212756783
v -0.002929643 0.318983197 -0.000979964
vn -0.998114347 -0.039295841 -0.047155008
v -0.000972703 0.283758283 -0.000979964
vn -0.996730208 0.070634417 -0.039241347
v -0.004886582 0.246576428 -0.000979964
vn -0.978595018 0.205189273 0.015783790
v -0.006843522 0.246576428 0.042072710
vn -0.977621377 0.204985127 -0.047304261
f 2571//2519 2572//2520 2573//2521
f 2572//2520 2571//2519 2574//2522
f 2571//2519 2573//2521 2575//2523
f 2571//2519 2575//2523 2574//2522
f 2572//2520 2574//2522 2576//2524
f 2572//2520 2576//2524 2577//2525
f 2577//2525 2576//2524 2574//2522
f 2573//2521 2572//2520 2578//2526
f 2578//2526 2572//2520 2577//2525
f 2575//2523 2573//2521 2579//2527
f 2579//2527 2573//2521 2580//2528
f 2573//2521 2578//2526 2581//2529
f 2573//2521 2581//2529 2580//2528
f 2579//2527 2580//2528 2582//2530
f 2575//2523 2579//2527 2583//2531
f 2583//2531 2579//2527 2582//2530
f 2575//2523 2583//2531 2584//2532
f 2575//2523 2584//2532 2574//2522
f 2584//2532 2583//2531 2585//2533
f 2583//2531 2582//2530 2586//2534
f 2583//2531 2586//2534 2585//2533
f 2584//2532 2585//2533 2587//2535
f 2584//2532 2587//2535 2574//2522
f 2585//2533 2586//2534 2588//2536
f 2585//2533 2588//2536 2587//2535
f 2574//2522 2587//2535 2589//2537
f 2589//2537 2587//2535 2588//2536
f 2574//2522 2589//2537 2590//2538
f 2590//2538 2589//2537 2588//2536
f 2574//2522 2590//2538 2591//2539
f 2574//2522 2591//2539 2577//2525
f 2577//2525 2591//2539 2590//2538
f 2577//2525 2590//2538 2592//2540
f 2592//2540 2590//2538 2588//2536
f 2577//2525 2592//2540 2593//2541
f 2577//2525 2593//2541 2578//2526
f 2592//2540 2588//2536 2594//2542
f 2594//2542 2588//2536 2586//2534
f 2593//2541 2592//2540 2595//2543
f 2595//2543 2592//2540 2594//2542
f 2578//2526 2593//2541 2596//2544
f 2596//2544 2593//2541 2595//2543
f 2578//2526 2596//2544 2597//2545
f 2594//2542 2586//2534 2598//2546
f 2578//2526 2597//2545 2581//2529
f 2598//2546 2586//2534 2582//2530
f 2595//2543 2594//2542 2599//2547
f 2599//2547 2594//2542 2598//2546
f 2596//2544 2595//2543 2600//2548
f 2600//2548 2595//2543 2599//2547
f 2601//2549 2597//2545 2596//2544
f 2601//2549 2596//2544 2600//2548
f 2597//2545 2601//2549 2602//2550
f 2597//2545 2602//2550 2581//2529
f 2581//2529 2602//2550 2603//2551
f 2581//2529 2603//2551 2604//2552
f 2581//2529 2604//2552 2580//2528
f 2603//2551 2602//2550 2605//2553
f 2603//2551 2605//2553 2604//2552
f 2602//2550 2601//2549 2606//2554
f 2602//2550 2606//2554 2605//2553
f 2580//2528 2604//2552 2607//2555
f 2580//2528 2607//2555 2582//2530
f 2582//2530 2607//2555 2598//2546
f 2607//2555 2604//2552 2608//2556
f 2608//2556 2604//2552 2605//2553
f 2598//2546 2607//2555 2609//2557
f 2609//2557 2607//2555 2608//2556
f 2598//2546 2609//2557 2610//2558
f 2598//2546 2610//2558 2599//2547
f 2608//2556 2605//2553 2611//2559
f 2611//2559 2605//2553 2606//2554
f 2609//2557 2608//2556 2612//2560
f 2612//2560 2608//2556 2611//2559
f 2610//2558 2609//2557 2613//2561
f 2613//2561 2609//2557 2612//2560
f 2599//2547 2610//2558 2614//2562
f 2599//2547 2614//2562 2600//2548
f 2612//2560 2611//2559 2615//2563
f 2612//2560 2615//2563 2616//2564
f 2612//2560 2616//2564 2613//2561
f 2615//2563 2611//2559 2617//2565
f 2617//2565 2611//2559 2618//2566
f 2618//2566 2611//2559 2606//2554
f 2617//2565 2618//2566 2619//2567
f 2618//2566 2606//2554 2620//2568
f 2620//2568 2606//2554 2601//2549
f 2620//2568 2601//2549 2600//2548
f 2619//2567 2618//2566 2621//2569
f 2621//2569 2618//2566 2620//2568
f 2620//2568 2600//2548 2622//2570
f 2620//2568 2622//2570 2621//2569
f 2622//2570 2600//2548 2614//2562
f 2619//2567 2621//2569 2623//2571
f 2621//2569 2622//2570 2624//2572
f 2622//2570 2614//2562 2625//2573
f 2622//2570 2625//2573 2624//2572
f 2621//2569 2624//2572 2626//2574
f 2626//2574 2624//2572 2625//2573
f 2623//2571 2621//2569 2627//2575
f 2627//2575 2621//2569 2626//2574
f 2623//2571 2627//2575 2628//2576
f 2623//2571 2628//2576 2629//2577
f 2627//2575 2626//2574 2630//2578
f 2627//2575 2630//2578 2628//2576
f 2626//2574 2625//2573 2631//2579
f 2629//2577 2628//2576 2632//2580
f 2629//2577 2632//2580 2633//2581
f 2633//2581 2632//2580 2634//2582
f 2634//2582 2632//2580 2635//2583
f 2632//2580 2628//2576 2636//2584
f 2632//2580 2636//2584 2635//2583
f 2636//2584 2628//2576 2630//2578
f 2635//2583 2636//2584 2637//2585
f 2637//2585 2636//2584 2638//2586
f 2638//2586 2636//2584 2630//2578
f 2638//2586 2630//2578 2639//2587
f 2639//2587 2630//2578 2640//2588
f 2640//2588 2630//2578 2626//2574
f 2640//2588 2626//2574 2631//2579
f 2639//2587 2640//2588 2641//2589
f 2641//2589 2640//2588 2642//2590
f 2642//2590 2640//2588 2643//2591
f 2642//2590 2643//2591 2644//2592
f 2640//2588 2631//2579 2645//2593
f 2640//2588 2645//2593 2643//2591
f 2645//2593 2631//2579 2625//2573
f 2644//2592 2643//2591 2646//2594
f 2645//2593 2625//2573 2647//2595
f 2647//2595 2625//2573 2614//2562
f 2647//2595 2614//2562 2610//2558
f 2647//2595 2610//2558 2613//2561
f 2645//2593 2647//2595 2648//2596
f 2645//2593 2648//2596 2643//2591
f 2648//2596 2647//2595 2613//2561
f 2649//2597 2646//2594 2643//2591
f 2649//2597 2643//2591 2648//2596
f 2646//2594 2649//2597 2650//2598
f 2650//2598 2649//2597 2651//2599
f 2651//2599 2649//2597 2652//2600
f 2652//2600 2649//2597 2648//2596
f 2652//2600 2648//2596 2613//2561
f 2652//2600 2613//2561 2653//2601
f 2653//2601 2613//2561 2616//2564
f 2652//2600 2653//2601 2654//2602
f 2654//2602 2653//2601 2616//2564
o tripo_part_11
g tripo_part_11
usemtl mat_0
v 0.083175331 0.225046873 0.098826282
vn 0.611957669 0.149066627 0.776715577
v 0.042081151 0.225046873 0.108610980
vn -0.078808598 0.197021484 0.977226615
v 0.083175331 0.183951139 0.106654041
vn 0.596799374 0.164905071 0.785262287
v 0.108619362 0.219179869 0.053815715
vn 0.990744889 0.023589164 0.133671924
v 0.038167153 0.183951139 0.116438739
vn -0.094699793 0.220966175 0.970672905
v 0.002940807 0.223093748 0.090998523
vn -0.676431775 0.251695544 0.692162812
v 0.108619362 0.180037260 0.059686534
vn 0.996147394 0.039218400 0.078436799
v 0.096873909 0.203524351 0.016634814
vn 0.723960757 -0.133775353 -0.676745892
v -0.004886951 0.181994200 0.098826282
vn -0.701265872 0.244261131 0.669748247
v -0.016628589 0.215265989 0.047944896
vn -0.978046954 0.181411937 0.102537170
v 0.085132271 0.129158497 0.118395679
vn 0.580450237 0.188254118 0.792236030
v 0.112533242 0.129158497 0.067514293
vn 0.993111670 0.086700223 0.078818388
v 0.032296810 0.131115377 0.128180385
vn -0.102143943 0.235716820 0.966438949
v -0.022499409 0.178080320 0.053815715
vn -0.992002964 0.125968635 0.007873040
v -0.010757770 0.197649717 0.012720935
vn -0.723333955 -0.094347902 -0.684022248
v -0.014671650 0.131115377 0.108610980
vn -0.722552717 0.251322687 0.644014359
v -0.030327167 0.129158497 0.057729594
vn -0.983125031 0.165164992 -0.078649998
v 0.032296810 0.093931913 0.137961268
vn -0.070610501 -0.047073670 0.996392667
v 0.089046150 0.095888853 0.124266498
vn 0.646571875 -0.094620280 0.756962240
v 0.114486367 0.099802732 0.071428172
vn 0.969646931 -0.228615940 0.086716391
v 0.098830849 0.078276396 0.073385112
vn 0.764135003 -0.638092101 0.094532169
v 0.096873909 0.093931913 0.018591754
vn 0.719126105 -0.205464587 -0.663808644
v 0.094916970 0.127201319 0.018591754
vn 0.682820380 0.031394042 -0.729911447
v 0.042081151 0.127201319 0.002936237
vn 0.062797755 0.047098316 -0.996914387
v 0.092960030 0.178080320 0.018591754
vn 0.669374347 -0.062999941 -0.740249336
v 0.045995150 0.197649717 0.002936237
vn 0.062978461 -0.110212311 -0.991910815
v 0.045995150 0.207438231 0.000979297
vn 0.063117474 -0.197242111 -0.978320897
v 0.044038091 0.176123381 0.002936237
v -0.004886951 0.176123381 0.012720935
vn -0.591726363 -0.047338109 -0.804747820
v -0.008800831 0.127201319 0.012720935
vn -0.616528571 0.086946338 -0.782517016
v 0.040124092 0.090018034 -0.000977643
vn 0.047344007 -0.157813340 -0.986333430
v -0.012714710 0.086104155 0.010763995
vn -0.606430829 -0.220520303 -0.763945341
v -0.038154926 0.084147215 0.063600414
vn -0.980580688 -0.188271478 -0.054912515
v -0.002930012 0.062624693 0.022505634
vn -0.433057457 -0.700765729 -0.566911519
v 0.044038091 0.054796934 0.014677875
vn 0.094532169 -0.764135003 -0.638092101
v 0.085132271 0.064577818 0.026419513
vn 0.544083476 -0.638706744 -0.544083476
v 0.020555172 0.041094542 0.071428172
vn -0.047139000 -0.997775495 0.047139000
v -0.020538654 0.054796934 0.067514293
vn -0.637005925 -0.770698488 -0.015728541
v -0.020538654 0.088061094 0.118395679
vn -0.709299386 -0.126097664 0.693537176
v -0.008800831 0.064577818 0.110567920
vn -0.488476813 -0.669685900 0.559384704
v 0.036210213 0.058710814 0.124266498
vn 0.007897308 -0.726552367 0.687065780
v 0.079261452 0.068491697 0.118395679
vn 0.498276770 -0.624823272 0.601095796
v 0.092960030 0.068491697 0.100783221
vn 0.903023839 -0.219866678 0.369061917
v 0.098830849 0.062624693 0.042073123
vn 0.911494613 -0.298593074 -0.282877624
f 2655//2603 2656//2604 2657//2605
f 2655//2603 2657//2605 2658//2606
f 2657//2605 2656//2604 2659//2607
f 2659//2607 2656//2604 2660//2608
f 2658//2606 2657//2605 2661//2609
f 2658//2606 2661//2609 2662//2610
f 2659//2607 2660//2608 2663//2611
f 2663//2611 2660//2608 2664//2612
f 2657//2605 2659//2607 2665//2613
f 2661//2609 2657//2605 2666//2614
f 2666//2614 2657//2605 2665//2613
f 2665//2613 2659//2607 2667//2615
f 2667//2615 2659//2607 2663//2611
f 2663//2611 2664//2612 2668//2616
f 2668//2616 2664//2612 2669//2617
f 2667//2615 2663//2611 2670//2618
f 2663//2611 2668//2616 2671//2619
f 2663//2611 2671//2619 2670//2618
f 2667//2615 2670//2618 2672//2620
f 2665//2613 2667//2615 2673//2621
f 2673//2621 2667//2615 2672//2620
f 2665//2613 2673//2621 2674//2622
f 2665//2613 2674//2622 2666//2614
f 2674//2622 2673//2621 2675//2623
f 2666//2614 2674//2622 2676//2624
f 2676//2624 2674//2622 2675//2623
f 2666//2614 2676//2624 2677//2625
f 2666//2614 2677//2625 2661//2609
f 2677//2625 2676//2624 2678//2626
f 2661//2609 2677//2625 2679//2627
f 2679//2627 2677//2625 2678//2626
f 2661//2609 2679//2627 2662//2610
f 2662//2610 2679//2627 2680//2628
f 2662//2610 2680//2628 2681//2629
f 2681//2629 2680//2628 2669//2617
f 2680//2628 2679//2627 2682//2416
f 2682//2416 2679//2627 2678//2626
f 2669//2617 2680//2628 2683//2630
f 2683//2630 2680//2628 2682//2416
f 2683//2630 2682//2416 2678//2626
f 2669//2617 2683//2630 2668//2616
f 2668//2616 2683//2630 2684//2631
f 2684//2631 2683//2630 2678//2626
f 2668//2616 2684//2631 2671//2619
f 2684//2631 2678//2626 2685//2632
f 2685//2632 2678//2626 2676//2624
f 2671//2619 2684//2631 2686//2633
f 2686//2633 2684//2631 2685//2632
f 2671//2619 2686//2633 2687//2634
f 2671//2619 2687//2634 2670//2618
f 2686//2633 2685//2632 2688//2635
f 2686//2633 2688//2635 2687//2634
f 2688//2635 2685//2632 2689//2636
f 2685//2632 2676//2624 2690//2637
f 2685//2632 2690//2637 2689//2636
f 2690//2637 2676//2624 2675//2623
f 2688//2635 2689//2636 2691//2638
f 2691//2638 2689//2636 2690//2637
f 2687//2634 2688//2635 2692//2639
f 2692//2639 2688//2635 2691//2638
f 2693//2640 2670//2618 2687//2634
f 2693//2640 2687//2634 2692//2639
f 2670//2618 2693//2640 2672//2620
f 2693//2640 2692//2639 2694//2641
f 2693//2640 2694//2641 2672//2620
f 2694//2641 2692//2639 2691//2638
f 2672//2620 2694//2641 2695//2642
f 2695//2642 2694//2641 2691//2638
f 2672//2620 2695//2642 2696//2643
f 2696//2643 2695//2642 2691//2638
f 2672//2620 2696//2643 2673//2621
f 2673//2621 2696//2643 2675//2623
f 2696//2643 2691//2638 2697//2644
f 2696//2643 2697//2644 2675//2623
f 2675//2623 2697//2644 2691//2638
f 2675//2623 2691//2638 2698//2645
f 2675//2623 2698//2645 2690//2637
f 2690//2637 2698//2645 2691//2638
o tripo_part_12
g tripo_part_12
usemtl mat_0
v 0.159497991 0.483365148 -0.053814523
vn -0.741146088 -0.433649361 0.512494683
v 0.161454931 0.483365148 -0.053814523
vn 0.909084260 -0.399683595 0.117554002
v 0.161454931 0.491192907 -0.045986764
vn -0.769201398 -0.298261791 0.565127552
v 0.161454931 0.491192907 -0.047943704
vn 0.989522040 0.054973446 -0.133506939
vn -0.969677091 0.244390160 0.000000000
v 0.163411990 0.499020666 -0.042072885
vn 0.204654664 -0.456537306 0.865846634
v 0.159497991 0.483365148 -0.055771463
vn -0.323638290 0.852510631 -0.410468042
v 0.157540932 0.479451269 -0.061644189
vn -0.960510850 -0.251937270 0.118095599
v 0.159497991 0.479451269 -0.059687249
vn 0.299836040 -0.891617656 0.339288116
v 0.159497991 0.479451269 -0.061644189
vn 0.971490085 -0.236948803 -0.007898293
v 0.159497991 0.481408209 -0.061644189
vn 0.401350886 0.873528421 -0.275436878
v 0.157540932 0.477494329 -0.069471948
vn -0.670518816 0.741514981 0.023665370
v 0.159497991 0.477494329 -0.069471948
vn 0.939779699 0.260611176 -0.221124634
v 0.157540932 0.475537390 -0.067515008
vn -0.346897900 -0.835708499 0.425738305
v 0.157540932 0.475537390 -0.075342767
vn 0.710624754 -0.694833100 -0.110541619
v 0.155583993 0.475537390 -0.075342767
vn -0.703299165 -0.647983432 0.292382807
v 0.157540932 0.477494329 -0.075342767
vn 0.638092101 0.724746585 -0.259963453
v 0.155583993 0.477494329 -0.075342767
vn -0.675909340 0.730925202 0.094312936
v 0.153627053 0.475537390 -0.083170526
vn -0.740226328 0.637854576 0.212618187
v 0.155583993 0.475537390 -0.083170526
vn 0.740226328 0.637854576 -0.212618187
v 0.155583993 0.473580450 -0.083170526
vn 0.639044523 -0.757386148 -0.134120449
v 0.153627053 0.473580450 -0.083170526
vn -0.639044523 -0.757386148 0.134120449
v 0.151670590 0.475537390 -0.090998404
vn -0.708573580 -0.692827523 0.133841664
v 0.153627053 0.475537390 -0.090998404
vn 0.692848980 -0.614116132 -0.377917618
v 0.153627053 0.477494329 -0.090998404
vn 0.677333355 0.708837271 -0.196899220
v 0.151670590 0.477494329 -0.090998404
vn -0.638092101 0.724746585 0.259963453
v 0.149713650 0.477494329 -0.096869104
vn -0.282685697 0.871614277 0.400471419
v 0.151670590 0.475537390 -0.096869104
vn 0.810898006 -0.433003813 -0.393639833
v 0.149713650 0.475537390 -0.096869104
vn -0.636769652 -0.770412683 0.031445414
v 0.147756711 0.479451269 -0.104696862
vn 0.669914663 -0.591101229 -0.449236929
v 0.145799771 0.479451269 -0.104696862
vn -0.542903364 -0.818289101 -0.188835964
v 0.145799771 0.479451269 -0.102739923
vn -0.833612621 -0.487584740 0.259520888
v 0.145799771 0.481408209 -0.102739923
vn -0.504187167 0.701135278 0.504187167
v 0.143841878 0.483365148 -0.110567681
vn -0.921431243 0.118132219 0.370147616
v 0.147756711 0.481408209 -0.104696862
vn 0.777697504 0.628442407 -0.015711060
v 0.145799771 0.481408209 -0.110567681
vn 0.283192545 -0.723714292 -0.629316807
v 0.141884938 0.489235967 -0.116438501
vn -0.948683381 0.000000000 0.316227764
v 0.141884938 0.487279028 -0.116438501
v 0.145799771 0.483365148 -0.110567681
vn 0.766038835 0.639681935 -0.063178457
vn 0.662712872 -0.260351509 -0.702160120
vn 0.898167074 0.259995729 0.354539633
v 0.139927998 0.491192907 -0.118395440
vn -0.637617409 0.283385485 0.716335595
v 0.137971058 0.493149847 -0.122311227
vn -0.771653533 -0.590551198 -0.236220479
v 0.141884938 0.489235967 -0.118395440
vn -0.418244451 -0.449810028 -0.789140403
v 0.137971058 0.495106786 -0.122311227
vn -0.624179363 0.371347219 0.687387407
v 0.139927998 0.495106786 -0.122311227
vn 0.795374274 0.551249504 0.251999766
vn 0.948683381 0.316227764 0.000000000
v 0.136014119 0.500977635 -0.128182054
vn -0.988366246 -0.150231674 -0.023720790
v 0.137971058 0.500977635 -0.126225114
vn 0.401313633 0.550822616 0.731807232
v 0.139927998 0.493149847 -0.122311227
vn 0.551061511 -0.440849245 -0.708507717
v 0.137971058 0.499020666 -0.128182054
vn 0.408323795 -0.526109517 -0.745976210
v 0.137971058 0.506848454 -0.134052873
vn 0.416574538 -0.495173484 -0.762409925
v 0.136014119 0.506848454 -0.132095933
vn -0.903218806 -0.243476391 -0.353433460
v 0.136014119 0.508806348 -0.132095933
vn -0.969918132 -0.102511667 0.220794380
v 0.134057179 0.516634107 -0.136009812
vn -0.943362474 -0.196533844 -0.267286003
v 0.136014119 0.508806348 -0.130138993
vn -0.740249336 0.062999941 0.669374347
v 0.134057179 0.516634107 -0.134052873
vn -0.935356557 0.000000000 0.353706300
v 0.137971058 0.508806348 -0.130138993
vn 0.731331885 0.243777290 0.636966467
v 0.137971058 0.508806348 -0.132095933
v 0.136014119 0.516634107 -0.132095933
vn -0.039485309 0.292191297 0.955544472
v 0.137971058 0.516634107 -0.134052873
vn 0.926952541 0.125688478 0.353498876
v 0.137971058 0.516634107 -0.136009812
vn 0.995091856 -0.047385328 0.086873099
v 0.136014119 0.514677167 -0.137966752
vn -0.480240524 -0.417258173 -0.771533966
v 0.137971058 0.514677167 -0.137966752
vn 0.684763491 -0.338446319 -0.645409286
v 0.136014119 0.524461746 -0.141880631
vn -0.503251076 -0.228035629 -0.833509564
v 0.134057179 0.524461746 -0.137966752
vn -0.971823633 -0.055307034 -0.229129136
v 0.134057179 0.524461746 -0.136009812
vn -0.921031535 0.094464779 0.377859116
v 0.134057179 0.532289624 -0.137966752
vn -0.921831548 0.173335865 0.346671730
v 0.136014119 0.524461746 -0.134052873
vn 0.000000000 0.244390160 0.969677091
v 0.137971058 0.524461746 -0.136009812
vn 0.800301611 0.062768757 0.596303165
v 0.136014119 0.532289624 -0.136009812
vn -0.204724401 0.141732275 0.968503952
v 0.139927998 0.524461746 -0.139923692
vn 0.968113899 -0.173158586 -0.181029424
v 0.139927998 0.532289624 -0.137966752
vn 0.834982336 -0.126035064 0.535649002
v 0.137971058 0.524461746 -0.141880631
vn 0.363332808 -0.292245954 -0.884636402
v 0.139927998 0.532289624 -0.141880631
vn 0.976015031 -0.212519407 -0.047226537
v 0.141884938 0.538160443 -0.137966752
vn 0.717046857 -0.693407953 0.070916712
v 0.136014119 0.538160443 -0.137966752
vn -0.863681972 0.157033086 0.478950918
v 0.139927998 0.532289624 -0.143837571
vn 0.667534709 -0.329840690 -0.667534709
v 0.137971058 0.536203504 -0.136009812
vn -0.102732293 -0.300294399 0.948298156
v 0.137971058 0.542075276 -0.134052873
vn -0.811905026 -0.331068069 0.480836987
v 0.136014119 0.540118337 -0.141880631
vn -0.779987097 0.118179865 -0.614535272
v 0.139927998 0.540118337 -0.132095933
vn -0.371034652 -0.836801648 0.402612090
v 0.139927998 0.542075276 -0.126225114
vn -0.543290257 -0.787377298 0.291329592
v 0.145799771 0.540118337 -0.136009812
vn 0.543492436 -0.834930480 -0.086643726
v 0.141884938 0.540118337 -0.128182054
vn -0.173621699 -0.978595018 0.110486530
v 0.143841878 0.542075276 -0.120352380
vn -0.629999399 -0.669374347 0.393749624
v 0.149713650 0.542075276 -0.130138993
vn 0.588783443 -0.792895019 -0.157008901
v 0.151670590 0.545989156 -0.132095933
vn 0.803947508 -0.488673985 -0.338919044
v 0.151670590 0.542075276 -0.122311227
vn 0.441396683 -0.851265013 -0.283755004
v 0.145799771 0.540118337 -0.120352380
vn -0.299770713 -0.946644366 0.118330546
v 0.147756711 0.544032216 -0.112524621
vn -0.903943896 -0.251532227 0.345856816
v 0.147756711 0.544032216 -0.139923692
vn 0.803872645 -0.504390657 -0.315244168
v 0.149713650 0.538160443 -0.110567681
vn -0.503671706 -0.857815862 0.102308311
v 0.151670590 0.542075276 -0.102739923
vn -0.909979880 -0.276950389 0.308601886
v 0.157540932 0.540118337 -0.112524621
vn 0.479409277 -0.825212657 -0.298648387
v 0.153627053 0.538160443 -0.100782983
vn -0.481076151 -0.875400841 0.047318965
v 0.155583993 0.538160443 -0.090998404
vn -0.730925202 -0.675909340 0.094312936
v 0.161454931 0.540118337 -0.102739923
vn 0.455606639 -0.856226325 -0.243513912
v 0.157540932 0.536203504 -0.090998404
vn -0.268349528 -0.955008626 -0.126282126
v 0.157540932 0.536203504 -0.083170526
v 0.161454931 0.545989156 -0.114481561
vn 0.833689988 -0.322465003 -0.448304981
v 0.155583993 0.545989156 -0.124268167
vn 0.727278411 -0.577079594 -0.371544421
v 0.159497991 0.534246564 -0.083170526
vn -0.236103415 -0.960153878 -0.149532154
v 0.159497991 0.534246564 -0.073385827
v 0.163411990 0.538160443 -0.092955463
vn 0.456976324 -0.843042552 -0.283640474
v 0.161454931 0.532289624 -0.073385827
vn -0.259160519 -0.950255275 -0.172773689
v 0.161454931 0.532289624 -0.061644189
vn -0.739424348 -0.668628395 -0.078662165
v 0.165368691 0.536203504 -0.083170526
vn 0.447571933 -0.855883181 -0.259120584
v 0.163411990 0.530332685 -0.063601129
vn -0.416368812 -0.887729704 -0.196400374
v 0.163411990 0.528375745 -0.053814523
vn -0.778514683 -0.605511367 -0.165139467
v 0.167325631 0.534246564 -0.073385827
vn 0.409410745 -0.850314617 -0.330677897
v 0.169283047 0.530332685 -0.063601129
vn 0.370619118 -0.851635456 -0.370619118
v 0.165368691 0.526418805 -0.055771463
vn -0.268324465 -0.915459931 -0.299892068
v 0.163411990 0.526418805 -0.047943704
vn -0.784464598 -0.588348448 -0.196116149
v 0.173196927 0.542075276 -0.083170526
vn 0.857842386 -0.393505692 -0.330544770
v 0.177109852 0.536203504 -0.061644189
vn 0.904558897 -0.369689316 -0.212374702
v 0.175153866 0.538160443 -0.073385827
vn 0.803149581 -0.519685030 -0.291338593
v 0.169283047 0.544032216 -0.092955463
vn 0.833406508 -0.424565583 -0.353804648
v 0.173196927 0.544032216 -0.083170526
vn 0.911494613 -0.282877624 -0.298593074
v 0.165368691 0.544032216 -0.104696862
vn 0.825825036 -0.432574987 -0.361790001
v 0.169283047 0.547946095 -0.094912164
vn 0.922347069 0.007883308 -0.386282116
v 0.161454931 0.549903035 -0.114481561
v 0.165368691 0.547946095 -0.104696862
vn 0.931679010 0.007895585 -0.363196909
v 0.157540932 0.549903035 -0.124268167
vn 0.889405429 -0.023612533 -0.456508964
v 0.161454931 0.553816915 -0.114481561
vn 0.527003884 0.841633081 -0.117985949
v 0.169283047 0.551859975 -0.092955463
vn 0.425778031 0.883095145 -0.197119460
v 0.165368691 0.551859975 -0.104696862
vn 0.675554693 0.714831173 -0.180671602
v 0.151670590 0.547946095 -0.134052873
vn 0.910008371 -0.094957396 -0.403568923
v 0.155583993 0.553816915 -0.124268167
vn 0.228679880 0.946261644 -0.228679880
v 0.157540932 0.551859975 -0.112524621
vn -0.267153949 0.950753808 0.157149374
v 0.151670590 0.551859975 -0.132095933
vn 0.458860189 0.806961000 -0.371834993
v 0.151670590 0.551859975 -0.124268167
vn -0.314570785 0.943712413 0.102235503
v 0.149713650 0.549903035 -0.137966752
vn 0.809494376 0.518705130 -0.275070906
v 0.147756711 0.551859975 -0.132095933
vn -0.110308066 0.992772579 -0.047274884
v 0.149713650 0.547946095 -0.139923692
vn 0.858640432 -0.023632307 -0.512033284
v 0.147756711 0.551859975 -0.139923692
vn 0.251345932 0.934692681 -0.251345932
v 0.139927998 0.549903035 -0.132095933
vn -0.276397139 0.955544472 -0.102661796
v 0.145799771 0.549903035 -0.120352380
vn -0.235310420 0.964772701 0.117655210
v 0.149713650 0.549903035 -0.110567681
vn -0.220966175 0.970672905 0.094699793
v 0.153627053 0.549903035 -0.102739923
vn -0.260149151 0.953880250 0.149782851
v 0.159497991 0.551859975 -0.102739923
vn -0.149750277 0.977317631 0.149750277
v 0.163411990 0.549903035 -0.092955463
vn -0.228502348 0.953406394 0.196984783
v 0.155583993 0.547946095 -0.089041449
vn -0.133783624 0.967963934 0.212479889
v 0.161454931 0.545989156 -0.079256646
vn -0.228679880 0.946261644 0.228679880
v 0.173196927 0.551859975 -0.085127465
vn 0.173030019 0.935935080 -0.306735039
v 0.167325631 0.547946095 -0.081213586
vn -0.369689316 0.904558897 0.212374702
v 0.169283047 0.545989156 -0.069471948
vn -0.173621714 0.915459931 0.363027215
v 0.163411990 0.544032216 -0.069471948
vn -0.299361140 0.905961275 0.299361140
v 0.163411990 0.540118337 -0.059687249
vn -0.338289171 0.881125331 0.330421984
v 0.175153866 0.551859975 -0.075342767
vn -0.569138885 0.648185968 0.505901217
v 0.175153866 0.547946095 -0.085127465
vn 0.810898006 -0.196819916 -0.551095724
v 0.179066792 0.549903035 -0.081213586
vn 0.755530894 -0.181012616 -0.629609108
v 0.175153866 0.545989156 -0.081213586
vn 0.668194413 -0.715361118 -0.204388902
v 0.177109852 0.553816915 -0.081213586
vn -0.023539010 0.808172643 -0.588475227
v 0.179066792 0.547946095 -0.079256646
vn 0.764229774 -0.583020687 -0.275752991
v 0.181023732 0.553816915 -0.079256646
vn 0.691116095 0.235607773 -0.683262467
v 0.175153866 0.545989156 -0.077299707
vn 0.559193850 -0.803348899 -0.204775214
v 0.177109852 0.545989156 -0.077299707
vn 0.481555641 -0.876273394 -0.015788710
v 0.175153866 0.542075276 -0.073385827
vn 0.991020679 0.000000000 -0.133709133
v 0.175153866 0.544032216 -0.071428888
vn 0.997467637 -0.007854076 -0.070686676
v 0.177109852 0.540118337 -0.061644189
vn 0.996883690 -0.007849478 -0.078494780
v 0.177109852 0.536203504 -0.051857583
vn 0.998484433 0.000000000 0.055034574
v 0.175153866 0.545989156 -0.071428888
vn 0.756562531 0.425566405 0.496494144
v 0.177109852 0.544032216 -0.063601129
vn 0.741630375 0.670623183 -0.015779369
v 0.177109852 0.540118337 -0.055771463
vn 0.599019766 -0.748774648 -0.283746183
v 0.177109852 0.532289624 -0.053814523
vn 0.888662577 -0.424670637 -0.173013955
v 0.177109852 0.538160443 -0.049900644
vn -0.750174046 -0.426414728 0.505380392
v 0.171239987 0.528375745 -0.055771463
vn 0.466042936 -0.829398513 -0.308062285
v 0.177109852 0.532289624 -0.045986764
vn 0.952165782 0.251812428 0.173121050
v 0.165368691 0.524461746 -0.049900644
vn -0.316296965 -0.885631502 -0.340019226
v 0.165368691 0.522504807 -0.044029824
vn -0.994998753 -0.094761789 -0.031587262
v 0.171239987 0.526418805 -0.049900644
vn 0.448360473 -0.810195208 -0.377566725
v 0.165368691 0.522504807 -0.045986764
vn -0.646571934 -0.662341952 -0.378481120
v 0.165368691 0.520547986 -0.040115945
vn -0.693968356 -0.346984178 -0.630880296
v 0.177109852 0.530332685 -0.047943704
vn 0.907511473 -0.378787398 -0.181502298
v 0.171239987 0.522504807 -0.044029824
vn 0.440849245 -0.708507717 -0.551061511
v 0.167325631 0.520547986 -0.042072885
vn -0.205362037 -0.726665676 -0.655578792
v 0.165368691 0.516634107 -0.040115945
vn -0.543627322 -0.141815826 -0.827259064
v 0.171239987 0.520547986 -0.042072885
vn 0.489480495 -0.647377372 -0.584218681
v 0.177109852 0.526418805 -0.042072885
vn 0.899536073 -0.410314709 -0.149922684
v 0.175153866 0.522504807 -0.038159005
vn 0.796436846 -0.591413498 0.126168206
v 0.169283047 0.516634107 -0.040115945
vn 0.522462070 -0.641203403 -0.562042475
v 0.171239987 0.518591046 -0.038159005
vn 0.726212740 -0.663063765 0.181553185
v 0.165368691 0.512720227 -0.040115945
vn -0.447158575 -0.862937629 -0.235346630
v 0.165368691 0.516634107 -0.038159005
vn -0.409157187 -0.487841278 0.771103978
v 0.169283047 0.516634107 -0.038159005
vn 0.479054332 -0.730361521 0.486907661
v 0.171239987 0.520547986 -0.036202066
vn 0.306167364 -0.345419616 0.887100339
v 0.167325631 0.518591046 -0.036202066
vn -0.055331215 -0.395222962 0.916917264
v 0.165368691 0.520547986 -0.036202066
vn -0.118308455 -0.118308455 0.985903800
v 0.169283047 0.520547986 -0.036202066
v 0.165368691 0.524461746 -0.036202066
vn -0.102071509 0.204143018 0.973605216
v 0.169283047 0.526418805 -0.036202066
vn -0.110541634 0.300041586 0.947499752
v 0.165368691 0.530332685 -0.040115945
vn -0.244786009 0.623809516 0.742254376
v 0.175153866 0.524461746 -0.036202066
vn 0.613488972 -0.070787191 0.786524355
v 0.173196927 0.526418805 -0.036202066
vn 0.181728780 0.260741293 0.948150218
v 0.171239987 0.530332685 -0.038159005
vn -0.078555301 0.652009010 0.754130900
v 0.165368691 0.534246564 -0.044029824
vn -0.055130083 0.842702687 0.535549343
v 0.177109852 0.528375745 -0.040115945
v 0.175153866 0.530332685 -0.038159005
vn 0.464725465 0.519862413 0.716779947
v 0.171239987 0.534246564 -0.044029824
vn -0.023610342 0.834232092 0.550907910
v 0.165368691 0.538160443 -0.051857583
vn -0.236161917 0.873799086 0.425091445
v 0.175153866 0.534246564 -0.044029824
vn 0.455916256 0.723177552 0.518801272
v 0.171239987 0.540118337 -0.051857583
vn -0.094714545 0.884002447 0.457786977
v 0.169283047 0.544032216 -0.063601129
vn -0.189612299 0.932260394 0.308119982
v 0.175153866 0.542075276 -0.057728402
vn -0.205112666 0.915118039 0.347113758
v 0.177109852 0.547946095 -0.073385827
vn 0.653340816 -0.118073650 0.747799754
v 0.179066792 0.553816915 -0.073385827
vn -0.433433801 -0.070925526 0.898390055
v 0.179066792 0.547946095 -0.077299707
vn 0.788085938 -0.583183646 0.197021484
v 0.181023732 0.551859975 -0.073385827
vn 0.402348876 -0.623246312 0.670581460
v 0.181023732 0.551859975 -0.077299707
vn 0.907765925 -0.394680828 -0.142085090
v 0.177109852 0.555771947 -0.075342767
vn -0.779793620 0.582876027 0.228424385
v 0.179066792 0.555771947 -0.077299707
vn -0.165139467 0.778514683 -0.605511367
v 0.184937611 0.557728887 -0.073385827
vn 0.865578473 -0.495740384 0.070820048
v 0.182980672 0.557728887 -0.075342767
vn 0.463005066 0.306054205 -0.831839681
v 0.181023732 0.559685826 -0.075342767
vn -0.331325501 0.638984919 -0.694205880
v 0.181023732 0.559685826 -0.073385827
vn -0.845407546 0.466159284 0.260733157
v 0.181023732 0.557728887 -0.071428888
vn -0.544455945 0.063125335 0.836410701
v 0.182980672 0.563599706 -0.073385827
vn -0.676557422 0.558553219 -0.479883760
v 0.184937611 0.561642766 -0.073385827
vn 0.094182119 0.243303820 -0.965366781
v 0.186894551 0.561642766 -0.073385827
vn 0.868839443 -0.276448876 -0.410724074
v 0.182980672 0.557728887 -0.071428888
vn 0.353608012 -0.337892056 0.872233033
v 0.182980672 0.561642766 -0.071428888
vn -0.486308187 0.243154094 0.839273810
v 0.184937611 0.561642766 -0.071428888
vn 0.323135316 -0.212796450 0.922117889
v 0.184937611 0.563599706 -0.071428888
v 0.184937611 0.565556645 -0.071428888
vn -0.338320553 0.692377031 0.637301564
v 0.186894551 0.563599706 -0.071428888
vn 0.699985027 -0.141569987 0.699985027
v 0.184937611 0.565556645 -0.073385827
vn -0.299249738 0.716624320 -0.629999399
v 0.186894551 0.565556645 -0.071428888
vn 0.577350318 0.577350318 0.577350318
v 0.186894551 0.565556645 -0.073385827
vn 0.577350318 0.577350318 -0.577350318
v 0.141884938 0.491192907 -0.118395440
vn -0.221269563 0.972005606 0.079024844
vn -1.000000000 0.000000000 0.000000000
v 0.141884938 0.487279028 -0.118395440
vn -0.667946756 -0.691521406 0.275036901
v 0.143841878 0.489235967 -0.122311227
vn -0.157202780 0.825314701 -0.542349577
v 0.145799771 0.487279028 -0.120352380
vn 0.915459931 0.078918956 0.394594818
v 0.143841878 0.485322088 -0.120352380
vn -0.329110742 -0.713073313 0.619041622
v 0.145799771 0.485322088 -0.124268167
vn 0.810521364 0.503624916 -0.299027294
v 0.143841878 0.485322088 -0.124268167
vn -0.783934116 0.439003110 -0.439003110
v 0.145799771 0.483365148 -0.122311227
vn 0.715648651 -0.408942044 0.566227436
v 0.143841878 0.483365148 -0.122311227
vn -0.671438694 -0.600345194 0.434460342
v 0.145799771 0.481408209 -0.126225114
vn 0.706801474 -0.651827991 0.274867207
v 0.145799771 0.483365148 -0.128182054
vn 0.749403417 0.615299642 -0.244542167
v 0.143841878 0.483365148 -0.128182054
vn -0.762810707 0.629122198 -0.149416536
v 0.143841878 0.481408209 -0.126225114
vn -0.709299386 -0.630488336 0.315244168
v 0.143841878 0.483365148 -0.130138993
vn -0.535565913 0.795472860 -0.283534884
v 0.145799771 0.481408209 -0.130138993
vn 0.952696860 -0.181091145 -0.244079366
v 0.143841878 0.481408209 -0.134052873
vn -0.180777624 -0.180777624 -0.966767311
v 0.143841878 0.481408209 -0.130138993
v 0.143841878 0.479451269 -0.130138993
vn -0.378375292 -0.922289729 0.078828186
v 0.141884938 0.481408209 -0.134052873
vn -0.734266460 0.568464339 0.371080905
v 0.143841878 0.479451269 -0.134052873
vn 0.203872964 -0.564571321 -0.799809337
v 0.143841878 0.481408209 -0.132095933
vn -0.787303925 -0.614097118 -0.055111278
v 0.143841878 0.479451269 -0.132095933
vn -0.950401843 -0.219927698 0.219927698
v 0.161454931 0.493149847 -0.047943704
vn -0.228084996 0.110110000 -0.967395008
v 0.163411990 0.499020666 -0.044029824
vn 0.423467577 0.250943750 -0.870461166
v 0.161454931 0.499020666 -0.044029824
vn -0.933163643 0.276785821 -0.229336843
v 0.163411990 0.506848454 -0.042072885
vn -0.656439364 0.371718675 -0.656439364
v 0.163411990 0.506848454 -0.040115945
vn -0.676829755 0.078701138 0.731920540
v 0.165368691 0.506848454 -0.042072885
vn 0.730925202 0.094312936 -0.675909340
v 0.165368691 0.506848454 -0.040115945
vn 0.698345363 -0.156931534 0.698345363
vn 0.969677091 -0.244390160 0.000000000
v 0.181023732 0.528375745 -0.030331247
vn 0.000000000 0.707106829 0.707106829
v 0.179066792 0.528375745 -0.030331247
vn 0.370884448 -0.386666745 0.844353974
v 0.181023732 0.530332685 -0.032288186
vn 0.863681972 0.157033086 0.478950918
v 0.179066792 0.530332685 -0.032288186
vn -0.039461937 0.805023432 0.591929078
v 0.177109852 0.530332685 -0.032288186
vn -0.661663532 0.638032675 0.393847376
v 0.177109852 0.528375745 -0.030331247
vn -0.544710457 -0.323668540 0.773646712
v 0.177109852 0.528375745 -0.032288186
vn -0.645109594 -0.731648684 -0.220281333
v 0.179066792 0.528375745 -0.032288186
vn 0.330708653 -0.921259820 -0.204724401
v 0.177109852 0.532289624 -0.038159005
vn -0.997744679 -0.023568772 0.062850058
v 0.179066792 0.530332685 -0.038159005
vn 0.007883308 -0.922347069 -0.386282116
v 0.179066792 0.534246564 -0.038159005
vn 0.031477530 0.897109628 0.440685421
v 0.181023732 0.532289624 -0.038159005
vn 0.996086419 -0.015810896 -0.086959928
v 0.179066792 0.536203504 -0.044029824
vn 0.086283140 0.894207060 0.439259589
v 0.181023732 0.536203504 -0.044029824
vn 0.870862901 0.431508660 0.235368356
v 0.177109852 0.536203504 -0.044029824
vn -0.738260388 0.596891403 0.314153343
v 0.177109852 0.536203504 -0.045986764
vn -0.904558897 -0.369689316 -0.212374702
v 0.179066792 0.534246564 -0.045986764
vn 0.070680141 -0.887428463 -0.455494255
v 0.181023732 0.538160443 -0.049900644
vn 0.996975899 -0.054951429 -0.054951429
v 0.177109852 0.540118337 -0.049900644
vn -0.619250894 0.666282535 0.415446788
v 0.179066792 0.538160443 -0.051857583
vn -0.007872797 -0.928989947 -0.370021433
v 0.179066792 0.540118337 -0.057728402
vn 0.512494683 -0.741146088 -0.433649361
v 0.179066792 0.540118337 -0.049900644
vn 0.323597938 0.836619139 0.441987455
v 0.177109852 0.542075276 -0.055771463
vn -0.354484618 0.858640552 0.370239496
v 0.177109852 0.544032216 -0.059687249
vn -0.047120094 0.997375369 0.054973446
v 0.181023732 0.542075276 -0.055771463
vn 0.235702276 0.942809105 0.235702276
v 0.179066792 0.542075276 -0.053814523
vn 0.448027968 0.754573405 0.479468524
v 0.179066792 0.542075276 -0.059687249
vn 0.892813563 -0.007901005 -0.450357288
vn 0.260733157 -0.956021607 -0.134317085
v 0.179066792 0.542075276 -0.055771463
vn 0.771749318 -0.629999399 -0.086624928
v 0.179066792 0.542075276 -0.051857583
v 0.181023732 0.542075276 -0.051857583
v 0.181023732 0.542075276 -0.047943704
v 0.181023732 0.542075276 -0.049900644
v 0.182980672 0.542075276 -0.049900644
v 0.181023732 0.542075276 -0.045986764
v 0.182980672 0.542075276 -0.045986764
v 0.182980672 0.542075276 -0.047943704
v 0.182980672 0.542075276 -0.044029824
v 0.147756711 0.547946095 -0.141880631
vn 0.961226106 0.000000000 -0.275761575
v 0.147756711 0.545989156 -0.141880631
vn 0.964735925 -0.221414790 -0.142338067
v 0.145799771 0.542075276 -0.141880631
vn 0.691970229 -0.605473936 -0.393164903
v 0.147756711 0.549903035 -0.145794511
v 0.147756711 0.547946095 -0.147751451
vn 0.912820041 -0.369849503 -0.173121050
v 0.145799771 0.544032216 -0.143837571
vn -0.363230854 -0.797528565 -0.481675714
v 0.141884938 0.538160443 -0.141880631
vn 0.881207049 -0.448471427 -0.149490491
v 0.141884938 0.540118337 -0.145794511
vn 0.401028156 -0.188719139 -0.896415949
v 0.143841878 0.545989156 -0.145794511
vn 0.196624994 0.235950008 -0.951665044
v 0.145799771 0.545989156 -0.143837571
vn -0.521450043 0.000000000 -0.853281856
v 0.145799771 0.545989156 -0.147751451
vn -0.409131885 -0.794660032 -0.448471487
v 0.137971058 0.532289624 -0.143837571
vn -0.386018276 -0.126046792 -0.913839221
v 0.145799771 0.549903035 -0.141880631
vn -0.643974662 0.730361521 -0.227747127
v 0.139927998 0.545989156 -0.143837571
vn -0.440849245 0.551061511 -0.708507717
v 0.137971058 0.540118337 -0.143837571
vn -0.589747369 0.094359569 -0.802056313
v 0.134057179 0.532289624 -0.139923692
vn -0.936079741 0.062929735 -0.346113533
v 0.136014119 0.545989156 -0.141880631
vn -0.363027185 0.584000289 -0.726054370
v 0.143841878 0.549903035 -0.137966752
vn -0.425778031 0.883095145 -0.197119460
v 0.145799771 0.549903035 -0.145794511
vn -0.936514497 0.346274287 0.055089090
v 0.147756711 0.551859975 -0.145794511
vn 0.425091445 0.897415280 0.118080959
v 0.145799771 0.547946095 -0.147751451
v 0.147756711 0.551859975 -0.151665330
vn 0.707106829 0.707106829 0.000000000
v 0.145799771 0.551859975 -0.151665330
vn -0.706910491 0.706910491 0.023563681
v 0.145799771 0.551859975 -0.155579209
v 0.147756711 0.551859975 -0.155579209
vn -0.315597177 0.063119434 0.946791589
v 0.147756711 0.549903035 -0.151665330
vn 0.741146147 -0.559801817 -0.370573074
vn 0.512176335 0.000000000 0.858880401
v 0.145799771 0.553816915 -0.155579209
vn 0.000000000 -0.894427299 -0.447213650
v 0.145799771 0.549903035 -0.151665330
vn -0.744417250 -0.540681958 -0.391798556
f 2699//2646 2700//2647 2701//2648
f 2701//2648 2700//2647 2702//2649
f 2701//2650 2702//2650 2699//2646
f 2702//2650 2701//2650 2703//2651
f 2704//2652 2699//2646 2702//2649
f 2704//2652 2702//2649 2700//2647
f 2699//2646 2704//2652 2705//2653
f 2706//2654 2700//2647 2699//2646
f 2706//2654 2699//2646 2705//2653
f 2704//2652 2700//2647 2707//2655
f 2707//2655 2700//2647 2706//2654
f 2705//2653 2704//2652 2708//2656
f 2708//2656 2704//2652 2707//2655
f 2705//2653 2708//2656 2709//2657
f 2705//2653 2709//2657 2706//2654
f 2708//2656 2707//2655 2710//2658
f 2708//2656 2710//2658 2709//2657
f 2707//2655 2706//2654 2711//2659
f 2707//2655 2711//2659 2710//2658
f 2711//2659 2706//2654 2709//2657
f 2710//2658 2711//2659 2712//2660
f 2711//2659 2709//2657 2713//2661
f 2711//2659 2713//2661 2712//2660
f 2709//2657 2710//2658 2714//2662
f 2714//2662 2710//2658 2712//2660
f 2709//2657 2714//2662 2715//2663
f 2709//2657 2715//2663 2713//2661
f 2715//2663 2714//2662 2716//2664
f 2715//2663 2716//2664 2713//2661
f 2714//2662 2712//2660 2717//2665
f 2714//2662 2717//2665 2716//2664
f 2717//2665 2712//2660 2718//2666
f 2718//2666 2712//2660 2713//2661
f 2718//2666 2713//2661 2719//2667
f 2719//2667 2713//2661 2716//2664
f 2718//2666 2719//2667 2720//2668
f 2720//2668 2719//2667 2716//2664
f 2717//2665 2718//2666 2721//2669
f 2721//2669 2718//2666 2720//2668
f 2717//2665 2721//2669 2722//2670
f 2717//2665 2722//2670 2716//2664
f 2716//2664 2722//2670 2723//2671
f 2716//2664 2723//2671 2720//2668
f 2723//2671 2722//2670 2724//2672
f 2724//2672 2722//2670 2721//2669
f 2723//2671 2724//2672 2720//2668
f 2721//2669 2720//2668 2725//2673
f 2721//2669 2725//2673 2724//2672
f 2725//2673 2720//2668 2726//2674
f 2726//2674 2720//2668 2724//2672
f 2725//2673 2726//2674 2727//2675
f 2725//2673 2727//2675 2724//2672
f 2727//2675 2726//2674 2728//2676
f 2728//2676 2726//2674 2724//2672
f 2728//2676 2724//2672 2729//2677
f 2729//2677 2724//2672 2730//2678
f 2728//2676 2729//2677 2731//2679
f 2731//2679 2729//2677 2730//2678
f 2730//2678 2724//2672 2732//2680
f 2732//2680 2724//2672 2727//2675
f 2730//2678 2732//2680 2731//2679
f 2733//2681 2727//2675 2728//2676
f 2733//2681 2728//2676 2731//2679
f 2734//2682 2735//2682 2731//2679
f 2727//2675 2733//2681 2736//2683
f 2727//2675 2736//2683 2732//2680
f 2732//2680 2736//2683 2731//2679
f 2733//2681 2731//2679 2735//2684
f 2733//2681 2735//2684 2736//2683
f 2731//2679 2736//2683 2734//2685
f 2734//2685 2736//2683 2735//2684
f 2737//2686 2738//2687 2735//2684
f 2735//1037 2734//1037 2737//2686
f 2735//2684 2738//2687 2739//2688
f 2734//877 2735//877 2739//2688
f 2740//2689 2737//2686 2734//2685
f 2737//2686 2740//2689 2738//2687
f 2740//2689 2734//2685 2741//2690
f 2734//2691 2739//2691 2741//2690
f 2738//2687 2740//2689 2742//2692
f 2740//2689 2741//2690 2743//2693
f 2740//2689 2743//2693 2742//2692
f 2744//2694 2741//2690 2739//2688
f 2741//2690 2744//2694 2743//2693
f 2744//2694 2739//2688 2738//2687
f 2744//2694 2738//2687 2745//2695
f 2744//2694 2745//2695 2743//2693
f 2745//2695 2738//2687 2742//2692
f 2745//2695 2742//2692 2746//2696
f 2745//2695 2746//2696 2743//2693
f 2746//2696 2742//2692 2747//2697
f 2747//2697 2742//2692 2748//2698
f 2748//2698 2742//2692 2743//2693
f 2747//2697 2748//2698 2749//2699
f 2747//2697 2749//2699 2746//2696
f 2748//2698 2743//2693 2750//2700
f 2748//2698 2750//2700 2751//2701
f 2748//2698 2751//2701 2749//2699
f 2750//2700 2743//2693 2752//2702
f 2752//2702 2743//2693 2753//877
f 2753//877 2743//2693 2746//2696
f 2750//2700 2752//2702 2754//2703
f 2750//2700 2754//2703 2751//2701
f 2752//2702 2753//877 2755//2704
f 2752//2702 2755//2704 2754//2703
f 2753//877 2746//2696 2756//2705
f 2753//877 2756//2705 2755//2704
f 2757//2706 2746//2696 2749//2699
f 2756//2705 2746//2696 2758//2707
f 2758//2707 2746//2696 2757//2706
f 2757//2706 2749//2699 2759//2708
f 2757//2706 2759//2708 2758//2707
f 2760//2709 2749//2699 2751//2701
f 2749//2699 2760//2709 2759//2708
f 2760//2709 2751//2701 2761//2710
f 2761//2710 2751//2701 2754//2703
f 2760//2709 2761//2710 2762//2711
f 2761//2710 2754//2703 2763//2712
f 2763//2712 2754//2703 2755//2704
f 2761//2710 2763//2712 2762//2711
f 2763//2712 2755//2704 2764//2713
f 2764//2713 2755//2704 2756//2705
f 2763//2712 2764//2713 2765//2714
f 2763//2712 2765//2714 2762//2711
f 2764//2713 2756//2705 2766//2715
f 2766//2715 2756//2705 2758//2707
f 2764//2713 2766//2715 2767//2716
f 2764//2713 2767//2716 2765//2714
f 2766//2715 2758//2707 2768//2717
f 2768//2717 2758//2707 2759//2708
f 2767//2716 2766//2715 2769//2718
f 2769//2718 2766//2715 2768//2717
f 2765//2714 2767//2716 2770//2719
f 2770//2719 2767//2716 2769//2718
f 2771//2720 2762//2711 2765//2714
f 2769//2718 2768//2717 2772//2721
f 2772//2721 2768//2717 2759//2708
f 2771//2720 2765//2714 2773//2722
f 2773//2722 2765//2714 2770//2719
f 2771//2720 2773//2722 2774//2723
f 2762//2711 2771//2720 2775//2724
f 2774//2723 2773//2722 2776//2725
f 2774//2723 2776//2725 2777//2726
f 2776//2725 2773//2722 2778//2727
f 2778//2727 2773//2722 2770//2719
f 2777//2726 2776//2725 2779//2728
f 2777//2726 2779//2728 2780//2729
f 2776//2725 2778//2727 2781//2730
f 2776//2725 2781//2730 2779//2728
f 2781//2730 2778//2727 2782//2731
f 2779//2728 2781//2730 2783//2732
f 2783//2732 2781//2730 2782//2731
f 2780//2729 2779//2728 2784//2733
f 2784//2733 2779//2728 2783//2732
f 2780//2729 2784//2733 2785//2734
f 2786//2735 2778//2727 2770//2719
f 2778//2727 2786//2735 2782//2731
f 2785//2734 2784//2733 2787//2736
f 2785//2734 2787//2736 2788//2737
f 2784//2733 2783//2732 2789//2738
f 2784//2733 2789//2738 2787//2736
f 2788//2737 2787//2736 2790//2739
f 2788//2737 2790//2739 2791//2740
f 2787//2736 2789//2738 2792//2741
f 2787//2736 2792//2741 2790//2739
f 2791//2740 2790//2739 2793//2742
f 2793//2742 2790//2739 2792//2741
f 2791//2740 2793//2742 2794//969
f 2795//2743 2789//2738 2783//2732
f 2789//2738 2795//2743 2792//2741
f 2795//2743 2783//2732 2796//2744
f 2796//2744 2783//2732 2782//2731
f 2794//969 2793//2742 2797//2745
f 2794//969 2797//2745 2798//969
f 2799//2746 2793//2742 2792//2741
f 2793//2742 2799//2746 2797//2745
f 2798//969 2797//2745 2800//2747
f 2798//969 2800//2747 2801//2748
f 2797//2745 2799//2746 2802//2749
f 2797//2745 2802//2749 2800//2747
f 2801//2748 2800//2747 2803//2750
f 2801//2748 2803//2750 2804//2751
f 2800//2747 2802//2749 2805//2752
f 2803//2750 2800//2747 2806//2753
f 2806//2753 2800//2747 2805//2752
f 2804//2751 2803//2750 2807//2754
f 2807//2754 2803//2750 2806//2753
f 2804//2751 2807//2754 2808//2755
f 2805//2752 2802//2749 2809//2756
f 2809//2756 2802//2749 2799//2746
f 2806//2753 2805//2752 2810//2757
f 2805//2752 2809//2756 2811//2758
f 2805//2752 2811//2758 2810//2757
f 2809//2756 2799//2746 2812//2759
f 2812//2759 2799//2746 2792//2741
f 2811//2758 2809//2756 2813//2760
f 2813//2760 2809//2756 2812//2759
f 2812//2759 2792//2741 2814//2761
f 2814//2761 2792//2741 2795//2743
f 2812//2759 2814//2761 2815//2762
f 2812//2759 2815//2762 2813//2760
f 2814//2761 2795//2743 2816//337
f 2816//337 2795//2743 2796//2744
f 2814//2761 2816//337 2817//2763
f 2814//2761 2817//2763 2815//2762
f 2816//337 2796//2744 2818//2764
f 2818//2764 2796//2744 2782//2731
f 2817//2763 2816//337 2819//2765
f 2819//2765 2816//337 2818//2764
f 2815//2762 2817//2763 2820//2766
f 2817//2763 2819//2765 2821//2767
f 2817//2763 2821//2767 2820//2766
f 2818//2764 2782//2731 2822//2768
f 2819//2765 2818//2764 2823//2769
f 2822//2768 2782//2731 2786//2735
f 2821//2767 2819//2765 2824//2770
f 2824//2770 2819//2765 2823//2769
f 2818//2764 2822//2768 2825//2771
f 2818//2764 2825//2771 2823//2769
f 2823//2769 2825//2771 2826//2772
f 2823//2769 2826//2772 2824//2770
f 2825//2771 2822//2768 2827//2773
f 2826//2772 2825//2771 2828//2774
f 2828//2774 2825//2771 2827//2773
f 2827//2773 2822//2768 2829//2775
f 2829//2775 2822//2768 2786//2735
f 2828//2774 2827//2773 2830//2776
f 2830//2776 2827//2773 2829//2775
f 2826//2772 2828//2774 2831//2777
f 2826//2772 2831//2777 2832//2778
f 2826//2772 2832//2778 2824//2770
f 2824//2770 2832//2778 2833//2779
f 2824//2770 2833//2779 2834//2780
f 2824//2770 2834//2780 2835//2781
f 2824//2770 2835//2781 2821//2767
f 2835//2781 2834//2780 2836//2782
f 2835//2781 2836//2782 2821//2767
f 2836//2782 2834//2780 2837//2783
f 2821//2767 2836//2782 2820//2766
f 2836//2782 2837//2783 2838//2784
f 2820//2766 2836//2782 2839//2785
f 2820//2766 2839//2785 2815//2762
f 2836//2782 2838//2784 2840//2786
f 2836//2782 2840//2786 2839//2785
f 2840//2786 2838//2784 2841//2787
f 2841//2787 2838//2784 2842//2788
f 2841//2787 2842//2788 2843//2789
f 2840//2786 2841//2787 2844//2790
f 2840//2786 2844//2790 2839//2785
f 2845//2791 2815//2762 2839//2785
f 2815//2762 2845//2791 2813//2760
f 2845//2791 2839//2785 2846//2792
f 2813//2760 2845//2791 2847//2793
f 2847//2793 2845//2791 2846//2792
f 2846//2792 2839//2785 2848//2794
f 2848//2794 2839//2785 2844//2790
f 2847//2793 2846//2792 2849//2795
f 2846//2792 2848//2794 2850//2796
f 2846//2792 2850//2796 2849//2795
f 2813//2760 2847//2793 2851//2797
f 2851//2797 2847//2793 2852//2798
f 2852//2798 2847//2793 2849//2795
f 2813//2760 2851//2797 2853//2799
f 2813//2760 2853//2799 2811//2758
f 2811//2758 2853//2799 2810//2757
f 2853//2799 2851//2797 2854//2800
f 2854//2800 2851//2797 2852//2798
f 2810//2757 2853//2799 2855//2801
f 2855//2801 2853//2799 2854//2800
f 2810//2757 2855//2801 2856//2802
f 2854//2800 2852//2798 2857//2803
f 2855//2801 2854//2800 2858//2804
f 2858//2804 2854//2800 2857//2803
f 2855//2801 2858//2804 2859//2805
f 2855//2801 2859//2805 2856//2802
f 2810//2757 2856//2802 2860//2806
f 2810//2757 2860//2806 2806//2753
f 2856//2802 2859//2805 2861//2807
f 2806//2753 2860//2806 2862//2808
f 2806//2753 2862//2808 2807//2754
f 2860//2806 2856//2802 2863//2809
f 2807//2754 2862//2808 2864//2810
f 2807//2754 2864//2810 2808//2755
f 2808//2755 2864//2810 2865//2811
f 2864//2810 2862//2808 2866//2812
f 2866//2812 2862//2808 2860//2806
f 2865//2811 2864//2810 2867//2813
f 2867//2813 2864//2810 2866//2812
f 2865//2811 2867//2813 2868//2814
f 2866//2812 2860//2806 2869//2815
f 2869//2815 2860//2806 2863//2809
f 2867//2813 2866//2812 2870//2816
f 2870//2816 2866//2812 2869//2815
f 2868//2814 2867//2813 2871//2817
f 2868//2814 2871//2817 2872//2818
f 2867//2813 2870//2816 2873//2819
f 2867//2813 2873//2819 2871//2817
f 2870//2816 2869//2815 2874//2820
f 2874//2820 2869//2815 2863//2809
f 2873//2819 2870//2816 2875//2821
f 2875//2821 2870//2816 2874//2820
f 2871//2817 2873//2819 2876//2822
f 2871//2817 2876//2822 2872//2818
f 2873//2819 2875//2821 2877//2823
f 2873//2819 2877//2823 2876//2822
f 2872//2818 2876//2822 2878//2824
f 2872//2818 2878//2824 2879//2825
f 2876//2822 2877//2823 2880//2826
f 2876//2822 2880//2826 2878//2824
f 2878//2824 2880//2826 2879//2825
f 2880//2826 2877//2823 2881//2827
f 2881//2827 2877//2823 2875//2821
f 2879//2825 2880//2826 2882//2828
f 2882//2828 2880//2826 2881//2827
f 2879//2825 2882//2828 2883//2829
f 2883//2829 2882//2828 2884//875
f 2884//875 2882//2828 2881//2827
f 2883//2829 2884//875 2885//2830
f 2885//2830 2884//875 2886//2831
f 2886//2831 2884//875 2881//2827
f 2885//2830 2886//2831 2887//2832
f 2888//2833 2881//2827 2875//2821
f 2888//2833 2875//2821 2874//2820
f 2886//2831 2881//2827 2889//2834
f 2889//2834 2881//2827 2888//2833
f 2887//2832 2886//2831 2890//2835
f 2890//2835 2886//2831 2889//2834
f 2887//2832 2890//2835 2891//2836
f 2888//2833 2874//2820 2892//2704
f 2888//2833 2892//2704 2889//2834
f 2892//2704 2874//2820 2863//2809
f 2889//2834 2892//2704 2893//2837
f 2893//2837 2892//2704 2863//2809
f 2889//2834 2893//2837 2890//2835
f 2891//2836 2890//2835 2894//2838
f 2894//2838 2890//2835 2893//2837
f 2891//2836 2894//2838 2895//2839
f 2893//2837 2863//2809 2896//2840
f 2893//2837 2896//2840 2894//2838
f 2896//2840 2863//2809 2856//2802
f 2895//2839 2894//2838 2897//2841
f 2897//2841 2894//2838 2896//2840
f 2895//2839 2897//2841 2843//2789
f 2896//2840 2856//2802 2861//2807
f 2896//2840 2861//2807 2897//2841
f 2843//2789 2897//2841 2898//2842
f 2843//2789 2898//2842 2841//2787
f 2898//2842 2897//2841 2899//2843
f 2899//2843 2897//2841 2861//2807
f 2841//2787 2898//2842 2857//2803
f 2841//2787 2857//2803 2844//2790
f 2857//2803 2898//2842 2858//2804
f 2858//2804 2898//2842 2899//2843
f 2844//2790 2857//2803 2900//2844
f 2900//2844 2857//2803 2852//2798
f 2844//2790 2900//2844 2901//2845
f 2900//2844 2852//2798 2902//2846
f 2900//2844 2902//2846 2901//2845
f 2902//2846 2852//2798 2849//2795
f 2902//2846 2849//2795 2903//2847
f 2902//2846 2903//2847 2901//2845
f 2903//2847 2849//2795 2904//2848
f 2904//2848 2849//2795 2850//2796
f 2844//2790 2901//2845 2905//2849
f 2844//2790 2905//2849 2848//2794
f 2906//2850 2850//2796 2848//2794
f 2906//2850 2848//2794 2905//2849
f 2904//2848 2850//2796 2907//2851
f 2850//2796 2906//2850 2908//2852
f 2850//2796 2908//2852 2907//2851
f 2906//2850 2905//2849 2909//2853
f 2906//2850 2909//2853 2908//2852
f 2910//2854 2905//2849 2901//2845
f 2905//2849 2910//2854 2909//2853
f 2910//2854 2901//2845 2911//2855
f 2911//2855 2901//2845 2903//2847
f 2909//2853 2910//2854 2912//2856
f 2912//2856 2910//2854 2911//2855
f 2908//2852 2909//2853 2913//2857
f 2913//2857 2909//2853 2912//2856
f 2908//2852 2913//2857 2914//2858
f 2908//2852 2914//2858 2907//2851
f 2911//2855 2903//2847 2915//2859
f 2915//2859 2903//2847 2904//2848
f 2915//2859 2904//2848 2907//2851
f 2911//2855 2915//2859 2916//2860
f 2911//2855 2916//2860 2912//2856
f 2915//2859 2907//2851 2917//2861
f 2915//2859 2917//2861 2916//2860
f 2917//2861 2907//2851 2914//2858
f 2916//2860 2917//2861 2918//875
f 2912//2856 2916//2860 2919//2862
f 2919//2862 2916//2860 2918//875
f 2918//875 2917//2861 2920//2863
f 2918//875 2920//2863 2919//2862
f 2920//2863 2917//2861 2914//2858
f 2912//2856 2919//2862 2921//2864
f 2912//2856 2921//2864 2913//2857
f 2919//2862 2920//2863 2922//2865
f 2922//2865 2920//2863 2914//2858
f 2919//2862 2922//2865 2921//2864
f 2923//2866 2914//2858 2913//2857
f 2914//2858 2923//2866 2922//2865
f 2923//2866 2913//2857 2921//2864
f 2923//2866 2921//2864 2922//2865
f 2924//2867 2739//2868 2734//2868
f 2734//2868 2739//2868 2925//2869
f 2926//2870 2739//2688 2924//2867
f 2739//2688 2926//2870 2925//2869
f 2926//2870 2924//2867 2734//2685
f 2927//2871 2734//2685 2925//2869
f 2734//2685 2927//2871 2926//2870
f 2927//2871 2925//2869 2928//2872
f 2928//2872 2925//2869 2926//2870
f 2926//2870 2927//2871 2929//2873
f 2929//2873 2927//2871 2928//2872
f 2928//2872 2926//2870 2930//2874
f 2930//2874 2926//2870 2929//2873
f 2929//2873 2928//2872 2931//2875
f 2928//2872 2930//2874 2932//2876
f 2928//2872 2932//2876 2931//2875
f 2929//2873 2931//2875 2933//2877
f 2933//2877 2931//2875 2932//2876
f 2930//2874 2929//2873 2934//2878
f 2934//2878 2929//2873 2933//2877
f 2932//2876 2930//2874 2935//2879
f 2935//2879 2930//2874 2934//2878
f 2932//2876 2935//2879 2936//2880
f 2932//2876 2936//2880 2933//2877
f 2935//2879 2934//2878 2937//2881
f 2935//2879 2937//2881 2936//2880
f 2934//2878 2933//2877 2938//2882
f 2937//2881 2934//2878 2939//2883
f 2939//2883 2934//2878 2938//2882
f 2936//2880 2937//2881 2940//2868
f 2940//2868 2937//2881 2939//2883
f 2941//2884 2933//2877 2936//2880
f 2941//2884 2936//2880 2940//2868
f 2933//2877 2941//2884 2938//2882
f 2940//2868 2939//2883 2942//2885
f 2938//2882 2941//2884 2943//2886
f 2944//2887 2939//2883 2938//2882
f 2941//2884 2940//2868 2944//2887
f 2944//2887 2938//2882 2943//2886
f 2941//2884 2944//2887 2945//2888
f 2945//2888 2944//2887 2942//2885
f 2945//2888 2942//2885 2943//2886
f 2942//2866 2944//2866 2943//2886
f 2942//878 2944//878 2940//2868
f 2944//878 2942//878 2939//2883
f 2946//2889 2702//2868 2701//2868
f 2947//2890 2702//2649 2946//2889
f 2947//2890 2946//2889 2948//2891
f 2948//2891 2946//2889 2701//2648
f 2948//2891 2701//2648 2703//2651
f 2947//2890 2948//2891 2949//2892
f 2949//2892 2948//2891 2950//2893
f 2950//2893 2948//2891 2703//2651
f 2947//2890 2949//2892 2951//2894
f 2947//2890 2951//2894 2703//2651
f 2951//2894 2949//2892 2878//2824
f 2878//2824 2949//2892 2950//2893
f 2951//2894 2878//2824 2952//2895
f 2952//2895 2878//2824 2950//2893
f 2951//2894 2952//2895 2703//2651
f 2703//2651 2952//2895 2950//2893
f 2947//2896 2703//2651 2702//2896
f 2701//2896 2702//2896 2947//2896
f 2953//2897 2954//2898 2955//2899
f 2954//2898 2953//2897 2956//2900
f 2956//2900 2953//2897 2955//2899
f 2954//2898 2956//2900 2957//2901
f 2954//2898 2957//2901 2958//2902
f 2958//2902 2957//2901 2959//2903
f 2954//2898 2958//2902 2960//2904
f 2960//2904 2958//2902 2959//2903
f 2954//2898 2960//2904 2955//2899
f 2959//2903 2957//2901 2961//2905
f 2961//2905 2957//2901 2956//2900
f 2959//2903 2961//2905 2960//2904
f 2955//2899 2960//2904 2962//2906
f 2962//2906 2960//2904 2961//2905
f 2963//2907 2956//2900 2955//2899
f 2956//2900 2963//2907 2961//2905
f 2963//2907 2955//2899 2964//2908
f 2964//2908 2955//2899 2962//2906
f 2963//2907 2964//2908 2965//2909
f 2964//2908 2962//2906 2966//2910
f 2964//2908 2966//2910 2965//2909
f 2961//2905 2963//2907 2967//2911
f 2967//2911 2963//2907 2965//2909
f 2968//2912 2962//2906 2961//2905
f 2968//2912 2961//2905 2967//2911
f 2966//2910 2962//2906 2969//2913
f 2969//2913 2962//2906 2968//2912
f 2965//2909 2966//2910 2970//2914
f 2970//2914 2966//2910 2969//2913
f 2967//2911 2965//2909 2971//2915
f 2968//2912 2967//2911 2861//2807
f 2861//2807 2967//2911 2971//2915
f 2969//2913 2968//2912 2972//2916
f 2972//2916 2968//2912 2861//2807
f 2969//2913 2972//2916 2970//2914
f 2861//2807 2971//2915 2899//2843
f 2972//2916 2861//2807 2973//2917
f 2972//2916 2973//2917 2970//2914
f 2973//2917 2861//2807 2859//2805
f 2973//2917 2859//2805 2858//2804
f 2974//2918 2971//2915 2965//2909
f 2974//2918 2965//2909 2970//2914
f 2899//2843 2971//2915 2975//2919
f 2975//2919 2971//2915 2974//2918
f 2976//2920 2858//2804 2899//2843
f 2976//2920 2899//2843 2975//2919
f 2977//2921 2976//2920 2978//2921
f 2975//2919 2974//2918 2978//2922
f 2975//2919 2978//2922 2976//2920
f 2978//2922 2974//2918 2970//2914
f 2858//2804 2976//2920 2979//2923
f 2858//2804 2979//2923 2973//2917
f 2979//2923 2976//2920 2977//2924
f 2980//2925 2970//2914 2973//2917
f 2980//2925 2973//2917 2979//2923
f 2970//2914 2980//2925 2978//2922
f 2980//2925 2979//2923 2977//2924
f 2980//2925 2977//2924 2978//2922
f 2981//878 2978//2922 2982//878
f 2981//878 2982//878 2983//878
f 2981//1207 2982//1207 2977//2924
f 2977//1207 2978//1207 2981//1207
f 2984//1207 2981//1207 2983//878
f 2981//1207 2984//1207 2982//1207
f 2985//1207 2983//878 2982//1207
f 2983//878 2985//1207 2986//878
f 2986//878 2985//1207 2987//878
f 2988//1207 2984//1207 2986//878
f 2985//1207 2982//1207 2988//1207
f 2988//1207 2982//1207 2984//1207
f 2978//878 2977//878 2982//1207
f 2986//1207 2987//1207 2988//1207
f 2987//1207 2986//1207 2989//1207
f 2990//2926 2829//2775 2786//2735
f 2829//2775 2990//2926 2830//2776
f 2990//2926 2786//2735 2991//2927
f 2991//2927 2786//2735 2992//2928
f 2992//2928 2786//2735 2770//2719
f 2990//2926 2991//2927 2993//877
f 2990//2926 2993//877 2830//2776
f 2993//877 2991//2927 2994//2929
f 2991//2927 2992//2928 2995//2930
f 2991//2927 2995//2930 2994//2929
f 2992//2928 2770//2719 2996//2931
f 2996//2931 2770//2719 2769//2718
f 2996//2931 2769//2718 2997//2932
f 2997//2932 2769//2718 2772//2721
f 2992//2928 2996//2931 2998//2933
f 2998//2933 2996//2931 2997//2932
f 2999//2934 2995//2930 2992//2928
f 2999//2934 2992//2928 2998//2933
f 3000//2935 2994//2929 2995//2930
f 3000//2935 2995//2930 2999//2934
f 2997//2932 2772//2721 3001//2936
f 3001//2936 2772//2721 2759//2708
f 2999//2934 2998//2933 3002//2937
f 3003//2938 2998//2933 2997//2932
f 2998//2933 3003//2938 3002//2937
f 2997//2932 3001//2936 3004//2939
f 2997//2932 3004//2939 3003//2938
f 3001//2936 2759//2708 3005//2940
f 3001//2936 3005//2940 3004//2939
f 3005//2940 2759//2708 2760//2709
f 3005//2940 2760//2709 2762//2711
f 3005//2940 2762//2711 2775//2724
f 3005//2940 2775//2724 3004//2939
f 3004//2939 2775//2724 3003//2938
f 3003//2938 2775//2724 3006//2941
f 3003//2938 3006//2941 2831//2777
f 3003//2938 2831//2777 3007//2942
f 3007//2942 2831//2777 2828//2774
f 3003//2938 3007//2942 3002//2937
f 3007//2942 2828//2774 2830//2776
f 3007//2942 2830//2776 3002//2937
f 3002//2937 2830//2776 3008//2943
f 3008//2943 2830//2776 3009//2944
f 3009//2944 2830//2776 2993//877
f 3002//2937 3008//2943 3010//2868
f 3002//2937 3010//2868 2999//2934
f 2999//2934 3010//2868 3000//2935
f 3009//2944 2993//877 3011//2945
f 3008//2943 3009//2944 3012//2946
f 3008//2943 3012//2946 3010//2868
f 3012//2946 3009//2944 3011//2945
f 3011//2945 2993//877 2994//2929
f 3013//1207 3011//2945 3014//1207
f 3012//2946 3011//2945 3013//2947
f 3011//2945 2994//2929 3015//2948
f 3015//2948 2994//2929 3000//2935
f 3011//2945 3015//2948 3014//2949
f 3016//875 3013//2947 3014//2949
f 3013//2950 3014//2950 3015//2948
f 3012//2946 3013//2947 3017//2951
f 3017//2951 3013//2947 3015//2948
f 3017//2951 3015//2948 3000//2935
f 3012//2946 3017//2951 3010//2868
f 3010//2868 3017//2951 3000//2935
o tripo_part_13
g tripo_part_13
usemtl mat_0
v 0.141884804 0.479451060 0.132093251
vn -0.608472347 -0.205458194 0.766517162
v 0.143841743 0.479451060 0.130136311
vn 0.607467949 -0.654803097 0.449684054
v 0.143841743 0.481408000 0.130136311
vn 0.268049121 0.961823404 0.055186588
v 0.143841743 0.479451060 0.128179371
vn -0.684954464 -0.724319696 -0.078730404
v 0.143841743 0.479451060 0.126222432
vn -0.731173635 -0.605380356 -0.314483285
v 0.143841743 0.481408000 0.128179371
vn -0.699530840 0.620931804 0.353695363
v 0.145799637 0.479451060 0.126222432
vn 0.559871435 -0.827978909 -0.031542052
v 0.145799637 0.481408000 0.128179371
vn 0.637064993 0.369655013 0.676389992
v 0.145799637 0.481408000 0.122308552
v 0.147756577 0.483364940 0.124265492
vn 0.917936563 0.360898137 0.164757833
v 0.145799637 0.483364940 0.124265492
vn 0.000000000 0.812132120 0.583473623
v 0.143841743 0.483364940 0.124265492
vn -0.926838160 0.298473299 0.227782249
v 0.143841743 0.485321879 0.122308552
vn -0.752345562 0.556422234 0.352661997
v 0.145799637 0.485321879 0.120351613
v 0.145799637 0.483364940 0.120351613
vn 0.425196856 -0.842519701 -0.330708653
v 0.143841743 0.487278819 0.118394673
vn -0.592908561 0.585003138 0.553381324
v 0.145799637 0.487278819 0.118394673
vn 0.692377031 0.684509099 0.228169709
v 0.143841743 0.485321879 0.116437733
vn -0.535167694 -0.787011385 -0.306934446
v 0.141884804 0.489235759 0.116437733
v 0.141884804 0.489235759 0.114480793
v 0.141884804 0.487278819 0.114480793
vn -0.816496611 -0.408248305 0.408248305
vn -0.931446731 -0.355212778 -0.078936167
v 0.145799637 0.485321879 0.116437733
vn 0.702948093 -0.355423182 -0.616066873
vn 0.447213650 0.000000000 -0.894427299
vn -0.331997633 0.727232993 -0.600757658
v 0.143841743 0.483364940 0.108609974
vn -0.921431243 0.118132219 -0.370147616
v 0.145799637 0.483364940 0.108609974
vn 0.766038835 0.639681935 0.063178457
v 0.145799637 0.481408000 0.108609974
vn 0.283192545 -0.723714292 0.629316807
v 0.147756577 0.479451060 0.102739155
vn 0.604707897 -0.604707897 0.518321037
v 0.145799637 0.479451060 0.102739155
vn -0.542903364 -0.818289101 0.188835964
v 0.147756577 0.481408000 0.102739155
vn 0.826669157 0.535366654 0.173206881
v 0.145799637 0.479451060 0.100782216
vn -0.833612621 -0.487584740 -0.259520888
v 0.147756577 0.481408000 0.100782216
vn 0.487584740 0.833612621 -0.259520888
v 0.145799637 0.481408000 0.100782216
vn -0.620625198 0.620625198 -0.479216933
v 0.149713516 0.477494121 0.094911397
vn -0.298289359 0.816370785 -0.494532347
v 0.149713516 0.475537181 0.094911397
vn -0.636769652 -0.770412683 -0.031445414
v 0.151670456 0.475537181 0.094911397
vn 0.819889545 -0.449362546 0.354759902
v 0.151670456 0.475537181 0.089040741
vn -0.637597680 -0.763542891 -0.102330483
v 0.153626919 0.475537181 0.089040741
vn 0.692848980 -0.614116132 0.377917618
v 0.151670456 0.477494121 0.087083876
vn -0.653442085 0.677060425 -0.338530213
v 0.153626919 0.477494121 0.089040741
vn 0.691116095 0.683262467 0.235607773
v 0.153626919 0.475537181 0.081212819
vn -0.740226328 0.637854576 -0.212618187
v 0.155583858 0.475537181 0.081212819
vn 0.740226328 0.637854576 0.212618187
v 0.155583858 0.473580241 0.081212819
vn 0.639044523 -0.757386148 0.134120449
v 0.153626919 0.473580241 0.081212819
vn -0.639044523 -0.757386148 -0.134120449
v 0.155583858 0.475537181 0.073385060
vn -0.703299165 -0.647983432 -0.292382807
v 0.157541037 0.475537181 0.073385060
vn 0.710624754 -0.694833100 0.110541619
v 0.157541037 0.477494121 0.073385060
vn 0.638092101 0.724746585 0.259963453
v 0.155583858 0.477494121 0.073385060
vn -0.675909340 0.730925202 -0.094312936
v 0.157541037 0.477494121 0.067514241
vn -0.670518816 0.741514981 -0.023665370
v 0.157541037 0.475537181 0.065557301
vn -0.346897900 -0.835708499 -0.425738305
v 0.159497976 0.477494121 0.067514241
vn 0.939779699 0.260611176 0.221124634
v 0.159497976 0.479451060 0.059686482
vn 0.971490085 -0.236948803 0.007898293
v 0.159497976 0.481408000 0.059686482
v 0.159497976 0.479451060 0.057729542
vn 0.299836040 -0.891617656 -0.339288116
v 0.157541037 0.479451060 0.059686482
vn -0.960510850 -0.251937270 -0.118095599
v 0.159497976 0.483364940 0.053815663
vn -0.337694019 0.840308368 0.424080878
v 0.161454916 0.483364940 0.051858723
vn 0.864508510 -0.495127589 -0.086450852
v 0.159497976 0.483364940 0.051858723
vn -0.741146088 -0.433649361 -0.512494683
v 0.161454916 0.491192698 0.044030964
vn -0.423728228 -0.298179120 -0.855303228
v 0.161454916 0.491192698 0.045987904
vn -0.983003378 0.133688450 -0.125824437
v 0.163411856 0.491192698 0.045987904
vn 0.995340228 -0.055296678 0.078995250
v 0.161454916 0.493149638 0.045987904
vn -0.666282535 0.572219193 0.478155732
v 0.163411856 0.499022365 0.042074025
vn 0.157110602 0.895530462 -0.416343123
vn 0.062714733 -0.689862013 0.721219361
v 0.137970924 0.493149638 0.120351613
vn -0.771653533 -0.590551198 0.236220479
v 0.139927864 0.491192698 0.116437733
vn -0.637617409 0.283385485 -0.716335595
v 0.139927864 0.493149638 0.120351613
vn 0.551061511 -0.440849245 0.708507717
v 0.139927864 0.495108485 0.120351613
vn 0.795374274 0.551249504 -0.251999766
v 0.137970924 0.499022365 0.126222432
vn 0.408323795 -0.526109517 0.745976210
v 0.137970924 0.495108485 0.120351613
vn -0.624179363 0.371347219 -0.687387407
v 0.136013985 0.500979304 0.126222432
vn -0.988366246 -0.150231674 0.023720790
v 0.137970924 0.500979304 0.124265492
vn 0.401313633 0.550822616 -0.731807232
v 0.137970924 0.506850123 0.132093251
vn 0.416574538 -0.495173484 0.762409925
v 0.136013985 0.506850123 0.130136311
vn -0.903218806 -0.243476391 0.353433460
v 0.136013985 0.508807063 0.130136311
vn -0.969918132 -0.102511667 -0.220794380
v 0.134057045 0.516633868 0.134050190
vn -0.943362474 -0.196533844 0.267286003
v 0.136013985 0.508807063 0.128179371
vn -0.740249336 0.062999941 -0.669374347
v 0.134057045 0.516633868 0.132093251
vn -0.935356557 0.000000000 -0.353706300
v 0.137970924 0.508807063 0.128179371
vn 0.731331885 0.243777290 -0.636966467
v 0.136013985 0.516633868 0.130136311
vn -0.039485309 0.292191297 -0.955544472
v 0.137970924 0.508807063 0.130136311
v 0.137970924 0.516633868 0.132093251
vn 0.926952541 0.125688478 -0.353498876
v 0.134057045 0.524461746 0.134050190
vn -0.921031535 0.094464779 -0.377859116
v 0.136013985 0.514676929 0.136007130
vn -0.480240524 -0.417258173 0.771533966
v 0.136013985 0.524461746 0.132093251
vn 0.000000000 0.244390160 -0.969677091
v 0.137970924 0.516633868 0.134050190
vn 0.995091856 -0.047385328 -0.086873099
v 0.137970924 0.524461746 0.134050190
vn 0.800301611 0.062768757 -0.596303165
v 0.137970924 0.514676929 0.136007130
vn 0.684763491 -0.338446319 0.645409286
v 0.139927864 0.524461746 0.137964070
vn 0.968113899 -0.173158586 0.181029424
v 0.136013985 0.532289386 0.134050190
vn -0.204724401 0.141732275 -0.968503952
v 0.136013985 0.524461746 0.139921010
vn -0.503251076 -0.228035629 0.833509564
v 0.137970924 0.524461746 0.139921010
vn 0.363332808 -0.292245954 0.884636402
v 0.139927864 0.532289386 0.136007130
vn 0.834982336 -0.126035064 -0.535649002
v 0.139927864 0.532289386 0.139921010
vn 0.976015031 -0.212519407 0.047226537
v 0.139927864 0.532289386 0.141877949
vn 0.667534709 -0.329840690 0.667534709
v 0.141884804 0.538160205 0.136007130
vn 0.717046857 -0.693407953 -0.070916712
v 0.141884804 0.540117145 0.143834889
vn 0.401028156 -0.188719139 0.896415949
v 0.137970924 0.532289386 0.141877949
vn -0.386018276 -0.126046792 0.913839221
v 0.134057045 0.524461746 0.136007130
vn -0.971823633 -0.055307034 0.229129136
v 0.134057045 0.532289386 0.137964070
vn -0.936079741 0.062929735 0.346113533
v 0.134057045 0.532289386 0.136007130
vn -0.921831548 0.173335865 -0.346671730
v 0.136013985 0.538160205 0.136007130
vn -0.863681972 0.157033086 -0.478950918
v 0.137970924 0.540117145 0.141877949
vn -0.589747369 0.094359569 0.802056313
v 0.136013985 0.540117145 0.139921010
vn -0.779987097 0.118179865 0.614535272
v 0.137970924 0.536203265 0.134050190
vn -0.102732293 -0.300294399 -0.948298156
v 0.139927864 0.545988917 0.141877949
vn -0.472792834 0.543711722 0.693429530
v 0.136013985 0.545988917 0.139921010
vn -0.353455245 0.612655759 0.706910491
v 0.137970924 0.542075038 0.132093251
vn -0.811905026 -0.331068069 -0.480836987
v 0.139927864 0.549902797 0.128179371
vn -0.275215417 0.959322333 0.062906384
v 0.139927864 0.540117145 0.130136311
vn -0.371034652 -0.836801648 -0.402612090
v 0.139927864 0.542075038 0.124265492
vn -0.543290257 -0.787377298 -0.291329592
v 0.145799637 0.540117145 0.134050190
vn 0.543492436 -0.834930480 0.086643726
v 0.141884804 0.540117145 0.126222432
vn -0.173621699 -0.978595018 -0.110486530
v 0.143841743 0.542075038 0.118394673
vn -0.647115290 -0.686573505 -0.331449300
v 0.149713516 0.542075038 0.128179371
vn 0.588783443 -0.792895019 0.157008901
v 0.151670456 0.545988917 0.130136311
vn 0.803947508 -0.488673985 0.338919044
v 0.151670456 0.542075038 0.120351613
vn 0.441396683 -0.851265013 0.283755004
v 0.145799637 0.540117145 0.118394673
vn -0.284276456 -0.955484867 -0.078965686
v 0.149713516 0.542075038 0.106653035
vn -0.947499752 -0.173708290 -0.268458247
v 0.149713516 0.538160205 0.108609974
vn -0.519830048 -0.850630999 -0.078762136
v 0.151670456 0.540117145 0.098825276
vn -0.746183276 -0.628364861 -0.219927698
v 0.157541037 0.540117145 0.110566914
vn 0.479409277 -0.825212657 0.298648387
v 0.153626919 0.538160205 0.098825276
vn -0.292382807 -0.956170738 -0.015804475
v 0.155583858 0.538160205 0.089040741
vn -0.704421759 -0.704421759 -0.087063365
v 0.161454916 0.540117145 0.100782216
vn 0.455606639 -0.856226325 0.243513912
v 0.161454916 0.545988917 0.112523854
vn 0.833689988 -0.322465003 0.448304981
v 0.157541037 0.536203265 0.089040741
vn -0.268349528 -0.955008626 0.126282126
v 0.157541037 0.536203265 0.081212819
v 0.155583858 0.545988917 0.122308552
vn 0.727278411 -0.577079594 0.371544421
v 0.159497976 0.534246325 0.081212819
vn -0.236103415 -0.960153878 0.149532154
v 0.159497976 0.534246325 0.071428120
v 0.163411856 0.538160205 0.090997756
vn 0.456976324 -0.843042552 0.283640474
v 0.161454916 0.532289386 0.071428120
vn -0.259160519 -0.950255275 0.172773689
v 0.161454916 0.532289386 0.059686482
vn -0.739424348 -0.668628395 0.078662165
v 0.165369034 0.536203265 0.081212819
vn 0.447571933 -0.855883181 0.259120584
v 0.169282913 0.544031978 0.090997756
vn 0.833406508 -0.424565583 0.353804648
v 0.173196793 0.542075038 0.081212819
vn 0.857842386 -0.393505692 0.330544770
v 0.167325974 0.534246325 0.071428120
vn 0.409410745 -0.850314617 0.330677897
v 0.163411856 0.530332446 0.061643422
vn -0.416368812 -0.887729704 0.196400374
v 0.163411856 0.528375745 0.051858723
vn -0.778514683 -0.605511367 0.165139467
v 0.169282913 0.530332446 0.061643422
vn 0.370619118 -0.851635456 0.370619118
v 0.165369034 0.526418746 0.053815663
vn -0.268324465 -0.915459931 0.299892068
v 0.163411856 0.526418746 0.045987904
vn -0.784464598 -0.588348448 0.196116149
v 0.165369034 0.524461746 0.047944844
vn -0.316296965 -0.885631502 0.340019226
v 0.165369034 0.522504926 0.042074025
vn -0.994998753 -0.094761789 0.031587262
v 0.171239853 0.528375745 0.053815663
vn 0.466042936 -0.829398513 0.308062285
v 0.177109718 0.536203265 0.059686482
vn 0.904558897 -0.369689316 0.212374702
v 0.177109718 0.532289386 0.051858723
vn 0.888662577 -0.424670637 0.173013955
v 0.165369034 0.522504926 0.044030964
vn -0.646571934 -0.662341952 0.378481120
v 0.171239853 0.526418746 0.047944844
vn 0.448360473 -0.810195208 0.377566725
v 0.165369034 0.520547748 0.038160145
vn -0.693968356 -0.346984178 0.630880296
v 0.167325974 0.520547748 0.040117085
vn -0.205362037 -0.726665676 0.655578792
v 0.165369034 0.516633868 0.038160145
vn -0.543627322 -0.141815826 0.827259064
v 0.171239853 0.522504926 0.042074025
vn 0.440849245 -0.708507717 0.551061511
v 0.171239853 0.520547748 0.040117085
vn 0.489480495 -0.647377372 0.584218681
v 0.169282913 0.516633868 0.038160145
vn 0.522462070 -0.641203403 0.562042475
v 0.165369034 0.512719989 0.038160145
vn -0.362869024 -0.907172561 0.212988347
v 0.165369034 0.516633868 0.036203206
vn -0.409157187 -0.487841278 -0.771103978
v 0.177109718 0.530332446 0.045987904
vn 0.907511473 -0.378787398 0.181502298
v 0.169282913 0.516633868 0.036203206
vn 0.479054332 -0.730361521 -0.486907661
v 0.171239853 0.518590808 0.036203206
vn 0.726212740 -0.663063765 -0.181553185
v 0.167325974 0.518590808 0.034246266
vn -0.055331215 -0.395222962 -0.916917264
v 0.165369034 0.520547748 0.034246266
vn -0.118308455 -0.118308455 -0.985903800
v 0.171239853 0.520547748 0.034246266
vn 0.306167364 -0.345419616 -0.887100339
v 0.175153732 0.522504926 0.036203206
vn 0.796436846 -0.591413498 -0.126168206
v 0.169282913 0.520547748 0.034246266
v 0.165369034 0.524461746 0.034246266
vn -0.102071509 0.204143018 -0.973605216
v 0.169282913 0.526418746 0.034246266
vn -0.110541634 0.300041586 -0.947499752
v 0.165369034 0.530332446 0.038160145
vn -0.244786009 0.623809516 -0.742254376
v 0.177109718 0.526418746 0.040117085
vn 0.899536073 -0.410314709 0.149922684
v 0.175153732 0.524461746 0.034246266
vn 0.613488972 -0.070787191 -0.786524355
v 0.173196793 0.526418746 0.034246266
vn 0.181728780 0.260741293 -0.948150218
v 0.171239853 0.530332446 0.036203206
vn -0.078555301 0.652009010 -0.754130900
v 0.165369034 0.534246325 0.042074025
vn -0.055130083 0.842702687 -0.535549343
v 0.177109718 0.528375745 0.038160145
v 0.175153732 0.530332446 0.036203206
vn 0.464725465 0.519862413 -0.716779947
v 0.177109718 0.532289386 0.044030964
vn 0.952165782 0.251812428 -0.173121050
v 0.171239853 0.534246325 0.042074025
vn -0.023610342 0.834232092 -0.550907910
v 0.165369034 0.538160205 0.049901783
vn -0.236161917 0.873799086 -0.425091445
v 0.177109718 0.536203265 0.049901783
vn 0.998484433 0.000000000 -0.055034574
v 0.175153732 0.534246325 0.042074025
vn 0.455916256 0.723177552 -0.518801272
v 0.171239853 0.540117145 0.049901783
vn -0.094714545 0.884002447 -0.457786977
v 0.163411856 0.540117145 0.057729542
vn -0.315440148 0.883232474 -0.346984178
v 0.177109718 0.538160205 0.047944844
vn -0.750174046 -0.426414728 -0.505380392
v 0.169282913 0.544031978 0.061643422
vn -0.189612299 0.932260394 -0.308119982
v 0.169282913 0.545988917 0.067514241
vn -0.134384200 0.924879491 -0.355722904
v 0.161454916 0.544031978 0.067514241
vn -0.227782249 0.926838160 -0.298473299
v 0.175153732 0.542075038 0.055772603
vn -0.205112666 0.915118039 -0.347113758
v 0.161454916 0.545988917 0.077298939
vn -0.229480371 0.949573994 -0.213654146
v 0.175153732 0.545988917 0.069471180
vn 0.717225015 0.504422009 -0.480777204
v 0.167325974 0.547945857 0.079255879
vn -0.432294309 0.872448504 -0.227936998
v 0.163411856 0.549902797 0.090997756
vn -0.251098186 0.949465096 -0.188323647
v 0.155583858 0.547945857 0.089040741
vn -0.180721804 0.958611369 -0.220009163
v 0.173196793 0.551859736 0.075342000
vn -0.329535961 0.910146952 -0.251075029
v 0.153626919 0.549902797 0.100782216
vn -0.282624692 0.942082405 -0.180565804
v 0.171239853 0.551859736 0.083169758
vn -0.268852413 0.956798375 -0.110703945
v 0.159497976 0.551859736 0.100782216
vn -0.141859874 0.977256954 -0.157622084
v 0.155583858 0.551859736 0.110566914
vn -0.283755004 0.945850074 -0.157641664
v 0.149713516 0.549902797 0.108609974
vn -0.275650352 0.952962756 -0.126011595
v 0.165369034 0.551859736 0.102739155
vn 0.675554693 0.714831173 0.180671602
v 0.169282913 0.551859736 0.090997756
vn 0.425091445 0.873799086 0.236161917
v 0.145799637 0.549902797 0.118394673
vn -0.251937270 0.960510850 -0.118095599
v 0.173196793 0.551859736 0.083169758
vn 0.378481120 0.851582527 0.362711072
v 0.159497976 0.553816676 0.112523854
vn 0.180962160 0.983490050 0.000000000
v 0.151670456 0.551859736 0.122308552
vn -0.330493599 0.936398566 -0.118033439
v 0.155583858 0.553816676 0.122308552
vn 0.408739895 0.856781721 0.314415306
v 0.161454916 0.551859736 0.112523854
vn 0.861128926 0.363412201 0.355511934
v 0.165369034 0.547945857 0.102739155
vn 0.931679010 0.007895585 0.363196909
v 0.169282913 0.547945857 0.092954457
vn 0.922347069 0.007883308 0.386282116
v 0.155583858 0.551859736 0.122308552
vn 0.819889545 0.354759902 0.449362546
v 0.161454916 0.549902797 0.112523854
v 0.157541037 0.549902797 0.122308552
vn 0.888882458 0.125859469 0.440508127
v 0.165369034 0.544031978 0.102739155
vn 0.825825036 -0.432574987 0.361790001
v 0.173196793 0.544031978 0.081212819
vn 0.911494613 -0.282877624 0.298593074
v 0.175153732 0.547945857 0.083169758
vn 0.810898006 -0.196819916 0.551095724
v 0.151670456 0.547945857 0.132093251
vn 0.910008371 -0.094957396 0.403568923
v 0.175153732 0.538160205 0.071428120
vn 0.803149581 -0.519685030 0.291338593
v 0.175153732 0.542075038 0.071428120
vn 0.991020679 0.000000000 0.133709133
v 0.177109718 0.540117145 0.059686482
vn 0.996883690 -0.007849478 0.078494780
v 0.175153732 0.545988917 0.075342000
vn 0.559193850 -0.803348899 0.204775214
v 0.177109718 0.540117145 0.053815663
vn 0.599019766 -0.748774648 0.283746183
v 0.175153732 0.544031978 0.069471180
vn 0.997467637 -0.007854076 0.070686676
v 0.177109718 0.544031978 0.061643422
vn 0.741630375 0.670623183 0.015779369
v 0.179066658 0.540117145 0.055772603
vn 0.512494683 -0.741146088 0.433649361
v 0.175153732 0.545988917 0.079255879
vn 0.668194413 -0.715361118 0.204388902
v 0.177109718 0.545988917 0.075342000
vn 0.481555641 -0.876273394 0.015788710
v 0.179066658 0.549902797 0.079255879
vn 0.755530894 -0.181012616 0.629609108
v 0.179066658 0.547945857 0.077298939
vn 0.770960748 -0.574287117 0.275343120
v 0.179066658 0.547945857 0.075342000
vn 0.779237807 -0.613944948 -0.125937417
v 0.177109718 0.547945857 0.071428120
vn 0.569032192 -0.197580606 -0.798225641
v 0.175153732 0.551859736 0.073385060
vn -0.623595715 0.536765933 -0.568340361
v 0.181023598 0.551859736 0.071428120
vn 0.602482557 -0.485115826 -0.633780301
v 0.179066658 0.553816676 0.071428120
vn -0.440562665 0.039335951 -0.896859705
v 0.177109718 0.553816676 0.079255879
vn -0.023539010 0.808172643 0.588475227
v 0.181023598 0.553816676 0.077298939
vn 0.747452438 0.212433845 0.629433632
v 0.177109718 0.555773616 0.073385060
vn -0.779793620 0.582876027 -0.228424385
v 0.179066658 0.555773616 0.075342000
vn -0.165139467 0.778514683 0.605511367
v 0.184937477 0.557728648 0.071428120
vn 0.904167414 -0.424565583 -0.047173951
v 0.181023598 0.559685588 0.071428120
vn -0.845407546 0.466159284 -0.260733157
v 0.182980537 0.557728648 0.073385060
vn 0.463005066 0.306054205 0.831839681
v 0.181023598 0.559685588 0.073385060
vn -0.331325501 0.638984919 0.694205880
v 0.181023598 0.557728648 0.069471180
vn -0.544455945 0.063125335 -0.836410701
v 0.182980537 0.557728648 0.069471180
vn 0.330544770 -0.267583847 -0.905063093
v 0.182980537 0.563599467 0.071428120
vn -0.676557422 0.558553219 0.479883760
v 0.182980537 0.561642528 0.069471180
vn -0.486308187 0.243154094 -0.839273810
v 0.184937477 0.561642528 0.069471180
vn 0.323135316 -0.212796450 -0.922117889
v 0.186894417 0.561642528 0.071428120
vn 0.868839443 -0.276448876 0.410724074
v 0.184937477 0.563599467 0.069471180
v 0.184937477 0.561642528 0.071428120
vn 0.094182119 0.243303820 0.965366781
v 0.184937477 0.565556407 0.069471180
vn -0.338320553 0.692377031 -0.637301564
v 0.186894417 0.563599467 0.069471180
vn 0.699985027 -0.141569987 -0.699985027
v 0.184937477 0.565556407 0.071428120
vn -0.299249738 0.716624320 0.629999399
v 0.186894417 0.565556407 0.069471180
v 0.186894417 0.565556407 0.071428120
v 0.147756577 0.551859736 0.153623402
vn 0.512176335 0.000000000 -0.858880401
v 0.145799637 0.551859736 0.153623402
vn -0.315597177 0.063119434 -0.946791589
v 0.145799637 0.553816676 0.153623402
v 0.147756577 0.549902797 0.149705708
vn 0.741146147 -0.559801817 0.370573074
v 0.147756577 0.551859736 0.149705708
vn 0.000000000 -0.894427299 0.447213650
v 0.145799637 0.549902797 0.149705708
vn -0.744417250 -0.540681958 0.391798556
v 0.145799637 0.551859736 0.149705708
vn -0.706910491 0.706910491 -0.023563681
v 0.145799637 0.545988917 0.145791829
vn -0.409131885 -0.794660032 0.448471487
v 0.145799637 0.547945857 0.145791829
v 0.147756577 0.547945857 0.145791829
v 0.145799637 0.545988917 0.141877949
vn -0.447972566 -0.227915868 0.864508510
v 0.147756577 0.551859736 0.143834889
vn 0.456636339 0.889653563 0.000000000
v 0.145799637 0.544031978 0.141877949
vn -0.363230854 -0.797528565 0.481675714
v 0.147756577 0.549902797 0.143834889
v 0.147756577 0.545988917 0.139921010
vn 0.964735925 -0.221414790 0.142338067
v 0.145799637 0.542075038 0.139921010
vn 0.691970229 -0.605473936 0.393164903
v 0.145799637 0.549902797 0.143834889
vn -0.949465096 0.313872755 0.000000000
v 0.145799637 0.549902797 0.141877949
vn -0.923495591 0.307831883 0.228900611
v 0.145799637 0.551859736 0.137964070
vn -0.480121523 0.873663723 0.078708448
v 0.147756577 0.551859736 0.137964070
vn 0.521238565 0.837140799 0.165848643
v 0.143841743 0.549902797 0.136007130
vn -0.544778347 0.829010546 0.126325414
v 0.143841743 0.545988917 0.143834889
vn 0.166092262 0.102819018 0.980735242
v 0.147756577 0.551859736 0.130136311
vn -0.157970786 0.987317383 -0.015797079
v 0.141884804 0.538160205 0.139921010
vn 0.881207049 -0.448471427 0.149490491
v 0.149713516 0.551859736 0.130136311
vn 0.015759761 0.992864966 0.118198209
v 0.147756577 0.544031978 0.137964070
vn 0.803872645 -0.504390657 0.315244168
v 0.147756577 0.547945857 0.139921010
vn 0.961226106 0.000000000 0.275761575
v 0.149713516 0.547945857 0.137964070
vn 0.858640432 -0.023632307 0.512033284
v 0.149713516 0.549902797 0.136007130
vn 0.835786521 0.449432373 0.315391123
v 0.151670456 0.551859736 0.130136311
vn 0.481150985 0.757221222 0.441712379
v 0.179066658 0.538160205 0.049901783
vn -0.007872797 -0.928989947 0.370021433
v 0.181023598 0.538160205 0.047944844
vn 0.996975899 -0.054951429 0.054951429
v 0.179066658 0.542075038 0.053815663
vn 0.771749318 -0.629999399 0.086624928
v 0.179066658 0.542075038 0.057729542
vn 0.892813563 -0.007901005 0.450357288
v 0.181023598 0.542075038 0.053815663
vn 0.503453434 0.849577725 -0.157329202
v 0.177109718 0.544031978 0.057729542
vn -0.047120094 0.997375369 -0.054973446
v 0.179066658 0.542075038 0.051858723
v 0.181023598 0.542075038 0.049901783
vn 0.362384528 0.858693779 0.362384528
v 0.179066658 0.542075038 0.049901783
vn -0.227880701 0.966528535 -0.117869332
vn 0.330903620 0.874531090 -0.354539633
v 0.177109718 0.542075038 0.053815663
vn -0.354484618 0.858640552 -0.370239496
v 0.179066658 0.540117145 0.047944844
vn 0.323597938 0.836619139 -0.441987455
v 0.177109718 0.540117145 0.047944844
vn -0.619250894 0.666282535 -0.415446788
v 0.179066658 0.536203265 0.042074025
vn 0.086283140 0.894207060 -0.439259589
v 0.177109718 0.536203265 0.042074025
vn -0.738260388 0.596891403 -0.314153343
v 0.177109718 0.536203265 0.044030964
vn -0.904558897 -0.369689316 0.212374702
v 0.179066658 0.534246325 0.044030964
vn 0.070680141 -0.887428463 0.455494255
v 0.181023598 0.536203265 0.042074025
vn 0.870862901 0.431508660 -0.235368356
v 0.179066658 0.530332446 0.036203206
vn 0.007883308 -0.922347069 0.386282116
v 0.181023598 0.532289386 0.036203206
vn 0.996086419 -0.015810896 0.086959928
v 0.179066658 0.534246325 0.036203206
vn 0.031477530 0.897109628 -0.440685421
v 0.177109718 0.532289386 0.036203206
vn -0.997744679 -0.023568772 -0.062850058
v 0.181023598 0.530332446 0.030332386
vn 0.863681972 0.157033086 -0.478950918
v 0.179066658 0.530332446 0.030332386
vn -0.039461937 0.805023432 -0.591929078
v 0.179066658 0.528375745 0.030332386
vn 0.330708653 -0.921259820 0.204724401
v 0.181023598 0.528375745 0.028375447
vn 0.000000000 0.707106829 -0.707106829
v 0.177109718 0.528375745 0.030332386
vn -0.645109594 -0.731648684 0.220281333
v 0.179066658 0.528375745 0.028375447
vn 0.370884448 -0.386666745 -0.844353974
v 0.177109718 0.528375745 0.028375447
vn -0.544710457 -0.323668540 -0.773646712
v 0.177109718 0.530332446 0.030332386
vn -0.661663532 0.638032675 -0.393847376
v 0.181023598 0.542075038 0.045987904
vn -0.629122198 0.762810707 -0.149416536
v 0.181023598 0.540117145 0.045987904
vn -0.276164740 -0.938960135 -0.205150947
v 0.181023598 0.542075038 0.044030964
vn -0.558829963 -0.236125335 -0.794955254
v 0.182980537 0.542075038 0.044030964
vn 0.408248305 -0.816496611 -0.408248305
v 0.182980537 0.542075038 0.045987904
v 0.182980537 0.542075038 0.047944844
vn 0.866786957 0.260036081 0.425513625
v 0.182980537 0.542075038 0.042074025
f 3018//2952 3019//2953 3020//2954
f 3018//2952 3020//2954 3021//2955
f 3018//2952 3021//2955 3019//2953
f 3021//2955 3020//2954 3022//2956
f 3020//2954 3019//2953 3023//2957
f 3020//2954 3023//2957 3022//2956
f 3019//2953 3021//2955 3024//2958
f 3024//2958 3021//2955 3022//2956
f 3019//2953 3024//2958 3025//2959
f 3019//2953 3025//2959 3023//2957
f 3024//2958 3022//2956 3026//2537
f 3026//2537 3022//2956 3023//2957
f 3025//2959 3024//2958 3027//2960
f 3025//2959 3027//2960 3023//2957
f 3027//2960 3024//2958 3026//2537
f 3023//2957 3027//2960 3028//2961
f 3026//2537 3023//2957 3029//2962
f 3029//2962 3023//2957 3028//2961
f 3028//2961 3027//2960 3030//2963
f 3028//2961 3030//2963 3029//2962
f 3027//2960 3026//2537 3031//1332
f 3027//2960 3031//1332 3030//2963
f 3026//2537 3029//2962 3032//2964
f 3026//2537 3032//2964 3031//1332
f 3032//2964 3029//2962 3030//2963
f 3030//2963 3031//1332 3033//2965
f 3031//1332 3032//2964 3034//2966
f 3031//1332 3034//2966 3033//2965
f 3032//2964 3030//2963 3035//2967
f 3035//2967 3030//2963 3033//2965
f 3036//2945 3033//2965 3037//2945
f 3038//2968 3033//2965 3036//2968
f 3035//2967 3033//2965 3038//2969
f 3032//2964 3035//2967 3039//2970
f 3032//2964 3039//2970 3034//2966
f 3039//2970 3035//2967 3038//2969
f 3038//2971 3037//2971 3039//2970
f 3034//2966 3039//2970 3037//2972
f 3034//2966 3037//2972 3033//2965
f 3040//2973 3038//2969 3037//2972
f 3040//2973 3037//2972 3041//2974
f 3037//1845 3038//1845 3041//2974
f 3042//2975 3041//2974 3038//2969
f 3042//2975 3038//2969 3040//2973
f 3041//2974 3042//2975 3043//2976
f 3043//2976 3042//2975 3044//2977
f 3044//2977 3042//2975 3040//2973
f 3041//2974 3043//2976 3045//2978
f 3041//2974 3045//2978 3040//2973
f 3044//2977 3040//2973 3046//2979
f 3040//2973 3045//2978 3047//2980
f 3046//2979 3040//2973 3048//2981
f 3048//2981 3040//2973 3047//2980
f 3046//2979 3048//2981 3049//2982
f 3049//2982 3048//2981 3047//2980
f 3046//2979 3049//2982 3044//2977
f 3049//2982 3047//2980 3045//2978
f 3050//2983 3043//2976 3044//2977
f 3050//2983 3044//2977 3049//2982
f 3051//2984 3045//2978 3043//2976
f 3051//2984 3043//2976 3050//2983
f 3045//2978 3051//2984 3049//2982
f 3051//2984 3050//2983 3052//2985
f 3052//2985 3050//2983 3049//2982
f 3049//2982 3051//2984 3053//2986
f 3053//2986 3051//2984 3052//2985
f 3052//2985 3049//2982 3054//2987
f 3049//2982 3053//2986 3055//2988
f 3049//2982 3055//2988 3054//2987
f 3052//2985 3054//2987 3056//2989
f 3056//2989 3054//2987 3055//2988
f 3055//2988 3053//2986 3057//2990
f 3055//2988 3057//2990 3056//2989
f 3057//2990 3053//2986 3058//2991
f 3058//2991 3053//2986 3052//2985
f 3058//2991 3052//2985 3059//2992
f 3059//2992 3052//2985 3056//2989
f 3058//2991 3059//2992 3060//2993
f 3060//2993 3059//2992 3056//2989
f 3057//2990 3058//2991 3061//2994
f 3061//2994 3058//2991 3060//2993
f 3057//2990 3061//2994 3062//2995
f 3057//2990 3062//2995 3056//2989
f 3060//2993 3056//2989 3063//2996
f 3063//2996 3056//2989 3062//2995
f 3060//2993 3063//2996 3064//2997
f 3064//2997 3063//2996 3062//2995
f 3061//2994 3060//2993 3065//2998
f 3065//2998 3060//2993 3064//2997
f 3066//2999 3062//2995 3061//2994
f 3066//2999 3061//2994 3065//2998
f 3062//2995 3066//2999 3064//2997
f 3066//2999 3065//2998 3067//3000
f 3064//2997 3066//2999 3068//2045
f 3068//2045 3066//2999 3067//3000
f 3065//2998 3064//2997 3069//3001
f 3065//2998 3069//3001 3067//3000
f 3069//3001 3064//2997 3070//3002
f 3070//3002 3064//2997 3068//2045
f 3068//2045 3067//3000 3071//3003
f 3068//2045 3071//3003 3070//3002
f 3067//3000 3069//3001 3072//3004
f 3067//3000 3072//3004 3071//3003
f 3069//3001 3070//3002 3073//3005
f 3069//3001 3073//3005 3072//3004
f 3073//3005 3070//3002 3071//3003
f 3072//3004 3073//3005 3074//3006
f 3073//3005 3071//3003 3075//3007
f 3073//3005 3075//3007 3074//3006
f 3071//3003 3072//3004 3076//3008
f 3076//3008 3072//3004 3074//3006
f 3075//3007 3071//3003 3077//3009
f 3077//3009 3071//3003 3076//3008
f 3075//3007 3077//3009 3078//3010
f 3075//3007 3078//3010 3074//3006
f 3078//3010 3077//3009 3076//3008
f 3078//3010 3076//3008 3074//3006
f 3036//2868 3037//2868 3038//2868
f 3036//3011 3079//3012 3038//2969
f 3038//2969 3079//3012 3080//3013
f 3038//620 3080//3013 3037//620
f 3079//3012 3036//3011 3081//3014
f 3081//3014 3036//3011 3082//3015
f 3036//2691 3037//2691 3082//3015
f 3079//3012 3081//3014 3083//3016
f 3080//3013 3079//3012 3084//3017
f 3080//3013 3084//3017 3037//2972
f 3037//2972 3084//3017 3082//3015
f 3084//3017 3079//3012 3085//3018
f 3085//3018 3079//3012 3083//3016
f 3082//3015 3084//3017 3086//3019
f 3082//3015 3086//3019 3081//3014
f 3081//3014 3086//3019 3083//3016
f 3086//3019 3084//3017 3085//3018
f 3085//3018 3083//3016 3087//3020
f 3087//3020 3083//3016 3086//3019
f 3085//3018 3087//3020 3088//3021
f 3085//3018 3088//3021 3089//3022
f 3085//3018 3089//3022 3086//3019
f 3089//3022 3088//3021 3090//3023
f 3090//3023 3088//3021 3087//3020
f 3086//3019 3089//3022 3091//3024
f 3091//3024 3089//3022 3092//3025
f 3092//3025 3089//3022 3090//3023
f 3086//3019 3091//3024 3093//3026
f 3091//3024 3092//3025 3094//3027
f 3091//3024 3094//3027 3093//3026
f 3086//3019 3093//3026 3095//877
f 3086//3019 3095//877 3087//3020
f 3093//3026 3094//3027 3096//3028
f 3093//3026 3096//3028 3095//877
f 3094//3027 3092//3025 3097//3029
f 3098//3030 3090//3023 3087//3020
f 3096//3028 3094//3027 3099//3031
f 3099//3031 3094//3027 3097//3029
f 3095//877 3096//3028 3100//3032
f 3095//877 3100//3032 3087//3020
f 3096//3028 3099//3031 3101//3033
f 3096//3028 3101//3033 3100//3032
f 3087//3020 3100//3032 3102//3034
f 3087//3020 3102//3034 3098//3030
f 3100//3032 3101//3033 3103//3035
f 3100//3032 3103//3035 3102//3034
f 3101//3033 3099//3031 3104//3036
f 3098//3030 3102//3034 3105//3037
f 3098//3030 3105//3037 3090//3023
f 3102//3034 3103//3035 3106//3038
f 3102//3034 3106//3038 3105//3037
f 3103//3035 3101//3033 3107//3039
f 3107//3039 3101//3033 3104//3036
f 3106//3038 3103//3035 3108//3040
f 3108//3040 3103//3035 3107//3039
f 3105//3037 3106//3038 3109//3041
f 3109//3041 3106//3038 3108//3040
f 3108//3040 3107//3039 3110//3042
f 3110//3042 3107//3039 3104//3036
f 3109//3041 3108//3040 3111//3043
f 3105//3037 3109//3041 3112//3044
f 3112//3044 3109//3041 3111//3043
f 3113//3045 3090//3023 3105//3037
f 3090//3023 3113//3045 3092//3025
f 3092//3025 3113//3045 3097//3029
f 3113//3045 3105//3037 3114//3046
f 3114//3046 3105//3037 3112//3044
f 3097//3029 3113//3045 3115//3047
f 3115//3047 3113//3045 3114//3046
f 3097//3029 3115//3047 3099//3031
f 3099//3031 3115//3047 3104//3036
f 3104//3036 3115//3047 3116//3048
f 3114//3046 3112//3044 3117//3049
f 3117//3049 3112//3044 3111//3043
f 3115//3047 3114//3046 3118//3050
f 3118//3050 3114//3046 3117//3049
f 3115//3047 3118//3050 3116//3048
f 3104//3036 3116//3048 3119//3051
f 3118//3050 3117//3049 3120//3052
f 3120//3052 3117//3049 3111//3043
f 3118//3050 3120//3052 3121//3053
f 3119//3051 3116//3048 3122//3054
f 3104//3036 3119//3051 3110//3042
f 3121//3053 3120//3052 3123//3055
f 3119//3051 3122//3054 3124//3056
f 3124//3056 3122//3054 3125//3057
f 3119//3051 3124//3056 3126//3058
f 3119//3051 3126//3058 3110//3042
f 3124//3056 3125//3057 3127//3059
f 3127//3059 3125//3057 3128//3060
f 3126//3058 3124//3056 3129//3061
f 3129//3061 3124//3056 3127//3059
f 3126//3058 3129//3061 3130//3062
f 3129//3061 3127//3059 3131//3063
f 3129//3061 3131//3063 3130//3062
f 3127//3059 3128//3060 3132//3064
f 3127//3059 3132//3064 3131//3063
f 3132//3064 3128//3060 3133//3065
f 3132//3064 3133//3065 3134//3066
f 3134//3066 3133//3065 3135//3067
f 3131//3063 3132//3064 3136//3068
f 3136//3068 3132//3064 3134//3066
f 3134//3066 3135//3067 3137//3069
f 3137//3069 3135//3067 3138//3070
f 3136//3068 3134//3066 3139//3071
f 3139//3071 3134//3066 3137//3069
f 3131//3063 3136//3068 3140//3072
f 3140//3072 3136//3068 3139//3071
f 3137//3069 3138//3070 3141//3073
f 3137//3069 3141//3073 3139//3071
f 3141//3073 3138//3070 3142//969
f 3131//3063 3140//3072 3143//3074
f 3131//3063 3143//3074 3130//3062
f 3141//3073 3142//969 3144//3075
f 3144//3075 3142//969 3145//969
f 3139//3071 3141//3073 3146//3076
f 3146//3076 3141//3073 3144//3075
f 3144//3075 3145//969 3147//3077
f 3147//3077 3145//969 3148//3078
f 3146//3076 3144//3075 3149//3079
f 3149//3079 3144//3075 3147//3077
f 3139//3071 3146//3076 3150//3080
f 3146//3076 3149//3079 3151//3081
f 3146//3076 3151//3081 3150//3080
f 3149//3079 3147//3077 3152//3082
f 3149//3079 3152//3082 3151//3081
f 3147//3077 3148//3078 3153//3083
f 3153//3083 3148//3078 3154//3084
f 3152//3082 3147//3077 3155//3085
f 3155//3085 3147//3077 3153//3083
f 3153//3083 3154//3084 3156//3086
f 3153//3083 3156//3086 3155//3085
f 3156//3086 3154//3084 3157//3087
f 3156//3086 3157//3087 3158//3088
f 3158//3088 3157//3087 3159//3089
f 3155//3085 3156//3086 3160//3090
f 3160//3090 3156//3086 3158//3088
f 3161//3091 3152//3082 3155//3085
f 3155//3085 3160//3090 3162//3092
f 3155//3085 3162//3092 3161//3091
f 3158//3088 3159//3089 3163//3093
f 3160//3090 3158//3088 3164//3094
f 3160//3090 3164//3094 3162//3092
f 3164//3094 3158//3088 3163//3093
f 3163//3093 3159//3089 3165//3095
f 3163//3093 3165//3095 3166//3096
f 3166//3096 3165//3095 3167//3097
f 3164//3094 3163//3093 3168//3098
f 3163//3093 3166//3096 3169//3099
f 3163//3093 3169//3099 3168//3098
f 3166//3096 3167//3097 3170//3100
f 3166//3096 3170//3100 3169//3099
f 3170//3100 3167//3097 3171//3101
f 3171//3101 3167//3097 3172//3102
f 3164//3094 3168//3098 3173//3103
f 3164//3094 3173//3103 3162//3092
f 3170//3100 3171//3101 3174//3104
f 3174//3104 3171//3101 3172//3102
f 3170//3100 3174//3104 3175//3105
f 3170//3100 3175//3105 3169//3099
f 3174//3104 3172//3102 3176//3106
f 3176//3106 3172//3102 3177//3107
f 3175//3105 3174//3104 3178//3108
f 3178//3108 3174//3104 3176//3106
f 3169//3099 3175//3105 3179//3109
f 3169//3099 3179//3109 3168//3098
f 3179//3109 3175//3105 3178//3108
f 3176//3106 3177//3107 3180//934
f 3176//3106 3180//934 3178//3108
f 3180//934 3177//3107 3181//3110
f 3180//934 3181//3110 3182//3111
f 3180//934 3182//3111 3178//3108
f 3182//3111 3181//3110 3183//3112
f 3184//3113 3168//3098 3179//3109
f 3168//3098 3184//3113 3173//3103
f 3185//3114 3179//3109 3178//3108
f 3179//3109 3185//3114 3184//3113
f 3178//3108 3182//3111 3186//3115
f 3178//3108 3186//3115 3185//3114
f 3182//3111 3183//3112 3187//3116
f 3182//3111 3187//3116 3186//3115
f 3187//3116 3183//3112 3188//3117
f 3185//3114 3186//3115 3189//3028
f 3185//3114 3189//3028 3184//3113
f 3186//3115 3187//3116 3190//3118
f 3186//3115 3190//3118 3189//3028
f 3184//3113 3189//3028 3191//3119
f 3184//3113 3191//3119 3173//3103
f 3191//3119 3189//3028 3190//3118
f 3173//3103 3191//3119 3162//3092
f 3192//3120 3187//3116 3188//3117
f 3187//3116 3192//3120 3190//3118
f 3192//3120 3188//3117 3193//3121
f 3162//3092 3191//3119 3194//3122
f 3191//3119 3190//3118 3195//3123
f 3195//3123 3190//3118 3192//3120
f 3191//3119 3195//3123 3194//3122
f 3192//3120 3193//3121 3196//3124
f 3192//3120 3196//3124 3195//3123
f 3196//3124 3193//3121 3197//3125
f 3162//3092 3194//3122 3161//3091
f 3195//3123 3196//3124 3198//3126
f 3195//3123 3198//3126 3194//3122
f 3196//3124 3197//3125 3199//3127
f 3199//3127 3197//3125 3200//3128
f 3200//3128 3197//3125 3201//3129
f 3196//3124 3199//3127 3202//3130
f 3196//3124 3202//3130 3198//3126
f 3200//3128 3201//3129 3203//3131
f 3199//3127 3200//3128 3204//3132
f 3200//3128 3203//3131 3205//3133
f 3205//3133 3203//3131 3206//3134
f 3206//3134 3203//3131 3207//3135
f 3200//3128 3205//3133 3208//3136
f 3200//3128 3208//3136 3204//3132
f 3206//3134 3207//3135 3209//3137
f 3208//3136 3205//3133 3210//3138
f 3210//3138 3205//3133 3206//3134
f 3206//3134 3209//3137 3211//3139
f 3211//3139 3209//3137 3212//3140
f 3212//3140 3209//3137 3213//3141
f 3206//3134 3211//3139 3214//3142
f 3214//3142 3211//3139 3212//3140
f 3210//3138 3206//3134 3215//3143
f 3215//3143 3206//3134 3214//3142
f 3212//3140 3213//3141 3216//3144
f 3210//3138 3215//3143 3217//3145
f 3210//3138 3217//3145 3208//3136
f 3214//3142 3212//3140 3218//3146
f 3212//3140 3216//3144 3219//3147
f 3219//3147 3216//3144 3123//3055
f 3218//3146 3212//3140 3220//3148
f 3220//3148 3212//3140 3219//3147
f 3214//3142 3218//3146 3221//3149
f 3221//3149 3218//3146 3220//3148
f 3222//3150 3215//3143 3214//3142
f 3222//3150 3214//3142 3221//3149
f 3215//3143 3222//3150 3223//3151
f 3215//3143 3223//3151 3217//3145
f 3221//3149 3220//3148 3224//3152
f 3222//3150 3221//3149 3225//838
f 3221//3149 3224//3152 3226//3153
f 3221//3149 3226//3153 3225//838
f 3222//3150 3225//838 3227//3154
f 3222//3150 3227//3154 3223//3151
f 3227//3154 3225//838 3140//3072
f 3140//3072 3225//838 3143//3074
f 3143//3074 3225//838 3226//3153
f 3227//3154 3140//3072 3139//3071
f 3227//3154 3139//3071 3150//3080
f 3227//3154 3150//3080 3223//3151
f 3143//3074 3226//3153 3130//3062
f 3223//3151 3150//3080 3228//3155
f 3228//3155 3150//3080 3151//3081
f 3223//3151 3228//3155 3229//3156
f 3223//3151 3229//3156 3217//3145
f 3130//3062 3226//3153 3230//3157
f 3228//3155 3151//3081 3231//3158
f 3231//3158 3151//3081 3152//3082
f 3231//3158 3152//3082 3161//3091
f 3228//3155 3231//3158 3232//3159
f 3232//3159 3231//3158 3161//3091
f 3232//3159 3161//3091 3233//3160
f 3233//3160 3161//3091 3194//3122
f 3228//3155 3232//3159 3234//3161
f 3233//3160 3194//3122 3235//3162
f 3235//3162 3194//3122 3198//3126
f 3232//3159 3233//3160 3236//3163
f 3232//3159 3236//3163 3234//3161
f 3233//3160 3235//3162 3237//3164
f 3233//3160 3237//3164 3236//3163
f 3237//3164 3235//3162 3238//3165
f 3238//3165 3235//3162 3198//3126
f 3239//3166 3228//3155 3234//3161
f 3228//3155 3239//3166 3229//3156
f 3234//3161 3236//3163 3240//3167
f 3234//3161 3240//3167 3239//3166
f 3229//3156 3239//3166 3241//3168
f 3229//3156 3241//3168 3217//3145
f 3241//3168 3239//3166 3242//3169
f 3242//3169 3239//3166 3240//3167
f 3240//3167 3236//3163 3204//3132
f 3204//3132 3236//3163 3237//3164
f 3242//3169 3240//3167 3243//3170
f 3204//3132 3237//3164 3199//3127
f 3199//3127 3237//3164 3202//3130
f 3240//3167 3204//3132 3244//3171
f 3240//3167 3244//3171 3243//3170
f 3244//3171 3204//3132 3245//3172
f 3245//3172 3204//3132 3208//3136
f 3245//3172 3208//3136 3217//3145
f 3243//3170 3244//3171 3246//3173
f 3243//3170 3246//3173 3242//3169
f 3244//3171 3245//3172 3247//3174
f 3244//3171 3247//3174 3246//3173
f 3245//3172 3217//3145 3248//3175
f 3248//3175 3217//3145 3241//3168
f 3249//3176 3241//3168 3242//3169
f 3241//3168 3249//3176 3248//3175
f 3249//3176 3242//3169 3246//3173
f 3245//3172 3248//3175 3250//3177
f 3245//3172 3250//3177 3247//3174
f 3248//3175 3249//3176 3251//3178
f 3248//3175 3251//3178 3250//3177
f 3249//3176 3246//3173 3252//3179
f 3247//3174 3250//3177 3253//3180
f 3251//3178 3249//3176 3254//3181
f 3254//3181 3249//3176 3252//3179
f 3250//3177 3251//3178 3255//3182
f 3255//3182 3251//3178 3254//3181
f 3250//3177 3255//3182 3253//3180
f 3256//3183 3246//3173 3247//3174
f 3256//3183 3247//3174 3253//3180
f 3257//3184 3252//3179 3246//3173
f 3257//3184 3246//3173 3256//3183
f 3256//3183 3253//3180 3258//3185
f 3258//3185 3253//3180 3255//3182
f 3257//3184 3256//3183 3259//3186
f 3259//3186 3256//3183 3258//3185
f 3252//3179 3257//3184 3260//3187
f 3260//3187 3257//3184 3259//3186
f 3252//3179 3260//3187 3261//3188
f 3252//3179 3261//3188 3254//3181
f 3260//3187 3259//3186 3262//934
f 3263//3189 3255//3182 3254//3181
f 3255//3182 3263//3189 3258//3185
f 3263//3189 3254//3181 3261//3188
f 3262//934 3259//3186 3264//3190
f 3264//3190 3259//3186 3258//3185
f 3260//3187 3262//934 3265//3191
f 3260//3187 3265//3191 3261//3188
f 3265//3191 3262//934 3264//3190
f 3258//3185 3263//3189 3266//3192
f 3258//3185 3266//3192 3264//3190
f 3265//3191 3264//3190 3267//2866
f 3265//3191 3267//2866 3261//3188
f 3264//3190 3266//3192 3268//2865
f 3268//2865 3266//3192 3263//3189
f 3264//3190 3268//2865 3267//2866
f 3268//2865 3263//3189 3261//3188
f 3268//2865 3261//3188 3267//2866
f 3269//3193 3270//3194 3271//934
f 3272//3195 3273//2945 3269//3193
f 3269//3196 3270//3196 3272//3195
f 3270//1207 3269//1207 3273//2945
f 3274//3197 3272//3195 3270//3194
f 3274//3197 3270//3194 3275//3198
f 3275//3198 3270//3194 3273//2945
f 3272//3195 3274//3197 3276//3199
f 3274//3197 3275//3198 3277//2868
f 3274//3197 3277//2868 3276//3199
f 3272//3195 3276//3199 3278//171
f 3272//3195 3278//171 3273//2945
f 3276//3199 3277//2868 3279//3200
f 3275//3198 3273//2945 3280//3201
f 3278//171 3276//3199 3281//3202
f 3281//3202 3276//3199 3279//3200
f 3273//2945 3278//171 3282//877
f 3273//2945 3282//877 3280//3201
f 3278//171 3281//3202 3283//3203
f 3278//171 3283//3203 3282//877
f 3281//3202 3279//3200 3284//3204
f 3281//3202 3284//3204 3283//3203
f 3285//3205 3275//3198 3280//3201
f 3275//3198 3285//3205 3277//2868
f 3286//3206 3279//3200 3277//2868
f 3286//3206 3277//2868 3285//3205
f 3285//3205 3280//3201 3287//3207
f 3285//3205 3287//3207 3286//3206
f 3287//3207 3280//3201 3288//3208
f 3288//3208 3280//3201 3282//877
f 3286//3206 3287//3207 3289//3209
f 3279//3200 3286//3206 3290//3210
f 3279//3200 3290//3210 3284//3204
f 3286//3206 3289//3209 3120//3052
f 3286//3206 3120//3052 3290//3210
f 3120//3052 3289//3209 3123//3055
f 3290//3210 3120//3052 3111//3043
f 3289//3209 3287//3207 3291//3211
f 3289//3209 3291//3211 3123//3055
f 3291//3211 3287//3207 3288//3208
f 3123//3055 3291//3211 3219//3147
f 3290//3210 3111//3043 3292//3212
f 3290//3210 3292//3212 3284//3204
f 3292//3212 3111//3043 3108//3040
f 3292//3212 3108//3040 3110//3042
f 3292//3212 3110//3042 3284//3204
f 3219//3147 3291//3211 3293//3213
f 3293//3213 3291//3211 3288//3208
f 3219//3147 3293//3213 3220//3148
f 3284//3204 3110//3042 3294//3214
f 3294//3214 3110//3042 3126//3058
f 3294//3214 3126//3058 3130//3062
f 3284//3204 3294//3214 3283//3203
f 3294//3214 3130//3062 3230//3157
f 3283//3203 3294//3214 3295//3215
f 3283//3203 3295//3215 3282//877
f 3282//877 3295//3215 3288//3208
f 3295//3215 3294//3214 3296//3216
f 3295//3215 3296//3216 3288//3208
f 3296//3216 3294//3214 3230//3157
f 3288//3208 3296//3216 3297//3217
f 3297//3217 3296//3216 3230//3157
f 3288//3208 3297//3217 3293//3213
f 3297//3217 3230//3157 3298//3218
f 3297//3217 3298//3218 3293//3213
f 3293//3213 3298//3218 3220//3148
f 3298//3218 3230//3157 3226//3153
f 3220//3148 3298//3218 3224//3152
f 3224//3152 3298//3218 3226//3153
f 3299//3219 3300//3220 3238//3165
f 3299//3219 3238//3165 3198//3126
f 3238//3165 3300//3220 3301//3221
f 3238//3165 3301//3221 3302//3222
f 3238//3165 3302//3222 3237//3164
f 3302//3222 3301//3221 3303//3223
f 3237//3164 3302//3222 3304//3224
f 3304//3224 3302//3222 3303//3223
f 3237//3164 3304//3224 3202//3130
f 3303//878 3301//3221 3305//878
f 3303//878 3305//878 3306//3225
f 3307//3226 3303//3223 3306//3225
f 3305//1207 3303//1207 3307//3226
f 3304//3224 3303//3223 3305//3227
f 3305//3227 3301//3221 3300//3220
f 3307//878 3306//878 3305//3227
f 3304//3224 3305//3227 3308//3228
f 3304//3224 3308//3228 3202//3130
f 3308//3228 3305//3227 3309//3229
f 3309//3229 3305//3227 3300//3220
f 3202//3130 3308//3228 3310//3230
f 3310//3230 3308//3228 3309//3229
f 3202//3130 3310//3230 3198//3126
f 3309//3229 3300//3220 3311//3231
f 3309//3229 3311//3231 3310//3230
f 3198//3126 3310//3230 3312//3232
f 3312//3232 3310//3230 3311//3231
f 3198//3126 3312//3232 3313//3233
f 3198//3126 3313//3233 3299//3219
f 3314//3234 3300//3220 3299//3219
f 3314//3234 3299//3219 3313//3233
f 3315//3235 3311//3231 3300//3220
f 3315//3235 3300//3220 3314//3234
f 3315//3235 3314//3234 3316//3236
f 3316//3236 3314//3234 3313//3233
f 3311//3231 3315//3235 3317//3237
f 3317//3237 3315//3235 3316//3236
f 3318//3238 3312//3232 3311//3231
f 3318//3238 3311//3231 3317//3237
f 3319//3239 3313//3233 3312//3232
f 3319//3239 3312//3232 3318//3238
f 3313//3233 3319//3239 3316//3236
f 3318//3238 3317//3237 3320//3240
f 3320//3240 3317//3237 3316//3236
f 3319//3239 3318//3238 3321//3241
f 3321//3241 3318//3238 3320//3240
f 3316//3236 3319//3239 3322//3242
f 3316//3236 3322//3242 3320//3240
f 3321//3241 3320//3240 3323//3243
f 3322//3242 3319//3239 3324//3244
f 3323//3243 3320//3240 3325//3245
f 3325//3245 3320//3240 3322//3242
f 3323//3243 3325//3245 3321//3241
f 3322//3242 3324//3244 3326//3246
f 3322//3242 3326//3246 3325//3245
f 3324//3244 3319//3239 3327//3247
f 3327//3247 3319//3239 3321//3241
f 3324//3244 3327//3247 3326//3246
f 3327//3247 3321//3241 3325//3245
f 3327//3247 3325//3245 3326//3246
f 3307//1207 3306//1207 3328//3248
f 3329//3249 3307//3226 3328//3248
f 3307//3196 3329//3249 3306//3196
f 3329//3249 3328//3248 3330//3250
f 3329//3249 3330//3250 3331//3251
f 3330//3250 3328//3248 3332//1207
f 3329//3249 3331//3251 3333//3252
f 3329//3249 3333//3252 3306//3225
f 3332//1207 3328//3248 3306//3225
f 3332//1207 3306//3225 3333//3252
f 3330//1207 3332//1207 3331//1207
f 3330//1207 3331//1207 3334//1207
o tripo_part_14
g tripo_part_14
usemtl mat_0
v 0.224077433 0.315068901 0.079258583
vn 0.189252317 -0.670268595 0.717581749
v 0.229948252 0.301368415 0.065556191
vn 0.023540456 -0.737600982 0.674826384
v 0.233862132 0.303325355 0.067516945
vn 0.244542167 -0.615299642 0.749403417
v 0.237776011 0.293540657 0.055771489
vn 0.276483387 -0.663560092 0.695158243
v 0.220163554 0.313110054 0.077297829
vn 0.165410757 -0.716779947 0.677396417
v 0.224077433 0.299411476 0.063603066
vn 0.268157452 -0.615184784 0.741376579
v 0.241689891 0.295497596 0.055771489
vn 0.164737552 -0.760930598 0.627571642
v 0.241689891 0.287669837 0.047943730
vn 0.559297860 -0.827130735 0.055142045
v 0.245603770 0.295497596 0.055771489
vn 0.666282535 -0.415446788 0.619250894
v 0.233862132 0.289626777 0.053814549
vn 0.150067568 -0.710846424 0.687151492
v 0.247560710 0.291583717 0.049900670
vn 0.820220947 -0.552071810 0.149848074
v 0.235819072 0.283755958 0.045986790
vn 0.062906384 -0.982912242 -0.172992557
v 0.235819072 0.305282295 0.067516945
vn 0.653502762 -0.244079366 0.716491044
v 0.241689891 0.289626777 0.045986790
vn 0.504249752 -0.456976324 -0.732737958
v 0.247560710 0.293540657 0.047943730
vn 0.908331990 -0.078985393 -0.410724014
v 0.245603770 0.299411476 0.053814549
vn 0.916774154 0.355645150 0.181774184
v 0.227991313 0.317025840 0.079258583
vn 0.614687979 -0.291582763 0.732897222
v 0.235819072 0.309196174 0.067516945
vn 0.884195268 0.236838028 0.402624607
v 0.241689891 0.303325355 0.042072911
vn 0.810395837 0.149490505 -0.566490293
v 0.237776011 0.299411476 0.040115971
vn 0.346531928 -0.244147480 -0.905708373
v 0.233862132 0.285712898 0.044029851
vn -0.283807904 -0.685869098 -0.670102000
v 0.239732951 0.309196174 0.047943730
vn 0.901690423 0.431243241 0.031363145
v 0.229948252 0.289626777 0.053814549
vn -0.251462311 -0.840827167 0.479350060
v 0.227991313 0.289626777 0.049900670
vn -0.694833100 -0.710624754 -0.110541619
v 0.222120494 0.297454536 0.063603066
vn -0.165210992 -0.818187773 0.550703287
v 0.216249675 0.309196174 0.075344704
vn 0.299249709 -0.629999340 0.716624320
v 0.220163554 0.299411476 0.061642308
vn -0.809394300 -0.573648453 -0.125731155
v 0.212335795 0.307239234 0.075344704
vn -0.339161456 -0.788747609 0.512685955
v 0.216249675 0.317025840 0.083172463
vn 0.007870113 -0.472206831 0.881452739
v 0.210378855 0.313110054 0.081211708
vn -0.433326215 -0.464840829 0.772108555
v 0.210378855 0.309196174 0.073383950
vn -0.875400841 -0.481076151 -0.047318965
v 0.222120494 0.320939720 0.085125588
vn 0.228651464 0.149806142 0.961913109
v 0.214292735 0.318982780 0.083172463
vn -0.379319251 0.173854664 0.908785701
v 0.208421916 0.315068901 0.079258583
vn -0.903944016 -0.125766128 0.408739895
v 0.227991313 0.318982780 0.079258583
vn 0.810998440 0.283455759 0.511795163
v 0.222120494 0.322896659 0.083172463
vn 0.267451346 0.645029724 0.715825737
v 0.231905192 0.320939720 0.059685368
vn 0.891867518 0.394631654 0.220993727
v 0.224077433 0.330724418 0.071430825
vn 0.810195208 0.448360473 0.377566725
v 0.212335795 0.330724418 0.075344704
vn -0.338782251 0.433326155 0.835137725
v 0.206464976 0.326810539 0.073383950
vn -0.902912498 0.070662715 0.423976332
v 0.220163554 0.332681358 0.075344704
vn 0.363196880 0.552690864 0.750080526
v 0.202551097 0.350293338 0.061642308
vn -0.787303925 0.055111278 0.614097118
v 0.208421916 0.356164634 0.063603066
vn -0.314950854 0.370067269 0.873988688
v 0.208421916 0.320939720 0.067516945
vn -0.938171983 -0.299584329 -0.173443571
v 0.202551097 0.344422638 0.057728428
vn -0.954859972 -0.284090549 0.086805448
v 0.216249675 0.311153114 0.055771489
vn -0.875047266 -0.417815357 -0.244382560
v 0.208421916 0.332681358 0.045986790
vn -0.897860467 -0.433178306 -0.078759693
v 0.224077433 0.301368415 0.044029851
vn -0.795226276 -0.480285197 -0.370055795
v 0.214292735 0.322896659 0.036202092
vn -0.822903335 -0.517253458 -0.235115230
v 0.229948252 0.297454536 0.040115971
vn -0.339637220 -0.458115309 -0.821448147
v 0.220163554 0.318982780 0.030331273
vn -0.299780041 -0.536448479 -0.788894892
v 0.226034373 0.322896659 0.030331273
vn 0.338456810 -0.283359170 -0.897304177
v 0.231905192 0.326810539 0.032288212
vn 0.780084014 0.063037090 -0.622491241
v 0.214292735 0.342465580 0.018591542
vn 0.299027264 -0.346242100 -0.889212668
v 0.206464976 0.340508640 0.020548481
vn -0.377660215 -0.700244963 -0.605829895
v 0.202551097 0.342465580 0.024462361
vn -0.754573405 -0.652391553 -0.070741251
v 0.231905192 0.332681358 0.038159031
vn 0.926838160 0.361309797 -0.102109283
v 0.218206614 0.348336637 0.020548481
vn 0.741999984 0.142085090 -0.655170202
v 0.226034373 0.344422638 0.047943730
vn 0.895199001 0.431894273 0.109936722
v 0.218206614 0.354207695 0.024462361
vn 0.825825036 0.432574987 -0.361790001
v 0.204508036 0.358121574 0.008805890
vn 0.509510159 0.101902023 -0.854409337
v 0.198636740 0.354207695 0.008805890
vn 0.149806142 -0.528263748 -0.835760593
v 0.218206614 0.354207695 0.059685368
vn 0.850156546 0.448693722 0.275513679
v 0.214292735 0.365949333 0.034245152
vn 0.821730137 0.545186341 -0.165926278
v 0.202551097 0.365949333 0.012719769
vn 0.596817791 0.518289089 -0.612523496
v 0.192766085 0.360078514 0.004892010
vn 0.392667472 -0.039266746 -0.918841839
v 0.214292735 0.358121574 0.063603066
vn 0.408437133 0.557673752 0.722619593
v 0.208421916 0.375734031 0.045986790
vn 0.735344529 0.672089040 0.086976238
v 0.198636740 0.377689064 0.020548481
vn 0.621334970 0.637064993 -0.456169993
v 0.204508036 0.377689064 0.049900670
vn 0.361980379 0.763306439 0.535101414
v 0.192766085 0.387473762 0.030331273
vn 0.541931272 0.808969855 -0.227768227
v 0.190809101 0.365949333 0.004892010
vn 0.411546469 0.356146008 -0.838921666
v 0.179067820 0.387473762 0.014677662
vn 0.361053735 0.753503442 -0.549429536
v 0.182981700 0.377689064 0.008805890
vn 0.400076956 0.533435941 -0.745241344
v 0.190809101 0.389430702 0.036202092
vn 0.244443327 0.938346922 0.244443327
v 0.179067820 0.363992393 0.000978131
vn 0.330421984 0.338289171 -0.881125331
v 0.196679801 0.375734031 0.051857609
vn -0.298916221 0.464106768 0.833818972
v 0.175153941 0.391387641 0.020548481
vn -0.015787233 0.994595706 -0.102617018
v 0.184938163 0.387473762 0.038159031
vn -0.346790135 0.701461852 0.622645915
v 0.192766085 0.369863212 0.049900670
vn -0.748008311 -0.055116400 0.661396801
v 0.181024760 0.381602943 0.038159031
vn -0.693774223 0.063070379 0.717425585
v 0.171240062 0.389430702 0.024462361
vn -0.474193513 0.798225641 0.371451586
v 0.161455363 0.385516822 0.004892010
vn -0.134053722 0.883177519 -0.449474245
v 0.192766085 0.363992393 0.045986790
vn -0.873014987 -0.385385007 0.298869997
v 0.181024760 0.375734031 0.034245152
vn -0.717225015 -0.504422009 0.480777204
v 0.167326182 0.383559883 0.026419301
vn -0.761328995 0.078487523 0.643597662
v 0.157541484 0.383559883 0.006848950
vn -0.686039627 0.725467265 0.055198595
v 0.196679801 0.354207695 0.036202092
vn -0.842519701 -0.519685030 0.141732275
v 0.184938163 0.365949333 0.024462361
vn -0.665179908 -0.626051724 0.406933606
v 0.188852280 0.356164634 0.014677662
vn -0.558138847 -0.746805489 0.361611098
v 0.167326182 0.377689064 0.020548481
vn -0.598110080 -0.574500501 0.558760703
v 0.192766085 0.352250278 0.010762829
vn -0.292091131 -0.899956405 -0.323668540
v 0.188852280 0.356164634 0.004892010
vn 0.235426322 -0.604260862 -0.761211753
v 0.182981700 0.354207695 0.006848950
vn -0.078494780 -0.996883690 -0.007849478
v 0.179067820 0.356164634 0.008805890
vn -0.361276358 -0.785383344 0.502645373
v 0.171240062 0.367906272 0.014677662
vn -0.582550824 -0.582550824 0.566806138
v 0.182981700 0.360078514 0.000978131
vn 0.362925500 -0.039448425 -0.930982769
v 0.179067820 0.356164634 0.000978131
vn 0.424250990 -0.644232988 -0.636376500
v 0.175153941 0.358121574 -0.002935749
vn 0.465115190 0.134016246 -0.875047266
v 0.175153941 0.354207695 0.000978131
vn 0.054992106 -0.997713923 -0.039280076
v 0.175153941 0.356164634 -0.002935749
vn 0.551728666 -0.425619274 -0.717247307
v 0.171240062 0.356164634 0.002935071
vn -0.486622661 -0.745631456 0.455227643
v 0.171240062 0.354207695 -0.002935749
vn 0.031582341 -0.986948133 -0.157911703
v 0.169283122 0.354207695 -0.004892688
v 0.171240062 0.356164634 -0.004892688
vn 0.661663532 -0.740433037 0.118154213
v 0.167326182 0.356164634 -0.002935749
vn -0.645269334 -0.723960757 0.243943289
vn -0.204978749 -0.961823404 0.181327358
v 0.165369242 0.365949333 0.004892010
vn -0.605380356 -0.589656174 0.534621596
v 0.161455363 0.363992393 -0.000978809
vn -0.592464387 -0.600363910 0.537167668
v 0.165369242 0.358121574 -0.004892688
vn -0.513565302 -0.687387407 0.513565302
v 0.159498423 0.363992393 -0.002935749
v 0.153627604 0.371820152 -0.000978809
vn -0.630057991 -0.622182250 -0.464667767
v 0.167326182 0.356164634 -0.006849628
vn -0.566911519 -0.700765729 -0.433057457
vn -0.504296720 -0.401861459 0.764324725
v 0.155584544 0.373777092 0.006848950
vn -0.720071077 -0.482685000 0.498510718
vn -0.849052429 -0.424526215 0.314463854
v 0.151670665 0.375734031 -0.000978809
v 0.155584544 0.379646003 0.008805890
vn -0.879710793 0.180654898 0.439855397
vn -0.874639630 0.338824332 -0.346704006
v 0.153627604 0.377689064 -0.000978809
vn -0.607619226 0.718095422 -0.339319795
v 0.155584544 0.379646003 -0.000978809
vn -0.439205557 0.745080888 -0.501949191
v 0.165369242 0.381602943 0.002935071
vn 0.345185637 0.580539525 -0.737442076
v 0.159498423 0.377689064 -0.004892688
vn 0.015765147 0.386246085 -0.922261059
v 0.171240062 0.373777092 0.000978131
vn 0.369849503 0.409195185 -0.834128678
v 0.165369242 0.369863212 -0.002935749
vn 0.858880401 0.409741074 0.307305813
v 0.171240062 0.362035453 -0.002935749
vn 0.339288116 0.299836040 -0.891617656
v 0.167326182 0.360078514 -0.004892688
vn 0.329535961 0.251075029 -0.910146952
vn 0.299361140 0.299361140 -0.905961275
v 0.157541484 0.369863212 -0.002935749
vn -0.306318432 -0.133523405 -0.942518234
v 0.163412303 0.365949333 -0.002935749
vn -0.506185949 -0.166092262 -0.846279621
vn -0.534522533 -0.267261267 -0.801783741
vn -0.705714166 -0.627301455 -0.329333276
vn 0.817252517 0.573648453 0.055007383
vn -0.118326858 0.244542167 -0.962391794
v 0.155584544 0.373777092 -0.000978809
vn 0.165262133 0.070826627 0.983703256
v 0.163412303 0.365949333 0.000978131
vn 0.385623634 0.133787796 0.912904918
vn -0.384636253 -0.612278104 0.690775335
vn 0.055032875 -0.794045746 0.605361640
v 0.171240062 0.362035453 -0.004892688
vn 0.244542167 0.118326858 0.962391794
v 0.165369242 0.381602943 -0.006849628
vn 0.512160420 0.323055029 0.795818508
v 0.173197001 0.375734031 -0.010763507
vn 0.495051175 0.353608012 0.793653488
v 0.161455363 0.387473762 -0.006849628
vn -0.023612536 0.763472021 0.645409286
v 0.177110881 0.389430702 -0.022506099
vn 0.529235184 0.687215805 0.497639060
v 0.157541484 0.385516822 -0.010763507
vn -0.655456126 0.750220835 0.086867683
vn -0.679528832 0.679528832 0.276552439
v 0.155584544 0.383559883 -0.010763507
vn -0.912057877 0.345953017 -0.220151901
v 0.151670665 0.375734031 -0.004892688
vn -0.956021607 -0.023703016 -0.292337179
vn -0.894427299 -0.447213650 0.000000000
v 0.163412303 0.387473762 -0.030333858
vn -0.917605519 0.039551962 -0.395519614
v 0.167326182 0.393344581 -0.030333858
vn -0.576719403 0.774226010 -0.260708749
v 0.171240062 0.395301521 -0.026419979
vn 0.031456109 0.983003378 0.180872619
v 0.157541484 0.377689064 -0.010763507
vn -0.692377031 -0.306848884 -0.653037369
v 0.165369242 0.381602943 -0.024463039
vn -0.717939019 -0.568039656 -0.402361423
v 0.153627604 0.369863212 -0.004892688
vn -0.846180975 -0.399585456 -0.352575392
v 0.155584544 0.365949333 -0.002935749
vn -0.653219402 -0.708310246 0.267583847
vn -0.181259766 -0.362519532 0.914179683
v 0.163412303 0.367906272 -0.010763507
vn -0.502831519 -0.392837107 -0.769960701
v 0.159498423 0.363992393 -0.004892688
vn -0.692999363 -0.716624320 -0.078749925
v 0.163412303 0.358121574 -0.002935749
vn 0.047189999 -0.794364989 0.605605006
vn 0.639602184 0.426401496 0.639602184
v 0.159498423 0.363992393 -0.006849628
vn -0.676097333 -0.566034973 -0.471695870
v 0.169283122 0.360078514 -0.010763507
vn -0.529235184 -0.497639060 -0.687215805
v 0.169283122 0.369863212 -0.014677387
vn -0.590075791 -0.495663613 -0.637281835
v 0.179067820 0.367906272 -0.032290798
vn -0.778924167 -0.574358284 -0.251773477
v 0.171240062 0.354207695 -0.006849628
v 0.175153941 0.360078514 -0.018592220
vn -0.628442407 -0.612731338 -0.479187369
v 0.175153941 0.356164634 -0.010763507
vn -0.015765147 -0.969556570 -0.244359776
v 0.175153941 0.356164634 -0.006849628
vn 0.535184264 -0.755554259 0.377777129
v 0.175153941 0.358121574 -0.004892688
vn 0.457958192 -0.189499944 0.868541420
v 0.179067820 0.358121574 -0.010763507
vn 0.556353927 -0.650385559 0.517174065
v 0.181024760 0.356164634 -0.016634326
vn -0.157946169 -0.987163544 -0.023691926
v 0.184938163 0.358121574 -0.024463039
vn -0.613868892 -0.739790678 -0.275453955
v 0.181024760 0.365949333 -0.010763507
vn 0.447903454 0.196448877 0.872233033
v 0.181024760 0.362035453 -0.010763507
vn 0.583111227 -0.118198223 0.803747892
v 0.182981700 0.379646003 -0.016634326
vn 0.494944215 0.526369214 0.691350698
v 0.188852280 0.367906272 -0.014677387
vn 0.581812084 0.235869765 0.778370202
v 0.186895102 0.358121574 -0.014677387
vn 0.299584329 -0.559749663 0.772612274
v 0.192766085 0.379646003 -0.030333858
vn 0.720003426 0.609233677 0.332309246
v 0.188852280 0.362035453 -0.014677387
vn 0.490459710 -0.047463842 0.870170414
v 0.188852280 0.354207695 -0.020549159
vn -0.329840660 -0.887428463 0.321987331
v 0.194723099 0.356164634 -0.018592220
vn 0.276448846 -0.410724014 0.868839324
v 0.198636740 0.367906272 -0.024463039
vn 0.686317146 0.552209198 0.473322183
v 0.200594157 0.362035453 -0.020549159
vn 0.607581377 0.284064025 0.741722703
v 0.208421916 0.344422638 -0.028376918
vn 0.283175021 -0.117989607 0.951782823
v 0.200594157 0.342465580 -0.028376918
vn -0.465115190 -0.559714854 0.685847819
v 0.196679801 0.346379578 -0.034247737
vn -0.811577260 -0.575195611 0.102432087
v 0.188852280 0.356164634 -0.044032436
vn -0.834438801 -0.551044464 -0.007872064
v 0.208421916 0.320939720 -0.036204677
v 0.200594157 0.332681358 -0.049903255
vn -0.911354005 -0.377112001 0.164986491
v 0.212335795 0.318982780 -0.030333858
vn -0.455944419 -0.290861100 0.841138899
v 0.210378855 0.305282295 -0.051860195
vn -0.888332963 -0.361622274 0.283008724
v 0.218206614 0.295497596 -0.040118556
vn -0.818086505 -0.440508127 0.369712174
v 0.202551097 0.317025840 -0.063601829
vn -0.943362474 -0.267286003 0.196533844
v 0.194723099 0.344422638 -0.061644893
vn -0.928759634 -0.369929701 0.023612533
v 0.182981700 0.365949333 -0.053817134
vn -0.884443343 -0.426428050 -0.189523578
v 0.200594157 0.322896659 -0.069468834
vn -0.903944016 -0.125766128 -0.408739895
v 0.173197001 0.379646003 -0.042075496
vn -0.844695926 -0.426295161 -0.323668540
v 0.192766085 0.350293338 -0.067515709
vn -0.747568130 -0.157382771 -0.645269334
v 0.182981700 0.371820152 -0.059687953
vn -0.765633106 -0.071038119 -0.639343083
v 0.173197001 0.385516822 -0.045989376
vn -0.804948211 0.142049685 -0.576090455
v 0.198636740 0.354207695 -0.069468834
vn -0.338059127 0.102203928 -0.935558975
v 0.177110881 0.391387641 -0.045989376
vn -0.393469125 0.723983169 -0.566595495
v 0.186895102 0.377689064 -0.061644893
vn -0.408828318 0.353793740 -0.841242909
v 0.182981700 0.393344581 -0.044032436
vn 0.268408060 0.939428151 -0.213147581
v 0.186895102 0.389430702 -0.040118556
vn 0.671250224 0.718632638 0.181632414
v 0.194723099 0.381602943 -0.061644893
vn 0.338320553 0.692377031 -0.637301564
v 0.198636740 0.377689064 -0.055774074
vn 0.809619427 0.581668317 -0.078603826
v 0.206464976 0.365949333 -0.045989376
vn 0.843042672 0.535765409 0.047273420
v 0.204508036 0.356164634 -0.071429588
vn 0.235782340 0.314376444 -0.919551075
v 0.210378855 0.354207695 -0.065554954
vn 0.819100857 0.409550428 -0.401674449
v 0.212335795 0.354207695 -0.034247737
vn 0.853761673 0.450596422 0.260871619
v 0.218206614 0.342465580 -0.053817134
vn 0.908417046 0.387064666 -0.157985568
v 0.212335795 0.328767478 -0.073382713
vn 0.337694049 0.290573955 -0.895281911
v 0.218206614 0.324853599 -0.069468834
vn 0.772324324 0.386162162 -0.504375041
v 0.206464976 0.326810539 -0.073382713
vn -0.329485238 0.141207963 -0.933541596
v 0.214292735 0.318982780 -0.077296592
vn 0.158227667 0.545885444 -0.822783887
v 0.208421916 0.315068901 -0.077296592
vn -0.369107425 0.070680141 -0.926695168
v 0.202551097 0.311153114 -0.073382713
vn -0.903888106 -0.149338037 -0.400854707
v 0.204508036 0.305282295 -0.067515709
vn -0.891839743 -0.449866056 0.047354322
v 0.204508036 0.309196174 -0.075343467
vn -0.433326215 -0.464840829 -0.772108555
v 0.214292735 0.293540657 -0.055774074
vn -0.813042521 -0.568340361 0.126297861
v 0.206464976 0.303325355 -0.069468834
vn -0.346704006 -0.764324725 -0.543694913
v 0.210378855 0.313110054 -0.077296592
vn -0.039335951 -0.440562665 -0.896859705
v 0.224077433 0.283755958 -0.044032436
vn -0.679528832 -0.679528832 0.276552439
v 0.210378855 0.305282295 -0.069468834
vn 0.141978964 -0.646793127 -0.749333501
v 0.216249675 0.291583717 -0.057731014
vn -0.401612133 -0.811098993 -0.425236374
v 0.216249675 0.317025840 -0.079257347
vn 0.307688117 0.260351479 -0.915174901
v 0.214292735 0.307239234 -0.071429588
vn 0.023694880 -0.702948093 -0.710846364
v 0.220163554 0.293540657 -0.059687953
vn 0.204471037 -0.613413095 -0.762834251
v 0.218206614 0.309196174 -0.073382713
vn 0.149694502 -0.646049976 -0.748472512
v 0.222120494 0.315068901 -0.073382713
vn 0.792114198 0.282337725 -0.541147351
v 0.222120494 0.311153114 -0.073382713
vn 0.596284807 -0.298142403 -0.745356023
v 0.227991313 0.315068901 -0.055774074
vn 0.899984419 0.355257034 -0.252627224
v 0.229948252 0.303325355 -0.061644893
vn 0.833689988 0.526955009 -0.165164992
v 0.231905192 0.301368415 -0.061644893
vn 0.794856727 0.102308296 -0.598110080
v 0.224077433 0.297454536 -0.059687953
vn 0.235702276 -0.612825871 -0.754247248
v 0.227991313 0.299411476 -0.061644893
vn 0.165267259 -0.661069036 -0.731897891
v 0.231905192 0.287669837 -0.049903255
vn 0.156921864 -0.690456271 -0.706148446
v 0.227991313 0.283755958 -0.047946315
vn 0.196838185 -0.716491044 -0.669249833
v 0.226034373 0.281799018 -0.045989376
vn -0.299537778 -0.922261059 -0.244359776
v 0.229948252 0.279845893 -0.042075496
vn -0.165962547 -0.972066402 0.165962547
v 0.229948252 0.281799018 -0.040118556
vn -0.157246515 -0.636848390 0.754783332
v 0.237776011 0.281799018 -0.042075496
vn 0.505632699 -0.829553723 0.237015337
v 0.237776011 0.287669837 -0.049903255
vn 0.212776631 -0.646210432 -0.732897222
v 0.235819072 0.283755958 -0.040118556
vn 0.361946762 -0.346209943 0.865524828
v 0.243646830 0.285712898 -0.045989376
vn 0.952962756 -0.275650352 -0.126011595
v 0.239732951 0.289626777 -0.049903255
vn 0.737305939 -0.180404648 -0.651025474
v 0.241689891 0.287669837 -0.044032436
vn 0.846068025 0.189772263 0.498152196
v 0.239732951 0.293540657 -0.049903255
vn 0.931679010 0.244763136 -0.268449873
v 0.231905192 0.293540657 -0.036204677
vn 0.400372714 -0.157008901 0.902801216
v 0.235819072 0.299411476 -0.038161617
vn 0.782199383 0.134317070 0.608377337
v 0.235819072 0.303325355 -0.044032436
vn 0.931591868 0.363162935 -0.015789693
v 0.224077433 0.291583717 -0.034247737
vn -0.276509255 -0.426614344 0.861128926
v 0.220163554 0.320939720 -0.030333858
vn 0.189730749 -0.055338133 0.980275512
v 0.226034373 0.324853599 -0.032290798
v 0.212335795 0.348336637 -0.030333858
vn 0.693257391 0.196948096 0.693257391
v 0.224077433 0.330724418 -0.038161617
vn 0.903804421 0.424395144 0.055014186
f 3335//3253 3336//3254 3337//3255
f 3337//3255 3336//3254 3338//3256
f 3336//3254 3335//3253 3339//3257
f 3336//3254 3339//3257 3340//3258
f 3336//3254 3340//3258 3338//3256
f 3337//3255 3338//3256 3341//3259
f 3341//3259 3338//3256 3342//3260
f 3337//3255 3341//3259 3343//3261
f 3338//3256 3340//3258 3344//3262
f 3338//3256 3344//3262 3342//3260
f 3341//3259 3342//3260 3345//3263
f 3341//3259 3345//3263 3343//3261
f 3342//3260 3344//3262 3346//3264
f 3337//3255 3343//3261 3347//3265
f 3337//3255 3347//3265 3335//3253
f 3345//3263 3342//3260 3348//3266
f 3348//3266 3342//3260 3346//3264
f 3343//3261 3345//3263 3349//3267
f 3349//3267 3345//3263 3348//3266
f 3347//3265 3343//3261 3350//3268
f 3350//3268 3343//3261 3349//3267
f 3335//3253 3347//3265 3351//3269
f 3347//3265 3350//3268 3352//3270
f 3347//3265 3352//3270 3351//3269
f 3350//3268 3349//3267 3353//3271
f 3349//3267 3348//3266 3354//3272
f 3349//3267 3354//3272 3353//3271
f 3354//3272 3348//3266 3355//3273
f 3355//3273 3348//3266 3346//3264
f 3352//3270 3350//3268 3356//3274
f 3356//3274 3350//3268 3353//3271
f 3355//3273 3346//3264 3357//3275
f 3357//3275 3346//3264 3344//3262
f 3357//3275 3344//3262 3340//3258
f 3355//3273 3357//3275 3358//3276
f 3357//3275 3340//3258 3359//3277
f 3357//3275 3359//3277 3358//3276
f 3359//3277 3340//3258 3360//3278
f 3360//3278 3340//3258 3339//3257
f 3358//3276 3359//3277 3361//3279
f 3359//3277 3360//3278 3362//3280
f 3359//3277 3362//3280 3361//3279
f 3360//3278 3339//3257 3363//3281
f 3363//3281 3339//3257 3335//3253
f 3362//3280 3360//3278 3364//3282
f 3364//3282 3360//3278 3363//3281
f 3361//3279 3362//3280 3365//3283
f 3365//3283 3362//3280 3364//3282
f 3363//3281 3335//3253 3366//3284
f 3366//3284 3335//3253 3351//3269
f 3364//3282 3363//3281 3367//3285
f 3367//3285 3363//3281 3366//3284
f 3365//3283 3364//3282 3368//3286
f 3368//3286 3364//3282 3367//3285
f 3366//3284 3351//3269 3369//3287
f 3369//3287 3351//3269 3352//3270
f 3367//3285 3366//3284 3370//3288
f 3370//3288 3366//3284 3369//3287
f 3369//3287 3352//3270 3371//3289
f 3371//3289 3352//3270 3356//3274
f 3370//3288 3369//3287 3372//3290
f 3372//3290 3369//3287 3371//3289
f 3367//3285 3370//3288 3373//3291
f 3374//3292 3368//3286 3367//3285
f 3374//3292 3367//3285 3373//3291
f 3373//3291 3370//3288 3375//3293
f 3375//3293 3370//3288 3372//3290
f 3374//3292 3373//3291 3376//3294
f 3373//3291 3375//3293 3377//3295
f 3373//3291 3377//3295 3376//3294
f 3368//3286 3374//3292 3378//3296
f 3368//3286 3378//3296 3365//3283
f 3374//3292 3376//3294 3379//3297
f 3374//3292 3379//3297 3378//3296
f 3365//3283 3378//3296 3380//3298
f 3365//3283 3380//3298 3361//3279
f 3378//3296 3379//3297 3381//3299
f 3378//3296 3381//3299 3380//3298
f 3361//3279 3380//3298 3382//3300
f 3361//3279 3382//3300 3358//3276
f 3380//3298 3381//3299 3383//3301
f 3380//3298 3383//3301 3382//3300
f 3358//3276 3382//3300 3384//3302
f 3358//3276 3384//3302 3355//3273
f 3355//3273 3384//3302 3354//3272
f 3384//3302 3382//3300 3385//3303
f 3385//3303 3382//3300 3383//3301
f 3354//3272 3384//3302 3386//3304
f 3386//3304 3384//3302 3385//3303
f 3354//3272 3386//3304 3353//3271
f 3353//3271 3386//3304 3387//3305
f 3353//3271 3387//3305 3356//3274
f 3386//3304 3385//3303 3388//3306
f 3386//3304 3388//3306 3387//3305
f 3385//3303 3383//3301 3389//3307
f 3385//3303 3389//3307 3388//3306
f 3389//3307 3383//3301 3390//3308
f 3390//3308 3383//3301 3381//3299
f 3356//3274 3387//3305 3391//3309
f 3356//3274 3391//3309 3371//3289
f 3387//3305 3388//3306 3392//3310
f 3387//3305 3392//3310 3391//3309
f 3371//3289 3391//3309 3393//3311
f 3371//3289 3393//3311 3372//3290
f 3391//3309 3392//3310 3394//3312
f 3391//3309 3394//3312 3393//3311
f 3392//3310 3388//3306 3395//3313
f 3392//3310 3395//3313 3394//3312
f 3395//3313 3388//3306 3396//3314
f 3396//3314 3388//3306 3389//3307
f 3372//3290 3393//3311 3397//3315
f 3372//3290 3397//3315 3375//3293
f 3393//3311 3394//3312 3398//3316
f 3393//3311 3398//3316 3397//3315
f 3394//3312 3395//3313 3399//3317
f 3394//3312 3399//3317 3398//3316
f 3395//3313 3396//3314 3400//3318
f 3395//3313 3400//3318 3399//3317
f 3375//3293 3397//3315 3401//3319
f 3375//3293 3401//3319 3377//3295
f 3397//3315 3398//3316 3402//3320
f 3397//3315 3402//3320 3401//3319
f 3398//3316 3399//3317 3403//3321
f 3398//3316 3403//3321 3402//3320
f 3401//3319 3402//3320 3404//3322
f 3401//3319 3404//3322 3377//3295
f 3404//3322 3402//3320 3405//3323
f 3405//3323 3402//3320 3403//3321
f 3403//3321 3399//3317 3406//3324
f 3406//3324 3399//3317 3400//3318
f 3405//3323 3403//3321 3407//3325
f 3403//3321 3406//3324 3408//3326
f 3403//3321 3408//3326 3407//3325
f 3404//3322 3405//3323 3409//3327
f 3408//3326 3406//3324 3410//3328
f 3404//3322 3409//3327 3411//3329
f 3404//3322 3411//3329 3377//3295
f 3409//3327 3405//3323 3412//3330
f 3412//3330 3405//3323 3407//3325
f 3411//3329 3409//3327 3413//3331
f 3413//3331 3409//3327 3412//3330
f 3377//3295 3411//3329 3414//3332
f 3377//3295 3414//3332 3376//3294
f 3411//3329 3413//3331 3415//3333
f 3411//3329 3415//3333 3414//3332
f 3413//3331 3412//3330 3416//3334
f 3413//3331 3416//3334 3415//3333
f 3416//3334 3412//3330 3417//3335
f 3417//3335 3412//3330 3407//3325
f 3376//3294 3414//3332 3418//3336
f 3376//3294 3418//3336 3379//3297
f 3414//3332 3415//3333 3419//3337
f 3414//3332 3419//3337 3418//3336
f 3415//3333 3416//3334 3420//3338
f 3415//3333 3420//3338 3419//3337
f 3416//3334 3417//3335 3421//3339
f 3416//3334 3421//3339 3420//3338
f 3379//3297 3418//3336 3422//3340
f 3379//3297 3422//3340 3381//3299
f 3381//3299 3422//3340 3390//3308
f 3422//3340 3418//3336 3423//3341
f 3423//3341 3418//3336 3419//3337
f 3390//3308 3422//3340 3424//3342
f 3424//3342 3422//3340 3423//3341
f 3425//3343 3419//3337 3420//3338
f 3419//3337 3425//3343 3423//3341
f 3390//3308 3424//3342 3426//3344
f 3390//3308 3426//3344 3389//3307
f 3389//3307 3426//3344 3396//3314
f 3396//3314 3426//3344 3427//3345
f 3396//3314 3427//3345 3400//3318
f 3426//3344 3424//3342 3428//3346
f 3426//3344 3428//3346 3427//3345
f 3429//3347 3424//3342 3423//3341
f 3424//3342 3429//3347 3428//3346
f 3429//3347 3423//3341 3430//3348
f 3430//3348 3423//3341 3425//3343
f 3400//3318 3427//3345 3431//3349
f 3400//3318 3431//3349 3406//3324
f 3406//3324 3431//3349 3410//3328
f 3431//3349 3427//3345 3432//3350
f 3432//3350 3427//3345 3428//3346
f 3410//3328 3431//3349 3433//3351
f 3433//3351 3431//3349 3432//3350
f 3432//3350 3428//3346 3434//3352
f 3434//3352 3428//3346 3429//3347
f 3433//3351 3432//3350 3435//3353
f 3435//3353 3432//3350 3434//3352
f 3434//3352 3429//3347 3436//3354
f 3436//3354 3429//3347 3430//3348
f 3435//3353 3434//3352 3437//3355
f 3437//3355 3434//3352 3436//3354
f 3438//918 3439//918 3437//3355
f 3435//3353 3437//3355 3439//3356
f 3435//3353 3439//3356 3433//3351
f 3437//3355 3436//3354 3440//3357
f 3437//3355 3440//3357 3438//3358
f 3441//3359 3436//3354 3430//3348
f 3441//3359 3430//3348 3425//3343
f 3440//3357 3436//3354 3442//3360
f 3442//3360 3436//3354 3441//3359
f 3443//3361 3442//3360 3444//3361
f 3444//973 3442//3360 3445//973
f 3440//3357 3442//3360 3443//3362
f 3443//969 3438//969 3440//3357
f 3438//969 3443//969 3446//3363
f 3442//3360 3441//3359 3445//3364
f 3438//934 3443//3362 3439//934
f 3447//3365 3441//3359 3425//3343
f 3441//3359 3447//3365 3445//3364
f 3445//3366 3447//3365 3448//3366
f 3447//3365 3425//3343 3449//3367
f 3449//3367 3425//3343 3420//3338
f 3449//3367 3420//3338 3421//3339
f 3447//3365 3449//3367 3448//3368
f 3448//939 3449//3367 3450//939
f 3449//3367 3421//3339 3450//3369
f 3450//3369 3421//3339 3451//3370
f 3451//3370 3421//3339 3417//3335
f 3451//3370 3417//3335 3452//3371
f 3452//3371 3417//3335 3407//3325
f 3451//3370 3452//3371 3453//3372
f 3451//3370 3453//3372 3450//3369
f 3452//3371 3407//3325 3454//3373
f 3454//3373 3407//3325 3408//3326
f 3454//3373 3408//3326 3410//3328
f 3452//3371 3454//3373 3455//3374
f 3452//3371 3455//3374 3453//3372
f 3454//3373 3410//3328 3456//3375
f 3454//3373 3456//3375 3455//3374
f 3456//3375 3410//3328 3433//3351
f 3457//3376 3455//3376 3456//3375
f 3439//3377 3457//3377 3456//3375
f 3456//3375 3433//3351 3439//3356
f 3458//3378 3453//3372 3455//3374
f 3453//3372 3458//3378 3450//3369
f 3459//934 3458//3378 3455//934
f 3445//3379 3458//3378 3444//3379
f 3445//3380 3448//3380 3458//3378
f 3450//3369 3458//3378 3448//3368
f 3444//3381 3458//3378 3459//3382
f 3459//3383 3457//3383 3444//3381
f 3460//3384 3459//3382 3455//3374
f 3450//875 3448//875 3460//3384
f 3459//3382 3460//3384 3461//3385
f 3444//3386 3443//3386 3461//3385
f 3459//3382 3461//3385 3457//3387
f 3461//3385 3460//3384 3444//3381
f 3457//3387 3461//3385 3443//3362
f 3443//875 3438//875 3457//3387
f 3457//875 3438//875 3439//875
f 3457//875 3439//875 3462//3388
f 3455//3374 3457//3387 3462//3388
f 3457//3387 3439//3356 3444//3381
f 3444//3381 3439//3356 3443//3362
f 3460//3384 3445//3364 3444//3381
f 3445//3364 3460//3384 3448//3368
f 3463//3389 3460//3384 3455//3374
f 3460//3384 3463//3389 3450//3369
f 3464//3390 3455//3374 3462//3388
f 3455//3374 3464//3390 3463//3389
f 3450//3369 3463//3389 3465//3391
f 3463//3389 3464//3390 3466//3392
f 3463//3389 3466//3392 3465//3391
f 3450//3369 3465//3391 3467//3393
f 3448//3394 3450//3394 3467//3393
f 3468//3395 3448//3368 3467//3393
f 3448//3368 3468//3395 3469//3396
f 3448//3397 3469//3396 3445//3397
f 3468//3395 3467//3393 3470//3398
f 3467//3393 3465//3391 3471//3399
f 3467//3393 3471//3399 3470//3398
f 3471//3399 3465//3391 3472//3400
f 3472//3400 3465//3391 3466//3392
f 3469//3396 3468//3395 3473//3401
f 3468//3395 3470//3398 3474//3402
f 3468//3395 3474//3402 3473//3401
f 3469//3396 3473//3401 3475//3403
f 3469//3396 3475//3403 3445//3364
f 3445//3364 3475//3403 3476//3404
f 3445//3405 3476//3404 3444//3405
f 3475//3403 3473//3401 3477//3406
f 3477//3406 3473//3401 3474//3402
f 3476//3404 3475//3403 3478//3407
f 3476//3404 3478//3407 3444//3381
f 3444//3381 3478//3407 3479//3408
f 3444//3409 3479//3408 3443//3409
f 3479//3408 3478//3407 3443//3362
f 3478//3407 3475//3403 3480//3410
f 3478//3407 3480//3410 3443//3362
f 3480//3410 3475//3403 3477//3406
f 3443//3362 3480//3410 3446//3363
f 3480//3410 3477//3406 3481//3411
f 3480//3410 3481//3411 3446//3363
f 3482//3412 3477//3406 3474//3402
f 3477//3406 3482//3412 3481//3411
f 3482//3412 3474//3402 3483//3413
f 3446//3363 3481//3411 3484//1267
f 3446//3363 3484//1267 3438//3358
f 3438//3358 3484//1267 3439//3356
f 3481//3411 3482//3412 3485//3414
f 3485//3414 3482//3412 3483//3413
f 3484//1267 3481//3411 3486//3415
f 3486//3415 3481//3411 3485//3414
f 3439//3356 3484//1267 3487//3416
f 3487//3416 3484//1267 3486//3415
f 3439//3356 3487//3416 3488//3417
f 3439//3356 3488//3417 3462//3388
f 3487//3416 3486//3415 3489//3418
f 3487//3416 3489//3418 3488//3417
f 3486//3415 3485//3414 3490//3419
f 3486//3415 3490//3419 3489//3418
f 3490//3419 3485//3414 3491//3420
f 3491//3420 3485//3414 3483//3413
f 3462//3388 3488//3417 3492//3421
f 3462//3388 3492//3421 3464//3390
f 3488//3417 3489//3418 3493//3422
f 3488//3417 3493//3422 3492//3421
f 3464//3390 3492//3421 3494//3423
f 3464//3390 3494//3423 3466//3392
f 3492//3421 3493//3422 3495//3424
f 3492//3421 3495//3424 3494//3423
f 3493//3422 3489//3418 3496//3425
f 3496//3425 3489//3418 3490//3419
f 3466//3392 3494//3423 3497//3426
f 3497//3426 3494//3423 3495//3424
f 3493//3422 3496//3425 3498//3427
f 3493//3422 3498//3427 3495//3424
f 3496//3425 3490//3419 3499//3428
f 3499//3428 3490//3419 3491//3420
f 3498//3427 3496//3425 3500//3429
f 3500//3429 3496//3425 3499//3428
f 3495//3424 3498//3427 3501//3430
f 3495//3424 3501//3430 3497//3426
f 3498//3427 3500//3429 3502//3431
f 3498//3427 3502//3431 3501//3430
f 3502//3431 3500//3429 3503//3432
f 3500//3429 3499//3428 3504//3433
f 3500//3429 3504//3433 3503//3432
f 3504//3433 3499//3428 3505//3434
f 3505//3434 3499//3428 3491//3420
f 3505//3434 3491//3420 3506//3435
f 3506//3435 3491//3420 3483//3413
f 3504//3433 3505//3434 3507//2560
f 3505//3434 3506//3435 3508//3436
f 3505//3434 3508//3436 3507//2560
f 3504//3433 3507//2560 3509//3437
f 3504//3433 3509//3437 3503//3432
f 3507//2560 3508//3436 3510//3438
f 3509//3437 3507//2560 3511//3439
f 3511//3439 3507//2560 3510//3438
f 3510//3438 3508//3436 3512//3440
f 3513//3441 3508//3436 3506//3435
f 3508//3436 3513//3441 3512//3440
f 3513//3441 3506//3435 3514//3442
f 3514//3442 3506//3435 3483//3413
f 3512//3440 3513//3441 3515//3443
f 3514//3442 3483//3413 3516//3444
f 3516//3444 3483//3413 3474//3402
f 3516//3444 3474//3402 3470//3398
f 3513//3441 3514//3442 3517//3445
f 3513//3441 3517//3445 3515//3443
f 3514//3442 3516//3444 3518//3446
f 3514//3442 3518//3446 3517//3445
f 3516//3444 3470//3398 3519//3447
f 3516//3444 3519//3447 3518//3446
f 3519//3447 3470//3398 3471//3399
f 3517//3445 3518//3446 3520//3448
f 3519//3447 3471//3399 3521//3449
f 3521//3449 3471//3399 3472//3400
f 3518//3446 3519//3447 3522//3450
f 3522//3450 3519//3447 3521//3449
f 3518//3446 3522//3450 3520//3448
f 3521//3449 3472//3400 3523//3451
f 3521//3449 3523//3451 3522//3450
f 3523//3451 3472//3400 3524//3452
f 3524//3452 3472//3400 3466//3392
f 3522//3450 3523//3451 3525//3453
f 3525//3453 3523//3451 3524//3452
f 3522//3450 3525//3453 3520//3448
f 3524//3452 3466//3392 3497//3426
f 3524//3452 3497//3426 3526//3454
f 3524//3452 3526//3454 3525//3453
f 3526//3454 3497//3426 3527//3455
f 3527//3455 3497//3426 3501//3430
f 3525//3453 3526//3454 3528//3456
f 3525//3453 3528//3456 3520//3448
f 3526//3454 3527//3455 3529//3457
f 3526//3454 3529//3457 3528//3456
f 3527//3455 3501//3430 3530//3458
f 3530//3458 3501//3430 3502//3431
f 3529//3457 3527//3455 3531//3459
f 3531//3459 3527//3455 3530//3458
f 3528//3456 3529//3457 3532//3460
f 3528//3456 3532//3460 3520//3448
f 3529//3457 3531//3459 3533//3461
f 3529//3457 3533//3461 3532//3460
f 3520//3448 3532//3460 3534//3462
f 3520//3448 3534//3462 3517//3445
f 3517//3445 3534//3462 3515//3443
f 3534//3462 3532//3460 3535//3463
f 3535//3463 3532//3460 3533//3461
f 3515//3443 3534//3462 3536//3464
f 3536//3464 3534//3462 3535//3463
f 3515//3443 3536//3464 3537//3465
f 3515//3443 3537//3465 3512//3440
f 3512//3440 3537//3465 3538//3466
f 3512//3440 3538//3466 3510//3438
f 3537//3465 3536//3464 3539//3467
f 3537//3465 3539//3467 3538//3466
f 3510//3438 3538//3466 3540//3468
f 3510//3438 3540//3468 3511//3439
f 3538//3466 3539//3467 3541//3469
f 3538//3466 3541//3469 3540//3468
f 3539//3467 3536//3464 3542//3470
f 3511//3439 3540//3468 3543//3471
f 3541//3469 3539//3467 3544//3472
f 3544//3472 3539//3467 3542//3470
f 3540//3468 3541//3469 3545//3473
f 3545//3473 3541//3469 3544//3472
f 3540//3468 3545//3473 3543//3471
f 3542//3470 3536//3464 3546//3474
f 3546//3474 3536//3464 3535//3463
f 3544//3472 3542//3470 3547//3475
f 3545//3473 3544//3472 3548//3476
f 3548//3476 3544//3472 3547//3475
f 3547//3475 3542//3470 3549//3477
f 3549//3477 3542//3470 3546//3474
f 3546//3474 3535//3463 3550//3478
f 3550//3478 3535//3463 3533//3461
f 3546//3474 3550//3478 3551//3479
f 3546//3474 3551//3479 3549//3477
f 3550//3478 3533//3461 3552//3480
f 3552//3480 3533//3461 3531//3459
f 3551//3479 3550//3478 3553//3481
f 3553//3481 3550//3478 3552//3480
f 3549//3477 3551//3479 3554//3482
f 3554//3482 3551//3479 3553//3481
f 3555//3483 3547//3475 3549//3477
f 3547//3475 3555//3483 3548//3476
f 3549//3477 3554//3482 3556//3484
f 3549//3477 3556//3484 3555//3483
f 3548//3476 3555//3483 3557//3485
f 3557//3485 3555//3483 3556//3484
f 3548//3476 3557//3485 3558//3486
f 3548//3476 3558//3486 3559//3487
f 3548//3476 3559//3487 3545//3473
f 3545//3473 3559//3487 3543//3471
f 3559//3487 3558//3486 3560//3488
f 3543//3471 3559//3487 3561//3489
f 3561//3489 3559//3487 3560//3488
f 3558//3486 3557//3485 3562//3490
f 3558//3486 3562//3490 3560//3488
f 3562//3490 3557//3485 3563//3491
f 3563//3491 3557//3485 3556//3484
f 3560//3488 3562//3490 3564//3492
f 3560//3488 3564//3492 3561//3489
f 3562//3490 3563//3491 3565//3493
f 3562//3490 3565//3493 3564//3492
f 3563//3491 3556//3484 3566//3494
f 3563//3491 3566//3494 3565//3493
f 3566//3494 3556//3484 3554//3482
f 3564//3492 3565//3493 3567//3495
f 3567//3495 3565//3493 3566//3494
f 3566//3494 3554//3482 3568//3496
f 3566//3494 3568//3496 3567//3495
f 3568//3496 3554//3482 3553//3481
f 3564//3492 3567//3495 3569//3497
f 3564//3492 3569//3497 3561//3489
f 3567//3495 3568//3496 3570//3498
f 3567//3495 3570//3498 3569//3497
f 3568//3496 3553//3481 3571//3499
f 3568//3496 3571//3499 3570//3498
f 3571//3499 3553//3481 3552//3480
f 3561//3489 3569//3497 3572//3500
f 3561//3489 3572//3500 3543//3471
f 3543//3471 3572//3500 3511//3439
f 3511//3439 3572//3500 3509//3437
f 3572//3500 3569//3497 3573//3501
f 3572//3500 3573//3501 3509//3437
f 3573//3501 3569//3497 3570//3498
f 3509//3437 3573//3501 3503//3432
f 3573//3501 3570//3498 3574//2702
f 3573//3501 3574//2702 3503//3432
f 3574//2702 3570//3498 3571//3499
f 3503//3432 3574//2702 3575//3502
f 3503//3432 3575//3502 3502//3431
f 3502//3431 3575//3502 3530//3458
f 3575//3502 3574//2702 3576//3503
f 3575//3502 3576//3503 3530//3458
f 3576//3503 3574//2702 3571//3499
f 3530//3458 3576//3503 3531//3459
f 3576//3503 3571//3499 3552//3480
f 3576//3503 3552//3480 3531//3459
f 3455//1321 3459//1321 3457//1321
o tripo_part_15
g tripo_part_15
usemtl mat_0
v 0.192766368 0.238743871 0.067518033
vn -0.189328864 -0.765204191 0.615318835
v 0.198637187 0.242657751 0.069471158
vn 0.133428782 -0.486622661 0.863362789
v 0.190809429 0.242657751 0.067518033
vn -0.674826384 -0.109855458 0.729754150
v 0.194723308 0.238743871 0.059686460
vn 0.267924249 -0.929854751 0.252164006
v 0.188852489 0.240704626 0.059686460
v 0.190809429 0.236790746 0.059686460
vn -0.370792121 -0.891478896 0.260343403
v 0.184938610 0.258317083 0.055772580
vn -0.953584015 -0.204902351 0.220664069
v 0.190809429 0.234829992 0.044030942
vn -0.852856100 -0.521189809 0.031587262
v 0.192766368 0.232876867 0.044030942
vn -0.377812237 -0.897304058 0.228261545
v 0.184938610 0.252446264 0.040117063
vn -0.959085166 -0.283008724 0.007861353
v 0.192766368 0.230916113 0.026418485
vn -0.918162704 -0.392377228 -0.054932814
v 0.186895549 0.248532385 0.024461545
vn -0.948298156 -0.300294399 -0.102732293
v 0.175153553 0.285714239 0.034246244
vn -0.954028547 -0.299612284 0.007884533
v 0.177110493 0.283757299 0.018590726
v 0.179067552 0.281800359 0.012719906
vn -0.678787589 -0.315715164 -0.663001835
v 0.188852489 0.246571630 0.016633786
vn -0.684318483 -0.291032016 -0.668587029
v 0.194723308 0.227002233 0.026418485
vn -0.197377309 -0.971096396 0.134216562
v 0.194723308 0.228962988 0.018590726
vn -0.718632638 -0.181632414 -0.671250224
v 0.196680248 0.232876867 0.044030942
vn 0.213227332 -0.916087806 0.339584231
v 0.194723308 0.225049108 0.018590726
vn -0.510216057 -0.769248843 -0.384624422
v 0.196680248 0.228962988 0.026418485
vn 0.370354384 -0.898306370 0.236396417
v 0.202551067 0.230916113 0.016633786
vn 0.102687426 -0.213273898 -0.971581042
v 0.196680248 0.248532385 0.014676846
vn 0.031562667 -0.102578662 -0.994224012
v 0.184938610 0.283757299 0.010762966
vn 0.007847544 -0.149103329 -0.988790512
v 0.202551067 0.227002233 0.018590726
vn 0.284170181 -0.884085059 -0.370999992
v 0.202551067 0.228962988 0.026418485
vn 0.236543357 -0.938288569 0.252312899
v 0.167326152 0.313111395 0.006848848
vn -0.675346375 -0.329820335 -0.659640670
v 0.200594127 0.234829992 0.044030942
vn 0.346984178 -0.883232474 0.315440148
v 0.200594127 0.238743871 0.059686460
vn 0.228339404 -0.921231389 0.314950883
v 0.204508007 0.240704626 0.059686460
vn 0.386823356 -0.860484660 0.331562877
v 0.206464946 0.236790746 0.044030942
vn 0.164798409 -0.949552834 0.266816467
v 0.206464946 0.230916113 0.026418485
vn 0.432802618 -0.865605235 0.251812428
v 0.210378826 0.230916113 0.018590726
vn 0.857815862 -0.220356375 -0.464322329
v 0.210378826 0.232876867 0.026418485
v 0.210378826 0.236790746 0.044030942
vn 0.717938960 -0.662712812 0.213014856
v 0.208421886 0.232876867 0.018590726
vn 0.622317433 0.275710255 -0.732601523
v 0.210378826 0.236790746 0.026418485
vn 0.981941283 0.125688478 -0.141399533
v 0.204508007 0.252446264 0.016633786
vn 0.741146088 0.149806142 -0.654416263
v 0.210378826 0.240704626 0.042074002
vn 0.986149132 0.165673047 0.007889193
v 0.192766368 0.285714239 0.012719906
vn 0.648794293 0.118681878 -0.751651883
v 0.204508007 0.254403204 0.022504605
vn 0.954859972 0.284090549 -0.086805448
v 0.194723308 0.287671179 0.018590726
vn 0.930635333 0.291809380 -0.220828727
v 0.175153553 0.315068334 0.004892028
vn 0.070610501 -0.133375391 -0.988547087
v 0.181024253 0.317025274 0.006848848
vn 0.666651309 0.109801389 -0.737237930
v 0.159498394 0.340508550 0.002935088
vn -0.663084447 -0.347329974 -0.663084447
v 0.204508007 0.258317083 0.038160123
vn 0.953791440 0.299537778 -0.023647722
v 0.165369213 0.342465490 0.000978029
vn -0.055166017 -0.204902336 -0.977226615
v 0.182981193 0.318982214 0.012719906
vn 0.925139725 0.308379918 -0.221400976
v 0.171239555 0.346379369 0.000978029
vn 0.914037824 0.370342910 -0.165472358
v 0.194723308 0.291585058 0.034246244
vn 0.949348211 0.313834101 -0.015691705
v 0.182981193 0.322896093 0.028375424
vn 0.934433341 0.345504791 -0.086376198
v 0.202551067 0.262230963 0.055772580
vn 0.933943927 0.337475538 0.117724031
v 0.171239555 0.346379369 0.008806027
vn 0.912594080 0.401226699 -0.078671902
v 0.192766368 0.295498937 0.047944821
vn 0.944442868 0.314814270 0.094444282
v 0.171239555 0.350293249 0.020547666
vn 0.916316330 0.387064666 -0.102690622
v 0.208421886 0.246571630 0.059686460
vn 0.967395008 0.204489991 0.149434999
v 0.182981193 0.326809973 0.042074002
vn 0.921031535 0.377859116 0.094464779
v 0.208421886 0.242657751 0.059686460
vn 0.835760593 -0.465187460 0.291727751
v 0.206464946 0.244618505 0.067518033
vn 0.647983491 -0.387209684 0.655885756
v 0.206464946 0.246571630 0.067518033
vn 0.677753866 0.220664069 0.701396465
v 0.198637187 0.244618505 0.069471158
vn -0.015693637 0.149089560 0.988699138
v 0.200594127 0.264187902 0.061643399
vn 0.653037429 0.369792283 0.660905361
v 0.186895549 0.260274023 0.061643399
vn -0.703057706 -0.015799049 0.710957229
v 0.192766368 0.262230963 0.063600339
vn -0.102687426 0.213273898 0.971581042
v 0.190809429 0.297455877 0.055772580
vn 0.655149758 0.347308338 0.670936525
v 0.175153553 0.289628118 0.049901761
vn -0.942750931 -0.243543983 0.227831453
v 0.177110493 0.291585058 0.055772580
vn -0.693774223 -0.063070379 0.717425585
v 0.182981193 0.295498937 0.057729520
vn -0.094723403 0.181553185 0.978808463
v 0.181024253 0.326809973 0.047944821
vn 0.616393805 0.410929173 0.671711147
v 0.173196495 0.326809973 0.049901761
vn 0.047321912 0.268157482 0.962212205
v 0.165369213 0.320939153 0.042074002
v 0.169282615 0.354207128 0.040117063
vn 0.590697706 0.504061997 0.630077541
v 0.171239555 0.354207128 0.034246244
vn 0.886909008 0.455227613 0.078487523
v 0.167326152 0.322896093 0.049901761
vn -0.628345490 -0.023562957 0.777577519
v 0.163412273 0.354207128 0.042074002
vn -0.102055795 0.400372714 0.910651684
v 0.161455333 0.371819586 0.030332364
vn 0.432641894 0.786621630 0.440508127
v 0.157541454 0.350293249 0.040117063
vn -0.736694336 0.054860219 0.673996925
v 0.155584514 0.369862646 0.030332364
vn -0.267286003 0.636769652 0.723244548
v 0.161455333 0.369862646 0.024461545
vn 0.860163093 0.505049884 -0.071022637
v 0.155584514 0.377690405 0.018590726
vn 0.441396683 0.851265013 0.283755004
v 0.151670635 0.377690405 0.018590726
vn -0.314687610 0.794586182 0.519234538
v 0.151670635 0.367905706 0.030332364
vn -0.694205880 0.331325501 0.638984919
v 0.155584514 0.348336309 0.034246244
vn -0.946202815 -0.220780656 0.236550704
v 0.149713695 0.365948766 0.024461545
vn -0.977226615 -0.078808598 0.197021484
v 0.155584514 0.344422430 0.022504605
vn -0.948564768 -0.316188246 0.015809411
v 0.149713695 0.375737280 0.018590726
vn -0.754759848 0.463862836 0.463862836
v 0.147756755 0.375737280 0.014676846
vn -0.985352337 0.094593823 0.141890720
v 0.147756755 0.379651159 0.010762966
vn -0.888662577 0.424670637 0.173013955
v 0.149713695 0.381604284 0.010762966
vn -0.377123624 0.895668566 0.235702276
v 0.149713695 0.363991827 0.014676846
vn -0.979510546 -0.197481960 -0.039496392
v 0.147756755 0.379651159 0.008806027
vn -0.913612485 0.283534914 -0.291410893
v 0.149713695 0.381604284 0.008806027
vn -0.386162102 0.882656276 -0.267949224
v 0.151670635 0.381604284 0.010762966
vn 0.323668540 0.931533813 0.165781438
v 0.149713695 0.373776525 0.008806027
vn -0.974898219 -0.165103719 -0.149379566
v 0.151670635 0.358121008 0.002935088
vn -0.934462190 -0.266989201 -0.235578716
v 0.149713695 0.377690405 0.004892028
vn -0.967036128 0.251586616 -0.039310411
v 0.149713695 0.371819586 0.000978029
vn -0.961226106 -0.220609263 -0.165456936
v 0.151670635 0.379651159 0.004892028
vn -0.252966434 0.893287659 -0.371544451
v 0.151670635 0.377690405 -0.000978672
vn -0.157324329 0.936079741 -0.314648658
v 0.147756755 0.377690405 0.000978029
vn -0.902912557 -0.423976332 0.070662715
v 0.151670635 0.381604284 0.008806027
vn 0.376612544 0.910146952 -0.172614083
v 0.153627574 0.379651159 0.004892028
vn 0.534621596 0.825518668 -0.180827886
vn -0.836410701 0.544455945 0.063125335
vn -0.329840690 0.667534709 -0.667534709
v 0.151670635 0.381604284 0.002935088
v 0.149713695 0.375737280 -0.002935612
vn -0.622162998 0.070879325 -0.779672623
vn -0.424264073 0.707106829 -0.565685391
v 0.153627574 0.377690405 0.000978029
vn 0.619822383 0.784585238 -0.015691705
v 0.151670635 0.371819586 -0.002935612
vn -0.754433572 -0.188608393 -0.628694594
v 0.151670635 0.377690405 -0.002935612
vn -0.584218681 0.489480495 -0.647377372
vn -0.306535959 0.951047480 0.039299481
v 0.153627574 0.358121008 -0.000978672
vn -0.580432355 -0.290216178 -0.760836959
v 0.153627574 0.377690405 -0.004892551
vn -0.118641049 0.379651338 -0.917490721
v 0.149713695 0.381604284 -0.000978672
vn 0.007889193 0.828365386 0.560132742
vn 0.433057457 0.220465600 0.873988688
v 0.153627574 0.371819586 -0.004892551
vn -0.204806969 -0.063017532 -0.976771712
v 0.161455333 0.362034887 -0.002935612
vn 0.496001542 0.062984325 -0.866034448
v 0.157541454 0.371819586 -0.002935612
vn 0.651928544 0.172800347 -0.738328695
v 0.157541454 0.342465490 0.008806027
vn -0.926952541 -0.353498876 -0.125688478
v 0.165369213 0.315068334 0.014676846
vn -0.949903846 -0.306167334 -0.062803559
v 0.165369213 0.317025274 0.028375424
vn -0.954830170 -0.291972876 0.055238109
v 0.163412273 0.363991827 0.002935088
vn 0.889708638 0.385802835 -0.244079366
v 0.163412273 0.367905706 0.014676846
vn 0.851582527 0.520411551 -0.063080184
v 0.155584514 0.377690405 0.014676846
vn 0.761774898 0.643974662 -0.070680141
v 0.155584514 0.375737280 0.008806027
v 0.157541454 0.373776525 0.000978029
vn 0.433865130 0.686295748 0.583745837
v 0.159498394 0.375737280 0.000978029
vn 0.791832387 0.593874335 0.142529830
v 0.155584514 0.377690405 -0.004892551
vn 0.748681664 0.583183646 0.315234393
v 0.151670635 0.381604284 -0.000978672
vn 0.394717723 0.592076600 0.702597558
v 0.155584514 0.379651159 -0.006849491
vn 0.789287865 0.584073067 0.189429089
v 0.155584514 0.379651159 -0.002935612
v 0.153627574 0.381604284 0.002935088
vn 0.306763470 0.951753318 -0.007865730
v 0.155584514 0.379651159 0.002935088
vn 0.732828915 0.661909938 0.157597601
v 0.153627574 0.379651159 0.008806027
vn 0.118308455 0.717737973 0.686188996
v 0.157541454 0.373776525 0.008806027
vn 0.730451584 0.345590025 0.589073896
v 0.151670635 0.377690405 0.008806027
vn -0.204673648 0.511684120 0.834438801
v 0.153627574 0.371819586 0.010762966
vn 0.039208755 0.148993269 0.988060594
v 0.149713695 0.377690405 0.008806027
vn -0.650785267 0.439084023 0.619422138
v 0.149713695 0.379651159 0.002935088
vn -0.881479979 0.377777129 0.283332825
v 0.157541454 0.369862646 0.010762966
vn 0.441054314 0.165395364 0.882108629
v 0.157541454 0.360077947 0.008806027
vn 0.062865578 -0.007858197 0.997991085
v 0.151670635 0.369862646 0.010762966
vn -0.528707623 -0.086802743 0.844353974
v 0.149713695 0.371819586 0.006848848
vn -0.974898219 -0.149379566 0.165103719
v 0.161455333 0.360077947 0.010762966
vn 0.371266097 0.150086299 0.916316330
v 0.151670635 0.360077947 0.012719906
vn -0.511922121 -0.031502899 0.858454049
v 0.163412273 0.340508550 0.008806027
vn -0.078591682 -0.243634209 0.966677666
v 0.151670635 0.362034887 0.002935088
vn -0.975622237 -0.212433875 0.055075448
v 0.157541454 0.340508550 0.006848848
vn -0.777793527 -0.377112001 0.502816021
v 0.169282615 0.344422430 0.008806027
vn 0.590807676 0.133916393 0.795620918
v 0.163412273 0.360077947 0.002935088
vn 0.909097970 0.347828805 0.229250789
v 0.163412273 0.367905706 -0.006849491
vn 0.904139519 0.416690409 0.094344996
v 0.171239555 0.350293249 -0.012720310
vn 0.906834006 0.402161181 0.126168206
v 0.161455333 0.371819586 -0.016634189
vn 0.883177519 0.449474245 0.134053722
v 0.182981193 0.322896093 -0.018591128
vn 0.931243718 0.347243458 0.110486545
v 0.182981193 0.318982214 -0.004892551
vn 0.914264858 0.323145330 0.244329408
v 0.181024253 0.317025274 0.000978029
vn 0.672446430 0.134489283 0.727824450
v 0.194723308 0.293541998 -0.024461947
vn 0.945556402 0.323065072 0.039398182
v 0.194723308 0.287671179 -0.008806431
vn 0.927639723 0.283008724 0.243701965
v 0.175153553 0.315068334 0.002935088
vn 0.079022378 -0.134338051 0.987779796
v 0.182981193 0.328766912 -0.032289706
vn 0.927983880 0.369620711 -0.047185622
v 0.192766368 0.297455877 -0.038160525
vn 0.940345347 0.329120845 -0.086198322
v 0.202551067 0.266144842 -0.045988284
vn 0.938026190 0.331068069 -0.102473453
v 0.192766368 0.285714239 -0.002935612
vn 0.640321255 0.118578017 0.758899271
v 0.204508007 0.260274023 -0.030332766
vn 0.955216944 0.292091131 0.047366127
v 0.204508007 0.250489324 -0.006849491
vn 0.659457743 0.094208248 0.745815277
v 0.204508007 0.254403204 -0.014677250
vn 0.955932021 0.268608987 0.118503965
v 0.208421886 0.248532385 -0.049902163
vn 0.968203902 0.228275701 -0.102330483
v 0.210378826 0.242657751 -0.034246646
v 0.210378826 0.234829992 -0.018591128
vn 0.984587789 0.102397121 0.141780630
v 0.208421886 0.246571630 -0.051859103
vn 0.820910513 -0.434135407 -0.370988429
v 0.210378826 0.238743871 -0.034246646
vn 0.872448504 -0.432294309 -0.227936998
v 0.208421886 0.232876867 -0.010763370
vn 0.715537965 0.141534969 0.684085727
v 0.206464946 0.248532385 -0.057729922
vn 0.644630969 -0.385206342 -0.660353661
v 0.204508007 0.244618505 -0.049902163
vn 0.315420538 -0.859520972 -0.402161181
v 0.210378826 0.232876867 -0.018591128
v 0.206464946 0.250489324 -0.057729922
vn 0.702597558 0.213147581 -0.678914428
v 0.198637187 0.246571630 -0.059686862
vn 0.164818704 -0.447365075 -0.879033148
v 0.200594127 0.268101782 -0.051859103
vn 0.650545359 0.391894788 -0.650545359
v 0.198637187 0.250489324 -0.059686862
vn -0.015733894 0.180939779 -0.983368337
v 0.190809429 0.299412817 -0.045988284
vn 0.684763491 0.338446319 -0.645409286
v 0.192766368 0.266144842 -0.053816043
vn -0.109909609 0.235520601 -0.965634465
v 0.186895549 0.264187902 -0.051859103
vn -0.691201389 -0.007854560 -0.722619593
v 0.181024253 0.328766912 -0.040117465
vn 0.606205344 0.417258233 -0.677060425
v 0.184938610 0.297455877 -0.047945224
vn -0.007867677 0.180956572 -0.983459711
v 0.177110493 0.295498937 -0.045988284
vn -0.639981389 -0.055307034 -0.766397476
v 0.173196495 0.326809973 -0.042074405
vn -0.102143943 0.235716820 -0.966438949
v 0.169282615 0.356164068 -0.030332766
vn 0.620261610 0.518193185 -0.588855922
v 0.171239555 0.354207128 -0.026418887
vn 0.896859705 0.440562665 -0.039335951
v 0.161455333 0.373776525 -0.020548068
vn 0.535101414 0.763306439 -0.361980379
v 0.163412273 0.356164068 -0.032289706
vn 0.023606684 0.424920321 -0.904922903
v 0.167326152 0.324853033 -0.040117465
vn -0.682400167 -0.047062080 -0.729462266
v 0.155584514 0.371819586 -0.022505008
vn -0.275453955 0.613868892 -0.739790678
v 0.155584514 0.379651159 -0.008806431
vn 0.544388235 0.804747820 -0.236690551
v 0.157541454 0.352250189 -0.032289706
v 0.151670635 0.379651159 -0.010763370
vn -0.220746353 0.819914997 -0.528214455
v 0.151670635 0.383565038 -0.002935612
vn 0.086773030 0.986057103 0.141992211
v 0.149713695 0.381604284 -0.002935612
vn -0.361354411 0.919097006 -0.157110602
v 0.147756755 0.381604284 -0.002935612
vn -0.828159213 0.544218838 -0.134082913
v 0.147756755 0.381604284 -0.000978672
vn -0.775776923 0.593706846 0.213734463
v 0.149713695 0.377690405 -0.010763370
vn -0.881125331 0.330421984 -0.338289171
v 0.151670635 0.369862646 -0.020548068
vn -0.766038835 0.284303069 -0.576503456
v 0.149713695 0.377690405 -0.006849491
vn -0.973455131 -0.227662891 -0.023551334
v 0.149713695 0.373776525 0.000978029
vn -0.994224131 -0.102578677 0.031562671
v 0.149713695 0.367905706 -0.016634189
vn -0.971035898 -0.031578403 -0.236838028
v 0.149713695 0.363991827 -0.006849491
vn -0.981577873 -0.188462943 0.031410493
v 0.155584514 0.346379369 -0.012720310
vn -0.949348211 -0.313834101 -0.015691705
v 0.155584514 0.350293249 -0.026418887
vn -0.947824717 -0.213260561 -0.236956179
v 0.165369213 0.322896093 -0.034246646
vn -0.936398566 -0.259673566 -0.236066878
v 0.157541454 0.342465490 0.000978029
vn -0.958640933 -0.282877624 -0.031430848
v 0.165369213 0.318982214 -0.020548068
vn -0.953317583 -0.291510344 -0.078786574
v 0.175153553 0.291585058 -0.040117465
vn -0.936514497 -0.243965983 -0.251835853
v 0.165369213 0.313111395 -0.004892551
vn -0.936282575 -0.338320583 0.094415054
v 0.167326152 0.313111395 0.000978029
vn -0.620931804 -0.353695363 0.699530840
v 0.175153553 0.287671179 -0.024461947
vn -0.951311946 -0.306621194 -0.031448327
v 0.177110493 0.283757299 -0.010763370
vn -0.938755631 -0.331325501 0.094664432
v 0.184938610 0.283757299 -0.000978672
vn 0.007856500 -0.141416997 0.989919007
v 0.179067552 0.281800359 -0.002935612
vn -0.683009744 -0.314027488 0.659457743
v 0.184938610 0.260274023 -0.045988284
vn -0.953110516 -0.189046711 -0.236308396
v 0.184938610 0.254403204 -0.030332766
vn -0.960957706 -0.275684565 -0.023630107
v 0.186895549 0.248532385 -0.014677250
vn -0.945233583 -0.307200909 0.110277250
v 0.188852489 0.246571630 -0.008806431
vn -0.669021845 -0.306962967 0.676892638
v 0.196680248 0.248532385 -0.006849491
vn -0.078845330 -0.149806142 0.985566676
v 0.202551067 0.228962988 -0.008806431
vn 0.062943369 -0.385528117 0.920546770
v 0.194723308 0.228962988 -0.010763370
vn -0.655170202 -0.331531882 0.678851008
v 0.192766368 0.230916113 -0.018591128
vn -0.921345592 -0.385862678 0.047248494
v 0.210378826 0.228962988 -0.010763370
vn 0.777577519 -0.471259117 0.416278899
v 0.190809429 0.236790746 -0.034246646
vn -0.925839126 -0.376612544 -0.031384379
v 0.194723308 0.227002233 -0.018591128
vn -0.297812611 -0.932623684 -0.203766510
v 0.194723308 0.225049108 -0.012720310
vn -0.519813955 -0.834852695 0.181147292
v 0.202551067 0.227002233 -0.010763370
vn 0.188958809 -0.944794059 0.267691642
v 0.206464946 0.230916113 -0.018591128
vn 0.400422037 -0.863655388 -0.306205094
v 0.196680248 0.228962988 -0.020548068
vn 0.322814643 -0.889708638 -0.322814643
v 0.202551067 0.228962988 -0.018591128
vn 0.260863483 -0.924879611 -0.276673377
v 0.206464946 0.236790746 -0.036203586
vn 0.308370262 -0.846041501 -0.434881151
v 0.200594127 0.236790746 -0.036203586
vn 0.236161917 -0.873799086 -0.425091445
v 0.196680248 0.234829992 -0.036203586
vn 0.402612060 -0.836801589 -0.371034652
v 0.200594127 0.242657751 -0.049902163
vn 0.410672754 -0.829243124 -0.379082561
v 0.194723308 0.240704626 -0.051859103
vn 0.212955222 -0.875482559 -0.433797657
v 0.192766368 0.232876867 -0.036203586
vn -0.346242100 -0.889212668 -0.299027264
v 0.190809429 0.240704626 -0.051859103
vn -0.409436107 -0.826746047 -0.385814816
v 0.192766368 0.244618505 -0.059686862
vn -0.268324465 -0.299892068 -0.915459931
v 0.188852489 0.242657751 -0.051859103
vn -0.859227240 -0.425672203 -0.283781439
v 0.190809429 0.246571630 -0.057729922
vn -0.707084954 0.007856499 -0.707084954
f 3577//3504 3578//3505 3579//3506
f 3578//3505 3577//3504 3580//3507
f 3577//3504 3579//3506 3581//2347
f 3577//3504 3581//2347 3582//3508
f 3577//3504 3582//3508 3580//3507
f 3581//2347 3579//3506 3583//3509
f 3582//3508 3581//2347 3584//3510
f 3580//3507 3582//3508 3585//3511
f 3585//3511 3582//3508 3584//3510
f 3584//3510 3581//2347 3586//3512
f 3586//3512 3581//2347 3583//3509
f 3585//3511 3584//3510 3587//3513
f 3584//3510 3586//3512 3588//3514
f 3584//3510 3588//3514 3587//3513
f 3586//3512 3583//3509 3589//3515
f 3588//3514 3586//3512 3590//1895
f 3590//1895 3586//3512 3589//3515
f 3588//3514 3590//1895 3591//3516
f 3587//3513 3588//3514 3592//3517
f 3592//3517 3588//3514 3591//3516
f 3593//3518 3585//3511 3587//3513
f 3587//3513 3592//3517 3594//3519
f 3587//3513 3594//3519 3593//3518
f 3585//3511 3593//3518 3595//3520
f 3585//3511 3595//3520 3580//3507
f 3593//3518 3594//3519 3596//3521
f 3593//3518 3596//3521 3597//3522
f 3593//3518 3597//3522 3595//3520
f 3596//3521 3594//3519 3598//3523
f 3599//3524 3594//3519 3592//3517
f 3594//3519 3599//3524 3598//3523
f 3599//3524 3592//3517 3600//3525
f 3600//3525 3592//3517 3591//3516
f 3597//3522 3596//3521 3601//3526
f 3601//3526 3596//3521 3598//3523
f 3597//3522 3601//3526 3602//3527
f 3597//3522 3602//3527 3595//3520
f 3600//3525 3591//3516 3603//3528
f 3603//3528 3591//3516 3590//1895
f 3595//3520 3602//3527 3604//3529
f 3595//3520 3604//3529 3580//3507
f 3580//3507 3604//3529 3605//3530
f 3580//3507 3605//3530 3578//3505
f 3605//3530 3604//3529 3606//3531
f 3605//3530 3606//3531 3578//3505
f 3604//3529 3602//3527 3607//3532
f 3604//3529 3607//3532 3606//3531
f 3607//3532 3602//3527 3608//3533
f 3608//3533 3602//3527 3601//3526
f 3608//3533 3601//3526 3609//3534
f 3609//3534 3601//3526 3598//3523
f 3607//3532 3608//3533 3610//2851
f 3610//2851 3608//3533 3609//3534
f 3606//3531 3607//3532 3611//3535
f 3611//3535 3607//3532 3610//2851
f 3610//2851 3609//3534 3612//3536
f 3612//3536 3609//3534 3598//3523
f 3611//3535 3610//2851 3613//3537
f 3613//3537 3610//2851 3612//3536
f 3612//3536 3598//3523 3614//3538
f 3612//3536 3614//3538 3613//3537
f 3614//3538 3598//3523 3599//3524
f 3611//3535 3613//3537 3615//3539
f 3614//3538 3599//3524 3616//3540
f 3616//3540 3599//3524 3600//3525
f 3613//3537 3614//3538 3617//3541
f 3613//3537 3617//3541 3615//3539
f 3614//3538 3616//3540 3618//3542
f 3614//3538 3618//3542 3617//3541
f 3616//3540 3600//3525 3619//3543
f 3619//3543 3600//3525 3603//3528
f 3616//3540 3619//3543 3620//3544
f 3616//3540 3620//3544 3618//3542
f 3619//3543 3603//3528 3621//3545
f 3617//3541 3618//3542 3622//3546
f 3617//3541 3622//3546 3615//3539
f 3620//3544 3619//3543 3623//3547
f 3623//3547 3619//3543 3621//3545
f 3618//3542 3620//3544 3624//3548
f 3620//3544 3623//3547 3625//3549
f 3620//3544 3625//3549 3624//3548
f 3618//3542 3624//3548 3626//3550
f 3618//3542 3626//3550 3622//3546
f 3626//3550 3624//3548 3627//3551
f 3622//3546 3626//3550 3628//3552
f 3627//3551 3624//3548 3629//3553
f 3629//3553 3624//3548 3625//3549
f 3626//3550 3627//3551 3630//3554
f 3626//3550 3630//3554 3628//3552
f 3627//3551 3629//3553 3631//3555
f 3622//3546 3628//3552 3632//3556
f 3622//3546 3632//3556 3615//3539
f 3630//3554 3627//3551 3633//3557
f 3633//3557 3627//3551 3631//3555
f 3615//3539 3632//3556 3634//3558
f 3615//3539 3634//3558 3611//3535
f 3611//3535 3634//3558 3606//3531
f 3606//3531 3634//3558 3635//3559
f 3635//3559 3634//3558 3632//3556
f 3606//3531 3635//3559 3578//3505
f 3635//3559 3632//3556 3636//3560
f 3635//3559 3636//3560 3578//3505
f 3636//3560 3632//3556 3628//3552
f 3578//3505 3636//3560 3637//3561
f 3578//3505 3637//3561 3579//3506
f 3636//3560 3628//3552 3638//3562
f 3636//3560 3638//3562 3637//3561
f 3638//3562 3628//3552 3630//3554
f 3579//3506 3637//3561 3639//3563
f 3579//3506 3639//3563 3583//3509
f 3637//3561 3638//3562 3640//3564
f 3637//3561 3640//3564 3639//3563
f 3638//3562 3630//3554 3641//3565
f 3638//3562 3641//3565 3640//3564
f 3641//3565 3630//3554 3633//3557
f 3583//3509 3639//3563 3642//3566
f 3583//3509 3642//3566 3589//3515
f 3639//3563 3640//3564 3643//3567
f 3639//3563 3643//3567 3642//3566
f 3640//3564 3641//3565 3644//3568
f 3640//3564 3644//3568 3643//3567
f 3644//3568 3641//3565 3645//3569
f 3645//3569 3641//3565 3633//3557
f 3643//3567 3644//3568 3646//3570
f 3646//3570 3644//3568 3645//3569
f 3642//3566 3643//3567 3647//3440
f 3645//3569 3633//3557 3648//3571
f 3645//3569 3648//3571 3646//3570
f 3648//3571 3633//3557 3649//3572
f 3649//3572 3633//3557 3631//3555
f 3643//3567 3646//3570 3650//3573
f 3643//3567 3650//3573 3647//3440
f 3646//3570 3648//3571 3651//3574
f 3646//3570 3651//3574 3650//3573
f 3648//3571 3649//3572 3652//3575
f 3648//3571 3652//3575 3651//3574
f 3650//3573 3651//3574 3653//3576
f 3650//3573 3653//3576 3647//3440
f 3651//3574 3652//3575 3654//3577
f 3651//3574 3654//3577 3653//3576
f 3652//3575 3649//3572 3655//3578
f 3655//3578 3649//3572 3631//3555
f 3654//3577 3652//3575 3656//3579
f 3656//3579 3652//3575 3655//3578
f 3654//3577 3656//3579 3657//3580
f 3653//3576 3654//3577 3658//3581
f 3658//3581 3654//3577 3657//3580
f 3653//3576 3658//3581 3659//3582
f 3653//3576 3659//3582 3647//3440
f 3659//3582 3658//3581 3660//3583
f 3647//3440 3659//3582 3661//3584
f 3661//3584 3659//3582 3660//3583
f 3660//3583 3658//3581 3662//3585
f 3662//3585 3658//3581 3657//3580
f 3660//3583 3662//3585 3663//3586
f 3662//3585 3657//3580 3664//3587
f 3662//3585 3664//3587 3663//3586
f 3664//3587 3657//3580 3665//3588
f 3660//3583 3663//3586 3666//3589
f 3660//3583 3666//3589 3661//3584
f 3663//3586 3664//3587 3667//3590
f 3664//3587 3665//3588 3668//3591
f 3664//3587 3668//3591 3667//3590
f 3665//3588 3657//3580 3669//3592
f 3665//3588 3669//3592 3668//3591
f 3669//3592 3657//3580 3656//3579
f 3670//3593 3666//3589 3663//3586
f 3670//3593 3663//3586 3667//3590
f 3666//3589 3670//3593 3671//3594
f 3666//3589 3671//3594 3661//3584
f 3670//3593 3667//3590 3672//3595
f 3672//3595 3667//3590 3668//3591
f 3670//3593 3672//3595 3673//3596
f 3670//3593 3673//3596 3671//3594
f 3672//3595 3668//3591 3674//3597
f 3675//3598 3676//3598 3674//3597
f 3672//3595 3674//3597 3676//3599
f 3672//3595 3676//3599 3673//3596
f 3674//3597 3668//3591 3677//3600
f 3677//3600 3668//3591 3669//3592
f 3674//3597 3677//3600 3678//3601
f 3674//3597 3678//3601 3675//3602
f 3676//3603 3679//3603 3675//3602
f 3673//3596 3676//3599 3680//3604
f 3679//3605 3680//3604 3676//3605
f 3675//3602 3678//3601 3681//3606
f 3673//3596 3680//3604 3682//3607
f 3682//3607 3680//3604 3683//3608
f 3683//3608 3680//3604 3679//3609
f 3673//3596 3682//3607 3684//3610
f 3682//3607 3683//3608 3685//3611
f 3685//3611 3683//3608 3679//3609
f 3673//3596 3684//3610 3671//3594
f 3675//3602 3681//3606 3686//3612
f 3679//3609 3676//3599 3686//3612
f 3675//3613 3686//3612 3676//3613
f 3687//3614 3684//3610 3682//3607
f 3687//3614 3682//3607 3685//3611
f 3684//3610 3687//3614 3688//3615
f 3687//3614 3685//3611 3689//3616
f 3687//3614 3689//3616 3688//3615
f 3684//3610 3688//3615 3623//3547
f 3684//3610 3623//3547 3621//3545
f 3684//3610 3621//3545 3671//3594
f 3623//3547 3688//3615 3625//3549
f 3671//3594 3621//3545 3690//3617
f 3671//3594 3690//3617 3661//3584
f 3690//3617 3621//3545 3691//3618
f 3691//3618 3621//3545 3603//3528
f 3691//3618 3603//3528 3590//1895
f 3691//3618 3590//1895 3589//3515
f 3690//3617 3691//3618 3692//3619
f 3690//3617 3692//3619 3661//3584
f 3692//3619 3691//3618 3589//3515
f 3661//3584 3692//3619 3647//3440
f 3692//3619 3589//3515 3642//3566
f 3692//3619 3642//3566 3647//3440
f 3625//3549 3688//3615 3629//3553
f 3629//3553 3688//3615 3693//3620
f 3629//3553 3693//3620 3631//3555
f 3693//3620 3688//3615 3689//3616
f 3631//3555 3693//3620 3694//3621
f 3631//3555 3694//3621 3655//3578
f 3655//3578 3694//3621 3695//3622
f 3655//3578 3695//3622 3656//3579
f 3656//3579 3695//3622 3669//3592
f 3669//3592 3695//3622 3677//3600
f 3695//3622 3694//3621 3696//177
f 3695//3622 3696//177 3677//3600
f 3696//177 3694//3621 3693//3620
f 3677//3600 3696//177 3678//3601
f 3678//3601 3696//177 3697//3623
f 3697//3623 3696//177 3693//3620
f 3678//3601 3697//3623 3681//3606
f 3697//3623 3693//3620 3698//3624
f 3698//3624 3693//3620 3689//3616
f 3681//3606 3697//3623 3699//3625
f 3699//3625 3697//3623 3698//3624
f 3681//3606 3699//3625 3700//3626
f 3681//3606 3700//3626 3686//3612
f 3700//3626 3699//3625 3701//3627
f 3698//3624 3689//3616 3702//3325
f 3702//3325 3689//3616 3685//3611
f 3702//3325 3685//3611 3703//3628
f 3703//3628 3685//3611 3679//3609
f 3702//3325 3703//3628 3704//3629
f 3702//3325 3704//3629 3698//3624
f 3704//3629 3703//3628 3705//3630
f 3705//3630 3703//3628 3679//3609
f 3704//3629 3705//3630 3706//3631
f 3704//3629 3706//3631 3698//3624
f 3705//3630 3679//3609 3707//3632
f 3706//3631 3705//3630 3708//3633
f 3708//3633 3705//3630 3707//3632
f 3707//3632 3679//3609 3709//3634
f 3707//3632 3709//3634 3708//3633
f 3709//3634 3679//3609 3710//3635
f 3706//3631 3708//3633 3711//3636
f 3706//3631 3711//3636 3698//3624
f 3710//3635 3679//3609 3686//3612
f 3711//3636 3708//3633 3712//3637
f 3708//3633 3709//3634 3713//3638
f 3708//3633 3713//3638 3712//3637
f 3709//3634 3710//3635 3714//3639
f 3709//3634 3714//3639 3713//3638
f 3711//3636 3712//3637 3715//3640
f 3711//3636 3715//3640 3698//3624
f 3712//3637 3713//3638 3716//3641
f 3715//3640 3712//3637 3717//3642
f 3717//3642 3712//3637 3716//3641
f 3716//3641 3713//3638 3718//3643
f 3718//3643 3713//3638 3714//3639
f 3717//3642 3716//3641 3719//3644
f 3719//3644 3716//3641 3718//3643
f 3715//3640 3717//3642 3720//3645
f 3721//3646 3698//3624 3715//3640
f 3721//3646 3715//3640 3720//3645
f 3698//3624 3721//3646 3722//3647
f 3698//3624 3722//3647 3699//3625
f 3699//3625 3722//3647 3701//3627
f 3722//3647 3721//3646 3723//3648
f 3721//3646 3720//3645 3625//3549
f 3721//3646 3625//3549 3723//3648
f 3701//3627 3722//3647 3724//3649
f 3724//3649 3722//3647 3723//3648
f 3723//3648 3625//3549 3725//3650
f 3625//3549 3720//3645 3726//3651
f 3625//3549 3726//3651 3725//3650
f 3726//3651 3720//3645 3727//3652
f 3727//3652 3720//3645 3717//3642
f 3725//3650 3726//3651 3728//3653
f 3726//3651 3727//3652 3729//3654
f 3726//3651 3729//3654 3728//3653
f 3727//3652 3717//3642 3730//3655
f 3731//3656 3723//3648 3725//3650
f 3725//3650 3728//3653 3732//3657
f 3725//3650 3732//3657 3731//3656
f 3730//3655 3717//3642 3719//3644
f 3732//3657 3728//3653 3733//3658
f 3727//3652 3730//3655 3734//3659
f 3727//3652 3734//3659 3729//3654
f 3735//3660 3728//3653 3729//3654
f 3728//3653 3735//3660 3733//3658
f 3729//3654 3734//3659 3736//3661
f 3735//3660 3729//3654 3737//3662
f 3737//3662 3729//3654 3736//3661
f 3733//3658 3735//3660 3738//3663
f 3735//3660 3737//3662 3739//1560
f 3735//3660 3739//1560 3738//3663
f 3739//1560 3737//3662 3740//3664
f 3740//3664 3737//3662 3736//3661
f 3738//3663 3739//1560 3741//3665
f 3739//1560 3740//3664 3742//3666
f 3739//1560 3742//3666 3741//3665
f 3740//3664 3736//3661 3743//3667
f 3738//3663 3741//3665 3744//3668
f 3741//3665 3742//3666 3745//3669
f 3741//3665 3745//3669 3744//3668
f 3742//3666 3740//3664 3746//912
f 3746//912 3740//3664 3743//3667
f 3738//3663 3744//3668 3747//3670
f 3738//3663 3747//3670 3733//3658
f 3747//3670 3744//3668 3748//3671
f 3748//3671 3744//3668 3745//3669
f 3733//3658 3747//3670 3749//3672
f 3733//3658 3749//3672 3732//3657
f 3749//3672 3747//3670 3750//3673
f 3750//3673 3747//3670 3748//3671
f 3732//3657 3749//3672 3751//3674
f 3749//3672 3750//3673 3752//3675
f 3749//3672 3752//3675 3751//3674
f 3732//3657 3751//3674 3731//3656
f 3752//3675 3750//3673 3753//3676
f 3731//3656 3751//3674 3754//3677
f 3751//3674 3752//3675 3755//3678
f 3751//3674 3755//3678 3754//3677
f 3755//3678 3752//3675 3756//3679
f 3756//3679 3752//3675 3753//3676
f 3754//3677 3755//3678 3757//3680
f 3757//3680 3755//3678 3756//3679
f 3731//3656 3754//3677 3758//3681
f 3758//3681 3754//3677 3757//3680
f 3731//3656 3758//3681 3759//3682
f 3731//3656 3759//3682 3723//3648
f 3723//3648 3759//3682 3724//3649
f 3759//3682 3758//3681 3760//3683
f 3759//3682 3760//3683 3724//3649
f 3758//3681 3757//3680 3761//3684
f 3758//3681 3761//3684 3760//3683
f 3761//3684 3757//3680 3762//3685
f 3762//3685 3757//3680 3756//3679
f 3760//3683 3761//3684 3763//3686
f 3724//3649 3760//3683 3764//3687
f 3764//3687 3760//3683 3763//3686
f 3724//3649 3764//3687 3701//3627
f 3763//3686 3761//3684 3765//1810
f 3765//1810 3761//3684 3762//3685
f 3764//3687 3763//3686 3766//3688
f 3701//3627 3764//3687 3767//3689
f 3767//3689 3764//3687 3766//3688
f 3701//3627 3767//3689 3700//3626
f 3700//3626 3767//3689 3686//3612
f 3686//3612 3767//3689 3768//3690
f 3768//3690 3767//3689 3766//3688
f 3686//3612 3768//3690 3769//3691
f 3769//3691 3768//3690 3766//3688
f 3686//3612 3769//3691 3770//3692
f 3686//3612 3770//3692 3710//3635
f 3769//3691 3766//3688 3771//3693
f 3772//3694 3766//3688 3763//3686
f 3766//3688 3772//3694 3771//3693
f 3772//3694 3763//3686 3765//1810
f 3769//3691 3771//3693 3773//3695
f 3769//3691 3773//3695 3770//3692
f 3710//3635 3770//3692 3774//3696
f 3774//3696 3770//3692 3773//3695
f 3710//3635 3774//3696 3714//3639
f 3714//3639 3774//3696 3718//3643
f 3775//3697 3771//3693 3772//3694
f 3771//3693 3775//3697 3773//3695
f 3774//3696 3773//3695 3776//3698
f 3776//3698 3773//3695 3775//3697
f 3774//3696 3776//3698 3718//3643
f 3776//3698 3775//3697 3777//3699
f 3776//3698 3777//3699 3718//3643
f 3775//3697 3772//3694 3778//3700
f 3778//3700 3772//3694 3765//1810
f 3775//3697 3778//3700 3777//3699
f 3778//3700 3765//1810 3779//3701
f 3778//3700 3779//3701 3777//3699
f 3779//3701 3765//1810 3762//3685
f 3779//3701 3762//3685 3756//3679
f 3780//3702 3718//3643 3777//3699
f 3718//3643 3780//3702 3719//3644
f 3777//3699 3779//3701 3781//3703
f 3777//3699 3781//3703 3780//3702
f 3779//3701 3756//3679 3782//3704
f 3779//3701 3782//3704 3781//3703
f 3782//3704 3756//3679 3753//3676
f 3719//3644 3780//3702 3783//3705
f 3783//3705 3780//3702 3781//3703
f 3719//3644 3783//3705 3784//3706
f 3719//3644 3784//3706 3730//3655
f 3783//3705 3781//3703 3785//3707
f 3785//3707 3781//3703 3782//3704
f 3784//3706 3783//3705 3786//3708
f 3786//3708 3783//3705 3785//3707
f 3730//3655 3784//3706 3787//3709
f 3730//3655 3787//3709 3734//3659
f 3784//3706 3786//3708 3788//3710
f 3784//3706 3788//3710 3787//3709
f 3785//3707 3782//3704 3789//3711
f 3789//3711 3782//3704 3753//3676
f 3786//3708 3785//3707 3790//3712
f 3790//3712 3785//3707 3789//3711
f 3788//3710 3786//3708 3791//3713
f 3791//3713 3786//3708 3790//3712
f 3787//3709 3788//3710 3792//3714
f 3792//3714 3788//3710 3791//3713
f 3793//3715 3734//3659 3787//3709
f 3793//3715 3787//3709 3792//3714
f 3734//3659 3793//3715 3736//3661
f 3736//3661 3793//3715 3794//3716
f 3736//3661 3794//3716 3743//3667
f 3793//3715 3792//3714 3795//3717
f 3793//3715 3795//3717 3794//3716
f 3796//3718 3792//3714 3791//3713
f 3792//3714 3796//3718 3795//3717
f 3743//3667 3794//3716 3797//3719
f 3743//3667 3797//3719 3746//912
f 3796//3718 3791//3713 3798//3720
f 3798//3720 3791//3713 3790//3712
f 3795//3717 3796//3718 3799//3721
f 3800//3722 3794//3716 3795//3717
f 3800//3722 3795//3717 3799//3721
f 3797//3719 3794//3716 3801//3723
f 3801//3723 3794//3716 3800//3722
f 3797//3719 3801//3723 3802//3724
f 3797//3719 3802//3724 3746//912
f 3801//3723 3800//3722 3803//3725
f 3803//3725 3800//3722 3799//3721
f 3802//3724 3801//3723 3804//3726
f 3804//3726 3801//3723 3803//3725
f 3746//912 3802//3724 3805//3727
f 3805//3727 3802//3724 3804//3726
f 3746//912 3805//3727 3742//3666
f 3742//3666 3805//3727 3745//3669
f 3805//3727 3804//3726 3806//3728
f 3805//3727 3806//3728 3745//3669
f 3804//3726 3803//3725 3807//3729
f 3804//3726 3807//3729 3806//3728
f 3807//3729 3803//3725 3799//3721
f 3745//3669 3806//3728 3808//3730
f 3745//3669 3808//3730 3748//3671
f 3808//3730 3806//3728 3809//3731
f 3808//3730 3809//3731 3748//3671
f 3809//3731 3806//3728 3807//3729
f 3807//3729 3799//3721 3810//3732
f 3807//3729 3810//3732 3809//3731
f 3810//3732 3799//3721 3796//3718
f 3810//3732 3796//3718 3798//3720
f 3809//3731 3810//3732 3811//3733
f 3811//3733 3810//3732 3798//3720
f 3812//3734 3748//3671 3809//3731
f 3812//3734 3809//3731 3811//3733
f 3811//3733 3798//3720 3813//3735
f 3811//3733 3813//3735 3812//3734
f 3813//3735 3798//3720 3790//3712
f 3813//3735 3790//3712 3789//3711
f 3812//3734 3813//3735 3814//3736
f 3812//3734 3814//3736 3748//3671
f 3814//3736 3813//3735 3789//3711
f 3748//3671 3814//3736 3750//3673
f 3814//3736 3789//3711 3753//3676
f 3814//3736 3753//3676 3750//3673
o tripo_part_16
g tripo_part_16
usemtl mat_0
v 0.067521647 0.452056170 0.153620064
vn 0.677060425 -0.606205344 0.417258233
v 0.063607588 0.448142290 0.149706185
vn 0.157052457 -0.973725259 0.164905071
v 0.073392466 0.454013109 0.141877472
vn 0.848947525 -0.487358779 0.204376251
v 0.073392466 0.463795900 0.147749245
vn 0.922719896 -0.197162375 0.331232786
v 0.069478586 0.450099230 0.137963593
vn 0.440890223 -0.873907387 -0.204699025
v 0.075349405 0.455970049 0.134049714
vn 0.811375797 -0.464768678 -0.354484618
v 0.063607588 0.450099230 0.134049714
vn -0.244763106 -0.773767233 -0.584273279
v 0.071435526 0.457926989 0.130135834
vn 0.402612060 -0.371034652 -0.836801589
v 0.073392466 0.467709780 0.130135834
vn 0.503453434 0.157329202 -0.849577725
v 0.065564469 0.459883928 0.128180802
vn -0.251439035 -0.133576989 -0.958611369
v 0.077306345 0.467709780 0.136006653
vn 0.981789827 -0.023562957 -0.188503653
v 0.065564469 0.469666719 0.130135834
vn -0.283543676 0.236286432 -0.929393232
v 0.059693649 0.457926989 0.134049714
vn -0.746137202 -0.196351886 -0.636180162
v 0.055780008 0.450099230 0.147749245
vn -0.565807700 -0.809419334 -0.157168806
v 0.073392466 0.481409311 0.136006653
vn 0.510735571 0.267153978 -0.817176878
v 0.055780008 0.454013109 0.165361702
vn -0.063080184 -0.851582527 0.520411551
v 0.051866129 0.457926989 0.145792305
vn -0.834464669 -0.330636919 -0.440849245
v 0.047952250 0.455970049 0.161447778
vn -0.693537176 -0.709299386 0.126097664
v 0.057736948 0.467709780 0.136006653
vn -0.717046857 0.070916712 -0.693407953
v 0.065564469 0.483366251 0.134049714
vn -0.181074321 0.299166262 -0.936862767
v 0.073392466 0.499021292 0.141877472
vn 0.573861122 0.298722208 -0.762527704
v 0.049909189 0.467709780 0.145792305
vn -0.858640432 -0.023632307 -0.512033284
v 0.057736948 0.481409311 0.139920533
vn -0.667102814 0.211903244 -0.714192450
v 0.045995310 0.461840868 0.157533944
vn -0.927983880 -0.259520918 -0.267385185
v 0.049909189 0.481409311 0.147749245
vn -0.833226204 0.141491234 -0.534522474
v 0.045995310 0.477494478 0.157533944
vn -0.912057877 0.031450272 -0.408853501
v 0.065564469 0.499021292 0.139920533
vn -0.205438927 0.363468915 -0.908672214
v 0.057736948 0.499021292 0.145792305
vn -0.629316807 0.283192545 -0.723714292
v 0.049909189 0.497064590 0.153620064
vn -0.795843244 0.189111277 -0.575213492
v 0.040124491 0.473580599 0.169275582
vn -0.973605216 -0.149181455 -0.172736421
v 0.042081431 0.493150622 0.165361702
vn -0.914719522 0.118282706 -0.386390150
v 0.042081431 0.467709780 0.175146401
vn -0.724926591 -0.559454143 0.401861459
v 0.038167551 0.489236593 0.179061234
vn -0.999969006 0.000000000 0.007873772
v 0.049909189 0.467709780 0.179061234
vn -0.117869332 -0.636494398 0.762221634
v 0.040124491 0.487279654 0.186888993
vn -0.817884088 -0.212335303 0.534770370
v 0.044038370 0.508806467 0.169275582
vn -0.908805192 0.235035837 -0.344719231
v 0.040124491 0.506849527 0.182975113
vn -0.974356353 0.220015943 0.047146272
v 0.049909189 0.512719393 0.159490883
vn -0.804973364 0.284108251 -0.520865142
v 0.044038370 0.518590212 0.177104294
vn -0.916316330 0.371266097 -0.150086299
v 0.057736948 0.514676332 0.151663125
vn -0.589783788 0.306687564 -0.747059405
v 0.051866129 0.524461031 0.165361702
vn -0.797603190 0.434338391 -0.418544263
v 0.057736948 0.526419878 0.157533944
vn -0.668194354 0.463805526 -0.581722200
v 0.065564469 0.514676332 0.147749245
vn -0.236066848 0.354100287 -0.904922903
v 0.065564469 0.526419878 0.151663125
vn -0.181209132 0.464840829 -0.866652429
v 0.073392466 0.514676332 0.147749245
vn 0.518833280 0.353749990 -0.778249919
v 0.065564469 0.532290697 0.155577004
vn -0.141855463 0.756562531 -0.638349593
v 0.061650589 0.534247637 0.161447778
vn -0.410839409 0.821678817 -0.395037889
v 0.073392466 0.526419878 0.153620064
vn 0.652009010 0.424198657 -0.628442407
v 0.071435526 0.532290697 0.157533944
vn 0.489404231 0.773574471 -0.402574450
v 0.053823069 0.532290697 0.171232522
vn -0.645529211 0.755741537 -0.110212311
v 0.065564469 0.536204576 0.165361702
vn 0.118080959 0.991880059 -0.047232382
v 0.075349405 0.528376818 0.161447778
vn 0.946173429 0.323275894 0.015769556
v 0.071435526 0.532290697 0.169275582
vn 0.718095422 0.607619226 0.339319795
v 0.059693649 0.534247637 0.177104294
vn -0.078918956 0.915459931 0.394594818
v 0.045995310 0.522504091 0.182975113
vn -0.767548263 0.561813653 0.308601886
v 0.075349405 0.522504091 0.157533944
vn 0.985658526 0.134049565 -0.102508485
v 0.073392466 0.524461031 0.169275582
vn 0.881234467 -0.023604495 0.472089887
v 0.065564469 0.530333757 0.179061234
vn 0.606675506 0.504249752 0.614554405
v 0.077306345 0.512719393 0.153620064
vn 0.985842407 0.110414349 -0.126187831
v 0.075349405 0.514676332 0.163404763
vn 0.725647748 -0.291836590 0.623110533
v 0.067521647 0.524461031 0.177104294
vn 0.837140799 -0.047385328 0.544931233
v 0.053823069 0.524461031 0.188845932
vn -0.157990500 0.592464447 0.789952576
v 0.059693649 0.520547152 0.188845932
vn 0.556541920 0.195965454 0.807377696
v 0.067521647 0.520547152 0.175146401
vn 0.768444300 -0.517523706 0.376380891
v 0.061650589 0.516633272 0.184932053
vn 0.882738471 -0.181276649 0.433487654
v 0.055780008 0.504892588 0.192759812
vn 0.576431572 -0.078963228 0.813321233
v 0.047952250 0.506849527 0.194716752
vn -0.188323647 0.133395910 0.973005533
v 0.042081431 0.506849527 0.190802872
v 0.045995310 0.485323191 0.190802872
vn -0.189311221 -0.394398361 0.899228215
v 0.053823069 0.487279654 0.188845932
vn 0.519685030 -0.291338593 0.803149581
v 0.057736948 0.504892588 0.188845932
vn 0.928989947 -0.181074321 0.322784632
v 0.061650589 0.514676332 0.182975113
v 0.057736948 0.489236593 0.184932053
vn 0.921688557 -0.086654484 0.378128648
v 0.057736948 0.502935648 0.184932053
vn 0.989186585 -0.141312361 0.039253436
v 0.059693649 0.473580599 0.177104294
vn 0.921345592 -0.047248494 0.385862678
v 0.057736948 0.469666719 0.179061234
vn 0.534439921 -0.424408227 0.730925202
v 0.061650589 0.457926989 0.167318642
vn 0.591248095 -0.512414992 0.622781336
v 0.063607588 0.465752840 0.165361702
vn 0.904726863 -0.031468760 0.424828291
v 0.069478586 0.461840868 0.155577004
vn 0.869409084 -0.063229747 0.490030557
v 0.067521647 0.467709780 0.155577004
vn 0.797006965 0.291972876 0.528707623
v 0.073392466 0.467709780 0.149706185
vn 0.816647589 0.149195239 0.557519019
v 0.075349405 0.471623659 0.145792305
vn 0.891478896 -0.055224355 0.449684054
v 0.063607588 0.469666719 0.165361702
vn 0.946762204 0.094676219 0.307697713
v 0.059693649 0.477494478 0.173189461
vn 0.970763624 0.165740132 0.173632517
v 0.071435526 0.469666719 0.149706185
vn 0.669021845 0.306962967 0.676892638
v 0.065564469 0.471623659 0.155577004
vn 0.785650015 0.400681496 0.471390009
v 0.057736948 0.489236593 0.181018174
vn 0.995713115 0.086927339 0.031609941
v 0.069478586 0.473580599 0.151663125
vn 0.615031838 0.220780656 0.756962240
v 0.073392466 0.475537539 0.147749245
vn 0.619955957 -0.109865613 0.776906848
v 0.063607588 0.473580599 0.163404763
vn 0.907257259 0.386570483 0.165673062
v 0.059693649 0.479452372 0.171232522
vn 0.928903520 0.369987011 -0.015744127
v 0.075349405 0.481409311 0.147749245
vn 0.850288272 -0.196825981 0.488128453
v 0.063607588 0.475537539 0.155577004
vn 0.841867447 0.377660155 0.385528058
v 0.065564469 0.477494478 0.151663125
vn 0.553588927 0.063267313 0.830383480
v 0.071435526 0.477494478 0.149706185
vn 0.505711675 -0.126427919 0.853388429
v 0.071435526 0.483366251 0.151663125
vn 0.197211444 -0.560080469 0.804622710
v 0.067521647 0.479452372 0.151663125
vn 0.292382836 -0.173849240 0.940366328
v 0.063607588 0.479452372 0.153620064
vn 0.773116887 0.063111581 0.631115854
v 0.061650589 0.475537539 0.161447778
vn 0.780447423 0.607014716 0.149782851
v 0.061650589 0.479452372 0.157533944
vn 0.882738471 0.181276649 0.433487654
v 0.065564469 0.483366251 0.151663125
vn 0.385385007 -0.298869997 0.873014987
v 0.061650589 0.485323191 0.157533944
vn 0.763684809 -0.141714707 0.629843175
v 0.059693649 0.479452372 0.161447778
vn 0.903804421 0.306507587 0.298648417
v 0.057736948 0.481409311 0.169275582
vn 0.923035681 0.370792121 -0.102559514
v 0.059693649 0.485323191 0.159490883
vn 0.850789487 -0.118165210 0.512049198
v 0.057736948 0.483366251 0.165361702
vn 0.979816318 0.063213959 0.189641863
v 0.055780008 0.491193771 0.175146401
vn 0.987440705 0.094794311 -0.126392409
v 0.057736948 0.493150622 0.169275582
vn 0.936282575 -0.094415054 0.338320583
v 0.059693649 0.493150622 0.165361702
vn 0.890979946 -0.157695562 0.425778031
v 0.061650589 0.493150622 0.161447778
vn 0.805073619 -0.252572119 0.536715746
v 0.057736948 0.491193771 0.179061234
vn 0.984374106 0.078749925 -0.157499850
v 0.057736948 0.502935648 0.173189461
vn 0.977074921 -0.165472358 0.133953810
v 0.057736948 0.502935648 0.181018174
vn 0.987163544 -0.157946169 -0.023691926
v 0.057736948 0.502935648 0.177104294
vn 0.988699138 -0.149089560 -0.015693637
v 0.059693649 0.502935648 0.167318642
vn 0.909699023 -0.078422330 0.407796085
v 0.061650589 0.512719393 0.179061234
vn 0.843435407 -0.520249844 -0.134003744
v 0.061650589 0.502935648 0.163404763
vn 0.778514683 -0.165139467 0.605511367
v 0.059693649 0.512719393 0.177104294
vn 0.780860126 -0.567898214 -0.260286719
v 0.065564469 0.518590212 0.173189461
vn 0.646049976 -0.748472512 0.149694502
v 0.063607588 0.516633272 0.171232522
vn 0.606675506 -0.772132397 0.189093649
v 0.059693649 0.510762453 0.173189461
vn 0.956798375 -0.268852413 0.110703945
v 0.061650589 0.514676332 0.169275582
vn 0.675242305 -0.651687384 0.345472842
v 0.059693649 0.508806467 0.167318642
vn 0.867514372 -0.212935343 0.449530154
v 0.063607588 0.512719393 0.165361702
vn 0.480285197 -0.527526319 0.700743973
v 0.061650589 0.508806467 0.165361702
vn 0.655947208 -0.229186386 0.719171047
v 0.065564469 0.510762453 0.163404763
vn 0.384375781 -0.384375781 0.839351237
v 0.067521647 0.516633272 0.167318642
vn 0.449488223 -0.599317670 0.662403703
v 0.069478586 0.518590212 0.167318642
vn 0.347135335 -0.686381161 0.639044583
v 0.063607588 0.506849527 0.163404763
vn 0.604801178 -0.298473299 0.738328695
v 0.067521647 0.512719393 0.163404763
vn 0.259376615 -0.526613116 0.809569418
v 0.071435526 0.512719393 0.163404763
vn 0.276483387 -0.442373425 0.853148818
v 0.071435526 0.520547152 0.169275582
vn 0.566665709 -0.566665709 0.598147213
v 0.073392466 0.514676332 0.163404763
vn 0.141930416 -0.504641473 0.851582527
v 0.071435526 0.508806467 0.161447778
vn 0.845328391 -0.213307172 0.489816457
v 0.075349405 0.506849527 0.157533944
vn 0.842050016 -0.212479919 0.495786458
v 0.071435526 0.506849527 0.161447778
vn 0.457317144 -0.157695562 0.875210404
v 0.069478586 0.506849527 0.161447778
vn 0.015755849 -0.173314348 0.984740555
v 0.077306345 0.497064590 0.147749245
vn 0.993605554 0.047314551 -0.102514856
v 0.065564469 0.506849527 0.161447778
vn 0.299249709 -0.275624722 0.913499057
v 0.067521647 0.502935648 0.161447778
vn -0.047098316 -0.062797755 0.996914387
v 0.077306345 0.481409311 0.139920533
vn 0.957636297 0.086344257 -0.274731696
v 0.075349405 0.495107532 0.153620064
vn 0.916316330 -0.102690622 0.387064666
v 0.073392466 0.485323191 0.153620064
vn 0.526906133 -0.534770370 0.660598695
v 0.071435526 0.500978231 0.159490883
vn 0.716313422 -0.133816794 0.684827089
v 0.069478586 0.500978231 0.161447778
vn 0.346274287 -0.055089090 0.936514497
v 0.069478586 0.497064590 0.161447778
vn 0.386739016 -0.110496864 0.915545404
v 0.073392466 0.493150622 0.157533944
v 0.069478586 0.483366251 0.151663125
vn 0.000000000 -0.386294127 0.922375739
v 0.069478586 0.487279654 0.155577004
vn 0.000000000 -0.707106829 0.707106829
v 0.067521647 0.485323191 0.153620064
v 0.069478586 0.489236593 0.157533944
vn 0.213067919 -0.576072514 0.789140403
v 0.069478586 0.493150622 0.159490883
vn 0.474312067 -0.403165221 0.782614827
v 0.067521647 0.491193771 0.159490883
vn -0.102425724 -0.646070004 0.756374598
v 0.067521647 0.487279654 0.155577004
vn -0.134338051 -0.655885756 0.742810369
v 0.067521647 0.495107532 0.161447778
vn 0.425104618 -0.204679996 0.881698489
v 0.067521647 0.493150622 0.161447778
vn 0.000000000 -0.330350399 0.943858385
v 0.067521647 0.497064590 0.161447778
vn -0.386294127 0.000000000 0.922375739
v 0.065564469 0.485323191 0.153620064
vn 0.267558992 -0.598073065 0.755460739
v 0.063607588 0.485323191 0.155577004
vn 0.674930334 -0.298225045 0.674930334
v 0.063607588 0.489236593 0.155577004
vn 0.393639833 -0.433003813 0.810898006
v 0.065564469 0.491193771 0.157533944
vn -0.299584299 -0.646471381 0.701658010
v 0.063607588 0.493150622 0.159490883
vn 0.386919826 -0.386919826 0.837010264
v 0.065564469 0.493150622 0.159490883
vn -0.386919826 -0.386919826 0.837010264
v 0.063607588 0.495107532 0.159490883
vn 0.463519156 -0.157125145 0.872044563
v 0.065564469 0.497064590 0.159490883
vn -0.172907054 -0.188625872 0.966707587
v 0.063607588 0.499021292 0.161447778
vn 0.526564240 -0.204338357 0.825212657
v 0.065564469 0.502935648 0.161447778
vn 0.047314558 -0.102514870 0.993605673
v 0.063607588 0.502935648 0.161447778
vn 0.425473958 -0.110308066 0.898222804
f 3815//3737 3816//3738 3817//3739
f 3815//3737 3817//3739 3818//3740
f 3817//3739 3816//3738 3819//3741
f 3817//3739 3819//3741 3820//3742
f 3817//3739 3820//3742 3818//3740
f 3819//3741 3816//3738 3821//3743
f 3820//3742 3819//3741 3822//3744
f 3822//3744 3819//3741 3821//3743
f 3820//3742 3822//3744 3823//3745
f 3822//3744 3821//3743 3824//3746
f 3822//3744 3824//3746 3823//3745
f 3820//3742 3823//3745 3825//3747
f 3820//3742 3825//3747 3818//3740
f 3823//3745 3824//3746 3826//3748
f 3824//3746 3821//3743 3827//3749
f 3824//3746 3827//3749 3826//3748
f 3827//3749 3821//3743 3828//3750
f 3828//3750 3821//3743 3816//3738
f 3825//3747 3823//3745 3829//3751
f 3829//3751 3823//3745 3826//3748
f 3828//3750 3816//3738 3830//3752
f 3830//3752 3816//3738 3815//3737
f 3827//3749 3828//3750 3831//3753
f 3828//3750 3830//3752 3832//3754
f 3828//3750 3832//3754 3831//3753
f 3827//3749 3831//3753 3833//3755
f 3827//3749 3833//3755 3826//3748
f 3829//3751 3826//3748 3834//3756
f 3834//3756 3826//3748 3833//3755
f 3829//3751 3834//3756 3835//3757
f 3833//3755 3831//3753 3836//3758
f 3834//3756 3833//3755 3837//3759
f 3837//3759 3833//3755 3836//3758
f 3836//3758 3831//3753 3838//3760
f 3838//3760 3831//3753 3832//3754
f 3837//3759 3836//3758 3839//3761
f 3836//3758 3838//3760 3840//3762
f 3836//3758 3840//3762 3839//3761
f 3834//3756 3837//3759 3841//3763
f 3834//3756 3841//3763 3835//3757
f 3837//3759 3839//3761 3842//3764
f 3837//3759 3842//3764 3841//3763
f 3839//3761 3840//3762 3843//3765
f 3839//3761 3843//3765 3842//3764
f 3844//3766 3840//3762 3838//3760
f 3843//3765 3840//3762 3845//3767
f 3845//3767 3840//3762 3844//3766
f 3844//3766 3838//3760 3846//3768
f 3846//3768 3838//3760 3832//3754
f 3845//3767 3844//3766 3847//3769
f 3847//3769 3844//3766 3846//3768
f 3846//3768 3832//3754 3848//3770
f 3848//3770 3832//3754 3830//3752
f 3847//3769 3846//3768 3849//3771
f 3849//3771 3846//3768 3848//3770
f 3845//3767 3847//3769 3850//3772
f 3847//3769 3849//3771 3851//3773
f 3847//3769 3851//3773 3850//3772
f 3845//3767 3850//3772 3852//3774
f 3845//3767 3852//3774 3843//3765
f 3850//3772 3851//3773 3853//3775
f 3843//3765 3852//3774 3854//3776
f 3843//3765 3854//3776 3842//3764
f 3852//3774 3850//3772 3855//3777
f 3855//3777 3850//3772 3853//3775
f 3854//3776 3852//3774 3856//3778
f 3856//3778 3852//3774 3855//3777
f 3842//3764 3854//3776 3857//3779
f 3842//3764 3857//3779 3841//3763
f 3854//3776 3856//3778 3858//3780
f 3854//3776 3858//3780 3857//3779
f 3841//3763 3857//3779 3859//3781
f 3859//3781 3857//3779 3858//3780
f 3841//3763 3859//3781 3835//3757
f 3858//3780 3856//3778 3860//3782
f 3861//3783 3856//3778 3855//3777
f 3856//3778 3861//3783 3860//3782
f 3858//3780 3860//3782 3862//3784
f 3858//3780 3862//3784 3859//3781
f 3860//3782 3861//3783 3863//3785
f 3860//3782 3863//3785 3862//3784
f 3861//3783 3855//3777 3864//3786
f 3864//3786 3855//3777 3853//3775
f 3863//3785 3861//3783 3865//3787
f 3865//3787 3861//3783 3864//3786
f 3862//3784 3863//3785 3866//3788
f 3863//3785 3865//3787 3867//3789
f 3863//3785 3867//3789 3866//3788
f 3865//3787 3864//3786 3868//3790
f 3865//3787 3868//3790 3867//3789
f 3864//3786 3853//3775 3869//3791
f 3864//3786 3869//3791 3868//3790
f 3862//3784 3866//3788 3870//3792
f 3862//3784 3870//3792 3859//3781
f 3866//3788 3867//3789 3871//3793
f 3866//3788 3871//3793 3870//3792
f 3867//3789 3868//3790 3872//3794
f 3859//3781 3870//3792 3873//3795
f 3859//3781 3873//3795 3835//3757
f 3873//3795 3870//3792 3874//3796
f 3874//3796 3870//3792 3871//3793
f 3867//3789 3872//3794 3875//3797
f 3867//3789 3875//3797 3871//3793
f 3872//3794 3868//3790 3876//3798
f 3876//3798 3868//3790 3869//3791
f 3875//3797 3872//3794 3877//3799
f 3877//3799 3872//3794 3876//3798
f 3871//3793 3875//3797 3878//3800
f 3875//3797 3877//3799 3879//3801
f 3875//3797 3879//3801 3878//3800
f 3877//3799 3876//3798 3880//3802
f 3877//3799 3880//3802 3879//3801
f 3876//3798 3869//3791 3881//3803
f 3876//3798 3881//3803 3880//3802
f 3881//3803 3869//3791 3882//1698
f 3882//1698 3869//3791 3853//3775
f 3882//1698 3853//3775 3851//3773
f 3882//1698 3851//3773 3849//3771
f 3881//3803 3882//1698 3883//3804
f 3883//3804 3882//1698 3849//3771
f 3881//3803 3883//3804 3880//3802
f 3883//3804 3849//3771 3848//3770
f 3880//3802 3883//3804 3884//3805
f 3884//3805 3883//3804 3848//3770
f 3885//3806 3879//3801 3880//3802
f 3885//3806 3880//3802 3884//3805
f 3879//3801 3885//3806 3886//825
f 3879//3801 3886//825 3878//3800
f 3885//3806 3884//3805 3887//3807
f 3886//825 3885//3806 3888//3808
f 3888//3808 3885//3806 3887//3807
f 3887//3807 3884//3805 3889//3809
f 3890//3810 3884//3805 3848//3770
f 3884//3805 3890//3810 3889//3809
f 3890//3810 3848//3770 3891//3811
f 3891//3811 3848//3770 3830//3752
f 3891//3811 3830//3752 3815//3737
f 3890//3810 3891//3811 3892//3812
f 3890//3810 3892//3812 3889//3809
f 3891//3811 3815//3737 3893//3813
f 3891//3811 3893//3813 3892//3812
f 3893//3813 3815//3737 3818//3740
f 3892//3812 3893//3813 3894//3814
f 3893//3813 3818//3740 3895//3815
f 3893//3813 3895//3815 3894//3814
f 3895//3815 3818//3740 3896//3816
f 3896//3816 3818//3740 3825//3747
f 3897//3817 3889//3809 3892//3812
f 3897//3817 3892//3812 3894//3814
f 3889//3809 3897//3817 3898//3818
f 3889//3809 3898//3818 3887//3807
f 3894//3814 3895//3815 3899//3819
f 3899//3819 3895//3815 3896//3816
f 3897//3817 3894//3814 3900//3820
f 3887//3807 3898//3818 3901//3821
f 3894//3814 3899//3819 3902//3822
f 3894//3814 3902//3822 3900//3820
f 3887//3807 3901//3821 3888//3808
f 3902//3822 3899//3819 3903//3823
f 3903//3823 3899//3819 3896//3816
f 3897//3817 3900//3820 3904//3824
f 3897//3817 3904//3824 3898//3818
f 3905//3825 3901//3821 3898//3818
f 3905//3825 3898//3818 3904//3824
f 3903//3823 3896//3816 3906//3826
f 3904//3824 3900//3820 3907//3827
f 3908//3828 3900//3820 3902//3822
f 3900//3820 3908//3828 3907//3827
f 3909//3829 3902//3822 3903//3823
f 3902//3822 3909//3829 3908//3828
f 3909//3829 3903//3823 3910//3830
f 3910//3830 3903//3823 3906//3826
f 3908//3828 3909//3829 3911//3831
f 3911//3831 3909//3829 3910//3830
f 3907//3827 3908//3828 3912//3832
f 3912//3832 3908//3828 3911//3831
f 3913//3833 3904//3824 3907//3827
f 3904//3824 3913//3833 3905//3825
f 3907//3827 3912//3832 3914//3834
f 3907//3827 3914//3834 3913//3833
f 3912//3832 3911//3831 3915//3835
f 3914//3834 3912//3832 3916//3836
f 3916//3836 3912//3832 3915//3835
f 3913//3833 3914//3834 3917//3837
f 3905//3825 3913//3833 3918//3838
f 3918//3838 3913//3833 3917//3837
f 3917//3837 3914//3834 3919//3839
f 3919//3839 3914//3834 3916//3836
f 3918//3838 3917//3837 3920//3840
f 3920//3840 3917//3837 3919//3839
f 3905//3825 3918//3838 3921//3841
f 3918//3838 3920//3840 3922//3842
f 3918//3838 3922//3842 3921//3841
f 3920//3840 3919//3839 3923//3843
f 3920//3840 3923//3843 3922//3842
f 3919//3839 3916//3836 3924//3844
f 3919//3839 3924//3844 3923//3843
f 3905//3825 3921//3841 3925//3845
f 3905//3825 3925//3845 3901//3821
f 3921//3841 3922//3842 3926//3846
f 3901//3821 3925//3845 3927//3847
f 3925//3845 3921//3841 3928//3848
f 3928//3848 3921//3841 3926//3846
f 3925//3845 3928//3848 3927//3847
f 3901//3821 3927//3847 3888//3808
f 3926//3846 3922//3842 3929//3849
f 3929//3849 3922//3842 3923//3843
f 3888//3808 3927//3847 3930//3850
f 3888//3808 3930//3850 3886//825
f 3929//3849 3923//3843 3931//3851
f 3931//3851 3923//3843 3924//3844
f 3930//3850 3927//3847 3932//3852
f 3932//3852 3927//3847 3928//3848
f 3886//825 3930//3850 3933//3853
f 3886//825 3933//3853 3878//3800
f 3930//3850 3932//3852 3934//3854
f 3930//3850 3934//3854 3933//3853
f 3932//3852 3928//3848 3935//3855
f 3935//3855 3928//3848 3926//3846
f 3932//3852 3935//3855 3936//3856
f 3932//3852 3936//3856 3934//3854
f 3935//3855 3926//3846 3937//3857
f 3935//3855 3937//3857 3936//3856
f 3937//3857 3926//3846 3929//3849
f 3934//3854 3936//3856 3938//3858
f 3938//3858 3936//3856 3937//3857
f 3937//3857 3929//3849 3939//3859
f 3937//3857 3939//3859 3938//3858
f 3939//3859 3929//3849 3931//3851
f 3938//3858 3939//3859 3940//3860
f 3934//3854 3938//3858 3941//3861
f 3941//3861 3938//3858 3940//3860
f 3934//3854 3941//3861 3942//3862
f 3934//3854 3942//3862 3933//3853
f 3939//3859 3931//3851 3943//3863
f 3939//3859 3943//3863 3940//3860
f 3941//3861 3940//3860 3944//3864
f 3942//3862 3941//3861 3945//3865
f 3945//3865 3941//3861 3944//3864
f 3933//3853 3942//3862 3946//3866
f 3933//3853 3946//3866 3878//3800
f 3878//3800 3946//3866 3871//3793
f 3871//3793 3946//3866 3874//3796
f 3946//3866 3942//3862 3947//3867
f 3946//3866 3947//3867 3874//3796
f 3947//3867 3942//3862 3945//3865
f 3874//3796 3947//3867 3948//3868
f 3948//3868 3947//3867 3945//3865
f 3874//3796 3948//3868 3949//3869
f 3874//3796 3949//3869 3873//3795
f 3948//3868 3945//3865 3950//3870
f 3948//3868 3950//3870 3949//3869
f 3951//3871 3945//3865 3944//3864
f 3945//3865 3951//3871 3950//3870
f 3951//3871 3944//3864 3940//3860
f 3873//3795 3949//3869 3952//3872
f 3873//3795 3952//3872 3835//3757
f 3951//3871 3940//3860 3953//3873
f 3953//3873 3940//3860 3943//3863
f 3950//3870 3951//3871 3954//3874
f 3954//3874 3951//3871 3953//3873
f 3835//3757 3952//3872 3955//3875
f 3835//3757 3955//3875 3829//3751
f 3829//3751 3955//3875 3825//3747
f 3825//3747 3955//3875 3896//3816
f 3896//3816 3955//3875 3906//3826
f 3906//3826 3955//3875 3952//3872
f 3906//3826 3952//3872 3956//3876
f 3956//3876 3952//3872 3949//3869
f 3906//3826 3956//3876 3957//3877
f 3906//3826 3957//3877 3910//3830
f 3956//3876 3949//3869 3958//3878
f 3958//3878 3949//3869 3950//3870
f 3958//3878 3950//3870 3959//3879
f 3959//3879 3950//3870 3954//3874
f 3958//3878 3959//3879 3960//3880
f 3960//3880 3959//3879 3954//3874
f 3956//3876 3958//3878 3961//95
f 3956//3876 3961//95 3957//3877
f 3961//95 3958//3878 3960//3880
f 3962//3881 3910//3830 3957//3877
f 3910//3830 3962//3881 3911//3831
f 3911//3831 3962//3881 3915//3835
f 3962//3881 3957//3877 3963//3882
f 3915//3835 3962//3881 3964//3882
f 3964//3882 3962//3881 3963//3882
f 3965//3883 3957//3877 3961//95
f 3957//3877 3965//3883 3963//3882
f 3965//3883 3961//95 3966//3884
f 3966//3884 3961//95 3960//3880
f 3963//3882 3965//3883 3967//3885
f 3967//3885 3965//3883 3966//3884
f 3964//3882 3963//3882 3968//3886
f 3968//3886 3963//3882 3967//3885
f 3966//3884 3960//3880 3969//3887
f 3966//3884 3969//3887 3970//3888
f 3966//3884 3970//3888 3967//3885
f 3969//3887 3960//3880 3971//3889
f 3971//3889 3960//3880 3954//3874
f 3964//3882 3968//3886 3972//3890
f 3964//3882 3972//3890 3915//3835
f 3915//3835 3972//3890 3973//3891
f 3915//3835 3973//3891 3916//3836
f 3973//3891 3972//3890 3974//3892
f 3973//3891 3974//3892 3916//3836
f 3974//3892 3972//3890 3968//3886
f 3916//3836 3974//3892 3924//3844
f 3975//3893 3968//3886 3967//3885
f 3968//3886 3975//3893 3974//3892
f 3975//3893 3967//3885 3970//3888
f 3924//3844 3974//3892 3976//3894
f 3976//3894 3974//3892 3975//3893
f 3975//3893 3970//3888 3977//3895
f 3975//3893 3977//3895 3976//3894
f 3977//3895 3970//3888 3971//3889
f 3924//3844 3976//3894 3978//3896
f 3978//3896 3976//3894 3977//3895
f 3977//3895 3971//3889 3979//3897
f 3977//3895 3979//3897 3978//3896
f 3979//3897 3971//3889 3954//3874
f 3924//3844 3978//3896 3980//3898
f 3980//3898 3978//3896 3979//3897
f 3924//3844 3980//3898 3931//3851
f 3979//3897 3954//3874 3981//3899
f 3979//3897 3981//3899 3980//3898
f 3981//3899 3954//3874 3953//3873
f 3931//3851 3980//3898 3982//3900
f 3982//3900 3980//3898 3981//3899
f 3982//3900 3981//3899 3953//3873
f 3931//3851 3982//3900 3943//3863
f 3943//3863 3982//3900 3953//3873
o tripo_part_17
g tripo_part_17
usemtl mat_0
v 0.071435526 0.457926989 -0.132093698
vn 0.291338593 -0.330708653 0.897637784
v 0.065564469 0.459883928 -0.132093698
vn -0.282903850 -0.125735044 0.950871348
v 0.063607588 0.450099230 -0.136007577
vn -0.244542167 -0.749403417 0.615299642
v 0.073392466 0.467709780 -0.132093698
vn 0.471259117 0.133523405 0.871829391
v 0.069478586 0.450099230 -0.139921457
vn 0.440890223 -0.873907387 0.204699025
v 0.075349405 0.455970049 -0.136007577
vn 0.811375797 -0.464768678 0.354484618
v 0.063607588 0.448142290 -0.151664048
vn 0.157052457 -0.973725259 -0.164905071
v 0.073392466 0.454013109 -0.143835336
vn 0.848947525 -0.487358779 -0.204376251
v 0.073392466 0.463795900 -0.149707109
vn 0.922719896 -0.197162375 -0.331232786
v 0.077306345 0.467709780 -0.137964517
vn 0.981789827 -0.023562957 0.188503653
v 0.067521647 0.452056170 -0.155577451
vn 0.677060425 -0.606205344 -0.417258233
v 0.055780008 0.450099230 -0.149707109
vn -0.565807700 -0.809419334 0.157168806
v 0.055780008 0.454013109 -0.167319566
vn -0.063080184 -0.851582527 -0.520411551
v 0.059693649 0.457926989 -0.136007577
vn -0.693257391 -0.196948096 0.693257391
v 0.065564469 0.469666719 -0.132093698
vn -0.268082440 0.181349888 0.946173310
v 0.051866129 0.457926989 -0.147750169
vn -0.834464669 -0.330636919 0.440849245
v 0.057736948 0.467709780 -0.137964517
vn -0.717046857 0.070916712 0.693407953
v 0.073392466 0.481409311 -0.137964517
vn 0.510735571 0.267153978 0.817176878
v 0.065564469 0.483366251 -0.136007577
vn -0.181074321 0.299166262 0.936862767
v 0.047952250 0.455970049 -0.163405448
vn -0.693537176 -0.709299386 -0.126097664
v 0.049909189 0.467709780 -0.147750169
vn -0.858640432 -0.023632307 0.512033284
v 0.057736948 0.481409311 -0.141878396
vn -0.667102814 0.211903244 0.714192450
v 0.045995310 0.461840868 -0.159491569
vn -0.927983880 -0.259520918 0.267385185
v 0.049909189 0.481409311 -0.149707109
vn -0.833226204 0.141491234 0.534522474
v 0.049909189 0.467709780 -0.181017190
vn -0.117869332 -0.636494398 -0.762221634
v 0.045995310 0.477494478 -0.159491569
vn -0.912057877 0.031450272 0.408853501
v 0.042081431 0.467709780 -0.177104264
vn -0.724926591 -0.559454143 -0.401861459
v 0.040124491 0.473580599 -0.171233445
vn -0.973605216 -0.149181455 0.172736421
v 0.049909189 0.497064590 -0.155577451
vn -0.795843244 0.189111277 0.575213492
v 0.042081431 0.493150622 -0.167319566
vn -0.914719522 0.118282706 0.386390150
v 0.038167551 0.489236593 -0.181017190
vn -0.999969006 0.000000000 -0.007873772
v 0.040124491 0.487279654 -0.188844949
vn -0.817884088 -0.212335303 -0.534770370
v 0.057736948 0.499021292 -0.147750169
vn -0.629316807 0.283192545 0.723714292
v 0.049909189 0.512719393 -0.161448509
vn -0.804973364 0.284108251 0.520865142
v 0.044038370 0.508806467 -0.171233445
vn -0.908805192 0.235035837 0.344719231
v 0.040124491 0.506849527 -0.184931070
vn -0.974356353 0.220015943 -0.047146272
v 0.065564469 0.499021292 -0.141878396
vn -0.205438927 0.363468915 0.908672214
v 0.057736948 0.514676332 -0.153620988
vn -0.589783788 0.306687564 0.747059405
v 0.065564469 0.514676332 -0.149707109
vn -0.236066848 0.354100287 0.904922903
v 0.073392466 0.499021292 -0.143835336
vn 0.573861122 0.298722208 0.762527704
v 0.073392466 0.514676332 -0.149707109
vn 0.518833280 0.353749990 0.778249919
v 0.065564469 0.526419878 -0.153620988
vn -0.181209132 0.464840829 0.866652429
v 0.057736948 0.526419878 -0.159491569
vn -0.668194354 0.463805526 0.581722200
v 0.051866129 0.524461031 -0.167319566
vn -0.797603190 0.434338391 0.418544263
v 0.065564469 0.532290697 -0.157534391
vn -0.141855463 0.756562531 0.638349593
v 0.044038370 0.518590212 -0.179060251
vn -0.916316330 0.371266097 0.150086299
v 0.061650589 0.534247637 -0.163405448
vn -0.410839409 0.821678817 0.395037889
v 0.053823069 0.532290697 -0.173190385
vn -0.645529211 0.755741537 0.110212311
v 0.042081431 0.506849527 -0.192758828
vn -0.780180931 0.204896003 -0.591046154
v 0.045995310 0.522504091 -0.184931070
vn -0.767548263 0.561813653 -0.308601886
v 0.065564469 0.536204576 -0.167319566
vn 0.118080959 0.991880059 0.047232382
v 0.045995310 0.485323191 -0.192758828
vn -0.189311221 -0.394398361 -0.899228215
v 0.071435526 0.532290697 -0.159491569
vn 0.489404231 0.773574471 0.402574450
v 0.059693649 0.534247637 -0.179060251
vn -0.078918956 0.915459931 -0.394594818
v 0.071435526 0.532290697 -0.171233445
vn 0.718095422 0.607619226 -0.339319795
v 0.073392466 0.526419878 -0.155577451
vn 0.652009010 0.424198657 0.628442407
v 0.075349405 0.528376818 -0.163405448
vn 0.946173429 0.323275894 -0.015769556
v 0.075349405 0.522504091 -0.159491569
vn 0.985658526 0.134049565 0.102508485
v 0.073392466 0.524461031 -0.171233445
vn 0.881234467 -0.023604495 -0.472089887
v 0.065564469 0.530333757 -0.181017190
vn 0.606675506 0.504249752 -0.614554405
v 0.077306345 0.512719393 -0.155577451
vn 0.985842407 0.110414349 0.126187831
v 0.075349405 0.514676332 -0.165362388
vn 0.725647748 -0.291836590 -0.623110533
v 0.067521647 0.524461031 -0.179060251
vn 0.837140799 -0.047385328 -0.544931233
v 0.053823069 0.524461031 -0.190801889
vn -0.157990500 0.592464447 -0.789952576
v 0.059693649 0.520547152 -0.190801889
vn 0.556541920 0.195965454 -0.807377696
v 0.047952250 0.506849527 -0.196674615
vn -0.188323647 0.133395910 -0.973005533
v 0.055780008 0.504892588 -0.194717675
vn 0.576431572 -0.078963228 -0.813321233
v 0.061650589 0.516633272 -0.186888009
vn 0.882738471 -0.181276649 -0.433487654
v 0.067521647 0.520547152 -0.177104264
vn 0.768444300 -0.517523706 -0.376380891
v 0.057736948 0.504892588 -0.190801889
vn 0.928989947 -0.181074321 -0.322784632
v 0.053823069 0.487279654 -0.190801889
vn 0.519685030 -0.291338593 -0.803149581
v 0.061650589 0.514676332 -0.184931070
v 0.071435526 0.520547152 -0.171233445
vn 0.566665709 -0.566665709 -0.598147213
v 0.065564469 0.518590212 -0.175147325
vn 0.646049976 -0.748472512 -0.149694502
v 0.061650589 0.512719393 -0.181017190
vn 0.843435407 -0.520249844 0.134003744
v 0.057736948 0.502935648 -0.186888009
vn 0.989186585 -0.141312361 -0.039253436
v 0.057736948 0.489236593 -0.186888009
vn 0.921688557 -0.086654484 -0.378128648
v 0.057736948 0.502935648 -0.182974130
vn 0.987163544 -0.157946169 0.023691926
v 0.057736948 0.489236593 -0.184931070
vn 0.996147394 0.086280487 -0.015687361
v 0.059693649 0.473580599 -0.179060251
vn 0.921345592 -0.047248494 -0.385862678
v 0.059693649 0.477494478 -0.175147325
vn 0.970763624 0.165740132 -0.173632517
v 0.057736948 0.469666719 -0.181017190
vn 0.534439921 -0.424408227 -0.730925202
v 0.061650589 0.457926989 -0.169276506
vn 0.591248095 -0.512414992 -0.622781336
v 0.063607588 0.465752840 -0.167319566
vn 0.904726863 -0.031468760 -0.424828291
v 0.069478586 0.461840868 -0.157534391
vn 0.869409084 -0.063229747 -0.490030557
v 0.063607588 0.469666719 -0.167319566
vn 0.946762204 0.094676219 -0.307697713
v 0.067521647 0.467709780 -0.157534391
vn 0.797006965 0.291972876 -0.528707623
v 0.073392466 0.467709780 -0.151664048
vn 0.816647589 0.149195239 -0.557519019
v 0.075349405 0.471623659 -0.147750169
vn 0.891478896 -0.055224355 -0.449684054
v 0.071435526 0.469666719 -0.151664048
vn 0.669021845 0.306962967 -0.676892638
v 0.077306345 0.481409311 -0.141878396
vn 0.957636297 0.086344257 0.274731696
v 0.075349405 0.481409311 -0.149707109
vn 0.850288272 -0.196825981 -0.488128453
v 0.077306345 0.497064590 -0.149707109
v 0.075349405 0.506849527 -0.159491569
vn 0.842050016 -0.212479919 -0.495786458
v 0.073392466 0.475537539 -0.149707109
vn 0.619955957 -0.109865613 -0.776906848
v 0.069478586 0.473580599 -0.153620988
vn 0.615031838 0.220780656 -0.756962240
v 0.075349405 0.495107532 -0.155577451
vn 0.916316330 -0.102690622 -0.387064666
v 0.065564469 0.471623659 -0.157534391
vn 0.785650015 0.400681496 -0.471390009
v 0.071435526 0.477494478 -0.151664048
vn 0.505711675 -0.126427919 -0.853388429
v 0.071435526 0.483366251 -0.153620988
vn 0.197211444 -0.560080469 -0.804622710
v 0.073392466 0.485323191 -0.155577451
vn 0.526906133 -0.534770370 -0.660598695
v 0.067521647 0.479452372 -0.153620988
vn 0.292382836 -0.173849240 -0.940366328
v 0.065564469 0.477494478 -0.153620988
vn 0.553588927 0.063267313 -0.830383480
v 0.063607588 0.473580599 -0.165362388
vn 0.907257259 0.386570483 -0.165673062
v 0.063607588 0.475537539 -0.157534391
vn 0.841867447 0.377660155 -0.385528058
v 0.063607588 0.479452372 -0.155577451
vn 0.773116887 0.063111581 -0.631115854
v 0.059693649 0.479452372 -0.173190385
vn 0.928759634 0.369929701 0.023612533
v 0.061650589 0.475537539 -0.163405448
vn 0.780447423 0.607014716 -0.149782851
v 0.061650589 0.479452372 -0.159491569
vn 0.882738471 0.181276649 -0.433487654
v 0.065564469 0.483366251 -0.153620988
vn 0.385385007 -0.298869997 -0.873014987
v 0.057736948 0.491193771 -0.181017190
vn 0.983033836 0.094371252 0.157285407
v 0.061650589 0.485323191 -0.159491569
vn 0.763684809 -0.141714707 -0.629843175
v 0.055780008 0.491193771 -0.177104264
vn 0.987440705 0.094794311 0.126392409
v 0.057736948 0.502935648 -0.179060251
vn 0.988699138 -0.149089560 0.015693637
v 0.059693649 0.512719393 -0.179060251
vn 0.779237807 -0.566718400 0.267617017
v 0.063607588 0.516633272 -0.173190385
vn 0.606675506 -0.772132397 -0.189093649
v 0.057736948 0.481409311 -0.171233445
vn 0.923035681 0.370792121 0.102559514
v 0.057736948 0.502935648 -0.175147325
vn 0.978320897 -0.157793701 -0.134124637
v 0.059693649 0.479452372 -0.163405448
vn 0.903804421 0.306507587 -0.298648417
v 0.057736948 0.493150622 -0.171233445
vn 0.936282575 -0.094415054 -0.338320583
v 0.057736948 0.483366251 -0.167319566
vn 0.979816318 0.063213959 -0.189641863
v 0.059693649 0.485323191 -0.161448509
vn 0.850789487 -0.118165210 -0.512049198
v 0.059693649 0.510762453 -0.173190385
vn 0.946644366 -0.299770713 -0.118330546
v 0.059693649 0.493150622 -0.167319566
vn 0.890979946 -0.157695562 -0.425778031
v 0.059693649 0.502935648 -0.169276506
vn 0.909699023 -0.078422330 -0.407796085
v 0.059693649 0.508806467 -0.169276506
vn 0.865846634 -0.204654664 -0.456537306
v 0.061650589 0.514676332 -0.171233445
vn 0.661253333 -0.661253333 -0.354242891
v 0.063607588 0.512719393 -0.167319566
vn 0.480285197 -0.527526319 -0.700743973
v 0.061650589 0.508806467 -0.167319566
vn 0.655947208 -0.229186386 -0.719171047
v 0.061650589 0.502935648 -0.165362388
vn 0.778514683 -0.165139467 -0.605511367
v 0.061650589 0.493150622 -0.163405448
vn 0.805073619 -0.252572119 -0.536715746
v 0.065564469 0.510762453 -0.165362388
vn 0.384375781 -0.384375781 -0.839351237
v 0.063607588 0.506849527 -0.165362388
vn 0.604801178 -0.298473299 -0.738328695
v 0.063607588 0.502935648 -0.163405448
vn 0.425473958 -0.110308066 -0.898222804
v 0.063607588 0.499021292 -0.163405448
vn 0.526564240 -0.204338357 -0.825212657
v 0.065564469 0.506849527 -0.163405448
vn 0.299249709 -0.275624722 -0.913499057
v 0.065564469 0.502935648 -0.163405448
vn 0.047314558 -0.102514870 -0.993605673
v 0.067521647 0.516633272 -0.169276506
vn 0.449488223 -0.599317670 -0.662403703
v 0.067521647 0.512719393 -0.165362388
vn 0.259376615 -0.526613116 -0.809569418
v 0.069478586 0.518590212 -0.169276506
vn 0.347135335 -0.686381161 -0.639044583
v 0.071435526 0.512719393 -0.165362388
vn 0.276483387 -0.442373425 -0.853148818
v 0.073392466 0.514676332 -0.165362388
vn 0.141930416 -0.504641473 -0.851582527
v 0.071435526 0.508806467 -0.163405448
vn 0.845328391 -0.213307172 -0.489816457
v 0.069478586 0.506849527 -0.163405448
vn 0.015755849 -0.173314348 -0.984740555
v 0.071435526 0.506849527 -0.163405448
vn 0.457317144 -0.157695562 -0.875210404
v 0.067521647 0.502935648 -0.163405448
vn -0.047098316 -0.062797755 -0.996914387
v 0.071435526 0.500978231 -0.161448509
vn 0.716313422 -0.133816794 -0.684827089
v 0.069478586 0.500978231 -0.163405448
vn 0.346274287 -0.055089090 -0.936514497
v 0.069478586 0.497064590 -0.163405448
vn 0.386739016 -0.110496864 -0.915545404
v 0.073392466 0.493150622 -0.159491569
vn 0.730361521 -0.204187080 -0.651827991
v 0.067521647 0.497064590 -0.163405448
vn -0.386294127 0.000000000 -0.922375739
v 0.067521647 0.495107532 -0.163405448
vn 0.425104618 -0.204679996 -0.881698489
v 0.065564469 0.497064590 -0.161448509
vn -0.172907054 -0.188625872 -0.966707587
v 0.069478586 0.493150622 -0.161448509
vn 0.474312067 -0.403165221 -0.782614827
v 0.067521647 0.493150622 -0.163405448
vn 0.000000000 -0.330350399 -0.943858385
v 0.063607588 0.495107532 -0.161448509
vn 0.463519156 -0.157125145 -0.872044563
v 0.065564469 0.493150622 -0.161448509
vn -0.386919826 -0.386919826 -0.837010264
v 0.063607588 0.493150622 -0.161448509
vn 0.386919826 -0.386919826 -0.837010264
v 0.063607588 0.489236593 -0.157534391
vn 0.393639833 -0.433003813 -0.810898006
v 0.065564469 0.491193771 -0.159491569
vn -0.299584299 -0.646471381 -0.701658010
v 0.063607588 0.485323191 -0.157534391
vn 0.674930334 -0.298225045 -0.674930334
v 0.065564469 0.485323191 -0.155577451
vn 0.267558992 -0.598073065 -0.755460739
v 0.067521647 0.487279654 -0.157534391
vn -0.134338051 -0.655885756 -0.742810369
v 0.067521647 0.491193771 -0.161448509
vn -0.102425724 -0.646070004 -0.756374598
v 0.067521647 0.485323191 -0.155577451
vn 0.000000000 -0.707106829 -0.707106829
v 0.069478586 0.487279654 -0.157534391
v 0.069478586 0.489236593 -0.159491569
vn 0.213067919 -0.576072514 -0.789140403
v 0.069478586 0.483366251 -0.153620988
vn 0.000000000 -0.386294127 -0.922375739
f 3983//3901 3984//3902 3985//3903
f 3984//3902 3983//3901 3986//3904
f 3983//3901 3985//3903 3987//3905
f 3983//3901 3987//3905 3988//3906
f 3983//3901 3988//3906 3986//3904
f 3987//3905 3985//3903 3989//3907
f 3988//3906 3987//3905 3990//3908
f 3990//3908 3987//3905 3989//3907
f 3988//3906 3990//3908 3991//3909
f 3986//3904 3988//3906 3992//3910
f 3992//3910 3988//3906 3991//3909
f 3990//3908 3989//3907 3993//3911
f 3990//3908 3993//3911 3991//3909
f 3994//3912 3989//3907 3985//3903
f 3993//3911 3989//3907 3995//3913
f 3995//3913 3989//3907 3994//3912
f 3994//3912 3985//3903 3996//3914
f 3996//3914 3985//3903 3984//3902
f 3996//3914 3984//3902 3997//3915
f 3997//3915 3984//3902 3986//3904
f 3994//3912 3996//3914 3998//3916
f 3996//3914 3997//3915 3999//3917
f 3996//3914 3999//3917 3998//3916
f 3997//3915 3986//3904 4000//3918
f 4000//3918 3986//3904 3992//3910
f 3999//3917 3997//3915 4001//3919
f 4001//3919 3997//3915 4000//3918
f 3994//3912 3998//3916 4002//3920
f 3994//3912 4002//3920 3995//3913
f 3998//3916 3999//3917 4003//3921
f 3999//3917 4001//3919 4004//3922
f 3999//3917 4004//3922 4003//3921
f 3998//3916 4003//3921 4005//3923
f 3998//3916 4005//3923 4002//3920
f 4003//3921 4004//3922 4006//3924
f 3995//3913 4002//3920 4007//3925
f 4005//3923 4003//3921 4008//3926
f 4008//3926 4003//3921 4006//3924
f 4002//3920 4005//3923 4009//3927
f 4002//3920 4009//3927 4007//3925
f 4005//3923 4008//3926 4010//3928
f 4005//3923 4010//3928 4009//3927
f 4008//3926 4006//3924 4011//3929
f 4010//3928 4008//3926 4012//3930
f 4012//3930 4008//3926 4011//3929
f 4009//3927 4010//3928 4013//3931
f 4013//3931 4010//3928 4012//3930
f 4009//3927 4013//3931 4014//3932
f 4009//3927 4014//3932 4007//3925
f 4011//3929 4006//3924 4015//3933
f 4015//3933 4006//3924 4004//3922
f 4012//3930 4011//3929 4016//3934
f 4013//3931 4012//3930 4017//3935
f 4017//3935 4012//3930 4016//3934
f 4014//3932 4013//3931 4018//3936
f 4018//3936 4013//3931 4017//3935
f 4015//3933 4004//3922 4019//3937
f 4019//3937 4004//3922 4001//3919
f 4020//3938 4011//3929 4015//3933
f 4011//3929 4020//3938 4016//3934
f 4015//3933 4019//3937 4021//3939
f 4015//3933 4021//3939 4020//3938
f 4019//3937 4001//3919 4022//3940
f 4022//3940 4001//3919 4000//3918
f 4021//3939 4019//3937 4023//3941
f 4023//3941 4019//3937 4022//3940
f 4020//3938 4021//3939 4024//3942
f 4024//3942 4021//3939 4023//3941
f 4025//3943 4016//3934 4020//3938
f 4025//3943 4020//3938 4024//3942
f 4016//3934 4025//3943 4026//3944
f 4016//3934 4026//3944 4017//3935
f 4025//3943 4024//3942 4027//3945
f 4017//3935 4026//3944 4028//3946
f 4017//3935 4028//3946 4018//3936
f 4026//3944 4025//3943 4029//3947
f 4029//3947 4025//3943 4027//3945
f 4028//3946 4026//3944 4030//3948
f 4030//3948 4026//3944 4029//3947
f 4018//3936 4028//3946 4031//3949
f 4018//3936 4031//3949 4014//3932
f 4028//3946 4030//3948 4032//3950
f 4028//3946 4032//3950 4031//3949
f 4030//3948 4029//3947 4033//3951
f 4014//3932 4031//3949 4034//3952
f 4033//3951 4029//3947 4035//3953
f 4035//3953 4029//3947 4027//3945
f 4030//3948 4033//3951 4036//3954
f 4030//3948 4036//3954 4032//3950
f 4033//3951 4035//3953 4037//3955
f 4033//3951 4037//3955 4036//3954
f 4035//3953 4027//3945 4038//3956
f 4038//3956 4027//3945 4024//3942
f 4038//3956 4024//3942 4023//3941
f 4035//3953 4038//3956 4039//3957
f 4035//3953 4039//3957 4037//3955
f 4038//3956 4023//3941 4040//3958
f 4038//3956 4040//3958 4039//3957
f 4037//3955 4039//3957 4041//3959
f 4041//3959 4039//3957 4040//3958
f 4042//3960 4036//3954 4037//3955
f 4040//3958 4023//3941 4043//3961
f 4043//3961 4023//3941 4022//3940
f 4040//3958 4043//3961 4044//3962
f 4040//3958 4044//3962 4041//3959
f 4042//3960 4037//3955 4045//3963
f 4045//3963 4037//3955 4041//3959
f 4036//3954 4042//3960 4046//3964
f 4036//3954 4046//3964 4032//3950
f 4042//3960 4045//3963 4047//3965
f 4042//3960 4047//3965 4046//3964
f 4032//3950 4046//3964 4048//3966
f 4032//3950 4048//3966 4031//3949
f 4046//3964 4047//3965 4049//3967
f 4046//3964 4049//3967 4048//3966
f 4031//3949 4048//3966 4034//3952
f 4034//3952 4048//3966 4049//3967
f 4050//3968 4047//3965 4045//3963
f 4047//3965 4050//3968 4049//3967
f 4050//3968 4045//3963 4051//3969
f 4051//3969 4045//3963 4041//3959
f 4049//3967 4050//3968 4052//3970
f 4034//3952 4049//3967 4053//3971
f 4053//3971 4049//3967 4052//3970
f 4052//3970 4050//3968 4054//388
f 4054//388 4050//3968 4051//3969
f 4051//3969 4041//3959 4055//3972
f 4054//388 4051//3969 4056//3973
f 4056//3973 4051//3969 4055//3972
f 4055//3972 4041//3959 4044//3962
f 4054//388 4056//3973 4057//3974
f 4052//3970 4054//388 4058//3975
f 4058//3975 4054//388 4057//3974
f 4052//3970 4058//3975 4059//3976
f 4052//3970 4059//3976 4053//3971
f 4058//3975 4057//3974 4060//3977
f 4007//3925 4034//3952 4053//3971
f 4034//3952 4007//3925 4014//3932
f 4059//3976 4058//3975 4061//3978
f 4061//3978 4058//3975 4060//3977
f 4053//3971 4059//3976 4062//3979
f 4059//3976 4061//3978 4063//3980
f 4059//3976 4063//3980 4062//3979
f 4007//3925 4053//3971 4064//3981
f 4064//3981 4053//3971 4062//3979
f 4007//3925 4064//3981 4065//3982
f 4007//3925 4065//3982 3995//3913
f 3995//3913 4065//3982 3993//3911
f 4065//3982 4064//3981 4066//3983
f 4066//3983 4064//3981 4062//3979
f 3993//3911 4065//3982 4067//3984
f 4067//3984 4065//3982 4066//3983
f 3993//3911 4067//3984 3991//3909
f 4066//3983 4062//3979 4068//3985
f 4068//3985 4062//3979 4063//3980
f 4067//3984 4066//3983 4069//3986
f 4069//3986 4066//3983 4068//3985
f 3991//3909 4067//3984 4070//3987
f 4070//3987 4067//3984 4069//3986
f 3991//3909 4070//3987 4071//3988
f 3991//3909 4071//3988 3992//3910
f 4070//3987 4069//3986 4072//3989
f 4070//3987 4072//3989 4071//3988
f 3992//3910 4071//3988 4073//3990
f 3992//3910 4073//3990 4000//3918
f 4000//3918 4073//3990 4022//3940
f 4073//3990 4071//3988 4074//3991
f 4022//3940 4073//3990 4075//1836
f 4075//1836 4073//3990 4074//3991
f 4022//3940 4075//1836 4043//3961
f 4043//3961 4075//1836 4076//3992
f 4043//3961 4076//3992 4044//3962
f 4077//3993 4071//3988 4072//3989
f 4071//3988 4077//3993 4074//3991
f 4077//3993 4072//3989 4078//3994
f 4078//3994 4072//3989 4069//3986
f 4079//3995 4075//1836 4074//3991
f 4075//1836 4079//3995 4076//3992
f 4078//3994 4069//3986 4080//3996
f 4080//3996 4069//3986 4068//3985
f 4077//3993 4078//3994 4081//3997
f 4082//3998 4074//3991 4077//3993
f 4082//3998 4077//3993 4081//3997
f 4074//3991 4082//3998 4083//3999
f 4074//3991 4083//3999 4079//3995
f 4082//3998 4081//3997 4084//4000
f 4081//3997 4078//3994 4085//4001
f 4085//4001 4078//3994 4080//3996
f 4081//3997 4085//4001 4084//4000
f 4086//4002 4080//3996 4068//3985
f 4086//4002 4068//3985 4063//3980
f 4085//4001 4080//3996 4087//4003
f 4087//4003 4080//3996 4086//4002
f 4084//4000 4085//4001 4088//4004
f 4088//4004 4085//4001 4087//4003
f 4086//4002 4063//3980 4089//4005
f 4089//4005 4063//3980 4061//3978
f 4087//4003 4086//4002 4090//4006
f 4090//4006 4086//4002 4089//4005
f 4088//4004 4087//4003 4091//4007
f 4091//4007 4087//4003 4090//4006
f 4084//4000 4088//4004 4092//4008
f 4089//4005 4061//3978 4093//4009
f 4093//4009 4061//3978 4060//3977
f 4088//4004 4091//4007 4094//4010
f 4088//4004 4094//4010 4092//4008
f 4089//4005 4093//4009 4095//4011
f 4093//4009 4060//3977 4096//4012
f 4093//4009 4096//4012 4095//4011
f 4096//4012 4060//3977 4097//4013
f 4097//4013 4060//3977 4057//3974
f 4097//4013 4057//3974 4098//4014
f 4098//4014 4057//3974 4056//3973
f 4089//4005 4095//4011 4099//4015
f 4089//4005 4099//4015 4090//4006
f 4095//4011 4096//4012 4100//4016
f 4090//4006 4099//4015 4101//4017
f 4090//4006 4101//4017 4091//4007
f 4099//4015 4095//4011 4102//4018
f 4102//4018 4095//4011 4100//4016
f 4101//4017 4099//4015 4103//4019
f 4103//4019 4099//4015 4102//4018
f 4091//4007 4101//4017 4104//4020
f 4104//4020 4101//4017 4103//4019
f 4091//4007 4104//4020 4094//4010
f 4105//4021 4100//4016 4096//4012
f 4105//4021 4096//4012 4097//4013
f 4103//4019 4102//4018 4106//4022
f 4103//4019 4106//4022 4104//4020
f 4107//4023 4102//4018 4100//4016
f 4102//4018 4107//4023 4106//4022
f 4100//4016 4105//4021 4108//4024
f 4100//4016 4108//4024 4107//4023
f 4105//4021 4097//4013 4109//4025
f 4105//4021 4109//4025 4108//4024
f 4109//4025 4097//4013 4098//4014
f 4108//4024 4109//4025 4110//4026
f 4110//4026 4109//4025 4098//4014
f 4107//4023 4108//4024 4111//4027
f 4111//4027 4108//4024 4110//4026
f 4112//4028 4106//4022 4107//4023
f 4112//4028 4107//4023 4111//4027
f 4113//4029 4104//4020 4106//4022
f 4113//4029 4106//4022 4112//4028
f 4104//4020 4113//4029 4094//4010
f 4111//4027 4110//4026 4114//4030
f 4112//4028 4111//4027 4115//4031
f 4115//4031 4111//4027 4114//4030
f 4112//4028 4115//4031 4116//4032
f 4112//4028 4116//4032 4117//4033
f 4112//4028 4117//4033 4113//4029
f 4116//4032 4115//4031 4118//4034
f 4118//4034 4115//4031 4114//4030
f 4117//4033 4116//4032 4119//4035
f 4119//4035 4116//4032 4118//4034
f 4120//4036 4114//4030 4110//4026
f 4120//4036 4110//4026 4098//4014
f 4114//4030 4120//4036 4121//4037
f 4120//4036 4098//4014 4122//4038
f 4122//4038 4098//4014 4056//3973
f 4122//4038 4056//3973 4055//3972
f 4120//4036 4122//4038 4123//4039
f 4120//4036 4123//4039 4121//4037
f 4122//4038 4055//3972 4124//4040
f 4122//4038 4124//4040 4123//4039
f 4124//4040 4055//3972 4044//3962
f 4124//4040 4044//3962 4125//4041
f 4124//4040 4125//4041 4123//4039
f 4125//4041 4044//3962 4076//3992
f 4126//4042 4114//4030 4121//4037
f 4126//4042 4121//4037 4123//4039
f 4114//4030 4126//4042 4118//4034
f 4123//4039 4125//4041 4127//4043
f 4127//4043 4125//4041 4076//3992
f 4123//4039 4127//4043 4126//4042
f 4118//4034 4126//4042 4128//4044
f 4128//4044 4126//4042 4127//4043
f 4118//4034 4128//4044 4119//4035
f 4127//4043 4076//3992 4129//4045
f 4129//4045 4076//3992 4079//3995
f 4127//4043 4129//4045 4130//4046
f 4127//4043 4130//4046 4128//4044
f 4130//4046 4129//4045 4131//4047
f 4130//4046 4131//4047 4128//4044
f 4129//4045 4079//3995 4132//4048
f 4129//4045 4132//4048 4131//4047
f 4132//4048 4079//3995 4083//3999
f 4128//4044 4131//4047 4133//4049
f 4133//4049 4131//4047 4134//4050
f 4135//4051 4119//4035 4128//4044
f 4135//4051 4128//4044 4133//4049
f 4119//4035 4135//4051 4117//4033
f 4134//4050 4131//4047 4136//4052
f 4136//4052 4131//4047 4132//4048
f 4134//4050 4136//4052 4137//4053
f 4117//4033 4135//4051 4138//4054
f 4117//4033 4138//4054 4113//4029
f 4135//4051 4133//4049 4139//4055
f 4139//4055 4133//4049 4137//4053
f 4135//4051 4139//4055 4138//4054
f 4113//4029 4138//4054 4140//4056
f 4140//4056 4138//4054 4139//4055
f 4113//4029 4140//4056 4141//4057
f 4140//4056 4139//4055 4142//4058
f 4142//4058 4139//4055 4137//4053
f 4140//4056 4142//4058 4141//4057
f 4113//4029 4141//4057 4094//4010
f 4094//4010 4141//4057 4143//4059
f 4094//4010 4143//4059 4092//4008
f 4143//4059 4141//4057 4144//4060
f 4143//4059 4144//4060 4092//4008
f 4141//4057 4142//4058 4145//4061
f 4141//4057 4145//4061 4144//4060
f 4146//4062 4142//4058 4137//4053
f 4142//4058 4146//4062 4145//4061
f 4146//4062 4137//4053 4136//4052
f 4144//4060 4145//4061 4147//4063
f 4144//4060 4147//4063 4092//4008
f 4145//4061 4146//4062 4148//4063
f 4145//4061 4148//4063 4147//4063
f 4146//4062 4136//4052 4149//4064
f 4146//4062 4149//4064 4148//4063
f 4149//4064 4136//4052 4132//4048
f 4149//4064 4132//4048 4083//3999
f 4149//4064 4083//3999 4148//4063
f 4150//4065 4092//4008 4147//4063
f 4150//4065 4147//4063 4148//4063
f 4150//4065 4148//4063 4083//3999
f 4092//4008 4150//4065 4084//4000
f 4150//4065 4083//3999 4082//3998
f 4150//4065 4082//3998 4084//4000
o tripo_part_18
g tripo_part_18
usemtl mat_0
v 0.104704261 0.739720345 -0.047944561
vn -0.645509243 -0.763590157 -0.015744127
v 0.114488959 0.727986336 -0.044030681
vn 0.078762144 -0.850631118 0.519830108
v 0.092961669 0.741688728 -0.000978008
vn -0.086442851 -0.110018171 0.990163505
v 0.141886115 0.700589180 -0.079255596
vn 0.345217526 -0.549209654 0.761047721
v 0.116445899 0.737767220 -0.045991436
vn 0.858880281 0.307305783 0.409741014
v 0.092961669 0.747548103 -0.057733074
vn -0.416022360 -0.902689934 0.109892689
v 0.102747321 0.726025581 -0.110566631
vn -0.465549380 -0.757504106 0.457658708
v 0.077306151 0.751469612 -0.059686199
vn -0.361354411 -0.919097006 0.157110602
v 0.075349212 0.729939461 -0.116437450
vn -0.125956923 -0.802975357 0.582550824
v 0.065565467 0.757344246 -0.059686199
vn -0.990071774 -0.062861696 0.125723392
v 0.073392272 0.729939461 -0.116437450
vn -0.929364324 -0.362294585 0.070883721
v 0.083176970 0.679059029 -0.161448970
vn -0.639761746 -0.489694178 0.592372000
v 0.081220031 0.739720345 -0.120353237
vn -0.517523766 0.642984033 -0.564571381
v 0.071435332 0.765172005 -0.059686199
vn -0.448972017 0.890067339 0.078767024
v 0.075349212 0.765172005 -0.061646953
vn 0.213440418 0.972339690 -0.094862409
v 0.083176970 0.759297371 -0.059686199
vn 0.472206831 0.881452739 -0.007870113
v 0.087090969 0.741688728 -0.120353237
vn 0.102473453 0.827670276 -0.551780105
v 0.100789428 0.735814095 -0.116437450
vn 0.377730370 0.786938250 -0.487901717
v 0.098832488 0.755375862 -0.055772319
vn 0.323306054 0.946261644 0.007885513
v 0.110575080 0.684933662 -0.161448970
v 0.110575080 0.749516487 -0.051858440
vn 0.616413057 0.774467647 0.142249152
v 0.120359778 0.733860970 -0.108609691
vn 0.377765447 0.818491817 -0.432856262
v 0.136015296 0.727986336 -0.100781932
vn 0.698366880 0.690520048 -0.188323662
v 0.143843055 0.714283943 -0.089044109
vn 0.915431440 0.355124265 0.189399615
v 0.134058356 0.684933662 -0.155577675
vn 0.377859116 0.566788614 -0.732101977
v 0.151670814 0.681019783 -0.143836036
vn 0.742254376 0.481675714 -0.465883046
v 0.159498572 0.673192024 -0.128180996
vn 0.964554965 0.260904193 -0.039530940
v 0.157537818 0.663403511 -0.114480510
vn 0.434135407 -0.434135407 0.789337039
v 0.112532020 0.677105904 -0.153620735
vn -0.473513722 -0.520865083 0.710270584
v 0.114488959 0.626223564 -0.177104488
vn -0.465115130 -0.212849304 0.859280527
v 0.163412452 0.620351791 -0.137964740
vn 0.487358779 -0.345867515 0.801783741
v 0.165365577 0.624266624 -0.153620735
vn 0.977105200 0.000000000 -0.212756783
v 0.155584693 0.628180504 -0.171233669
vn 0.699985027 0.141569987 -0.699985027
v 0.151670814 0.573384285 -0.147749916
vn 0.440399110 -0.290977985 0.849341154
v 0.151670814 0.573384285 -0.163405910
vn 0.887428463 -0.329840660 -0.321987331
v 0.136015296 0.630137444 -0.181018367
vn 0.345953017 0.220151901 -0.912057877
v 0.102747321 0.573384285 -0.182973400
vn -0.370147616 0.118132219 0.921431243
v 0.112532020 0.630137444 -0.186887279
vn 0.306139052 0.219792143 -0.926266909
v 0.139929175 0.575343132 -0.179061428
vn 0.604801178 -0.204218566 -0.769746959
v 0.122316718 0.573384285 -0.186887279
vn 0.306630701 -0.125797197 -0.943479061
v 0.098832488 0.630137444 -0.192758098
vn 0.205253214 0.213147581 -0.955216944
v 0.130144477 0.532292366 -0.149706855
vn 0.457047254 -0.110321753 0.882574022
v 0.128187537 0.530331612 -0.161448970
vn 0.848266423 -0.431987524 -0.306318432
v 0.120359778 0.528378487 -0.173190609
vn 0.604931831 -0.408525378 -0.683494329
v 0.118402839 0.500981331 -0.147749916
vn 0.955306172 -0.244747862 -0.165796936
v 0.106661201 0.526417732 -0.179061428
vn 0.275436908 -0.401350945 -0.873528540
v 0.100789428 0.573384285 -0.190801159
vn 0.314027458 -0.117760301 -0.942082405
v 0.114488959 0.497067481 -0.155577675
vn 0.581956029 -0.495449066 -0.644870162
v 0.104704261 0.497067481 -0.157534614
vn 0.149569228 -0.598276913 -0.787206471
v 0.092961669 0.524464607 -0.181018367
vn -0.039475463 -0.450020254 -0.892145455
v 0.089047790 0.573384285 -0.196671978
vn 0.086515002 -0.102244996 -0.990989983
v 0.087090969 0.524464607 -0.179061428
vn -0.031465840 -0.471987605 -0.881043553
v 0.094918609 0.495106727 -0.157534614
vn 0.181802571 -0.584930003 -0.790445924
v 0.077306151 0.524464607 -0.181018367
vn -0.416073620 -0.400372714 -0.816446304
v 0.081220031 0.573384285 -0.194715038
vn -0.606205344 -0.015745593 -0.795152426
v 0.085133970 0.493153602 -0.159492031
vn -0.062999941 -0.669374347 -0.740249336
v 0.081220031 0.493153602 -0.157534614
vn -0.852510631 -0.505191445 -0.134191483
v 0.098832488 0.473576576 -0.139921680
vn -0.441287011 -0.772252262 -0.457047254
v 0.104704261 0.473576576 -0.139921680
vn 0.054856848 -0.587751925 -0.807179272
v 0.096875548 0.475544959 -0.137964740
v 0.108618140 0.463795692 -0.132094875
vn -0.488977849 -0.843881130 -0.220828697
v 0.073392272 0.526417732 -0.175147548
vn -0.912594080 0.078671902 0.401226699
v 0.077306151 0.526417732 -0.175147548
vn -0.031476557 0.369849533 0.928558409
v 0.077306151 0.573384285 -0.186887279
vn -0.912904918 0.133787796 0.385623634
v 0.083176970 0.495106727 -0.153620735
vn -0.623110533 0.291836590 0.725647748
v 0.106661201 0.465748817 -0.130137935
vn -0.691478729 -0.518608987 0.502893567
v 0.094918609 0.526417732 -0.175147548
vn -0.283332825 0.377777129 0.881479979
v 0.085133970 0.628180504 -0.184930339
vn -0.750220835 -0.086867683 0.655456126
v 0.096875548 0.497067481 -0.153620735
vn -0.323316127 0.567774653 0.757032871
v 0.116445899 0.506848335 -0.141878620
vn -0.205112666 0.347113758 0.915118039
v 0.098832488 0.477498084 -0.134051815
vn -0.574731946 0.157460809 0.803050101
v 0.114488959 0.483365089 -0.134051815
vn 0.000000000 0.409055918 0.912509322
v 0.118402839 0.502934456 -0.141878620
vn 0.817858875 0.039320137 0.574074030
v 0.108618140 0.467717201 -0.128180996
vn -0.268424779 0.015789693 0.963171303
v 0.118402839 0.479451209 -0.134051815
vn 0.795546889 0.267807871 0.543492436
v 0.120359778 0.467717201 -0.130137935
vn 0.777553499 0.290600836 0.557639360
v 0.116445899 0.459889442 -0.128180996
vn 0.094327509 -0.267261237 0.958996296
v 0.118402839 0.479451209 -0.136007801
vn 0.978229523 -0.031555790 -0.205112636
v 0.116445899 0.477498084 -0.139921680
vn 0.615089178 -0.402173668 -0.678175211
v 0.112532020 0.463795692 -0.134051815
vn 0.134338051 -0.655885756 -0.742810369
v 0.122316718 0.459889442 -0.128180996
vn 0.338121802 0.157265946 0.927869081
v 0.120359778 0.465748817 -0.132094875
vn 0.660374105 -0.251571089 -0.707543671
v 0.116445899 0.465748817 -0.132094875
vn 0.266496629 -0.501640737 -0.823004365
vn 0.000000000 -0.551061511 -0.834464669
v 0.110575080 0.475544959 -0.139921680
vn 0.204338357 -0.526564240 -0.825212657
v 0.098832488 0.686886787 -0.167319790
vn 0.181231648 0.543694913 -0.819482148
v 0.091004729 0.684933662 -0.167319790
vn -0.425831020 0.457374036 -0.780690193
v 0.091004729 0.630137444 -0.192758098
vn -0.415727854 0.235317647 -0.878519177
vn -0.699206948 0.274968982 -0.659925580
v 0.096875548 0.679059029 -0.157534614
vn 0.668091178 -0.385134935 0.636651635
v 0.091004729 0.726025581 -0.116437450
vn 0.553104818 -0.481991380 0.679528773
vn -0.251773477 -0.416999847 0.873339236
v 0.071435332 0.733860970 -0.130137935
vn -0.504422009 -0.717225015 0.480777204
v 0.073392272 0.684933662 -0.173190609
vn -0.581740201 -0.440235823 0.683937728
vn -0.803423584 -0.275684565 0.527739048
v 0.061649680 0.759297371 -0.061646953
vn 0.830740452 -0.454556078 0.321324140
v 0.091004729 0.731892586 -0.122310176
vn 0.888305485 0.455944419 -0.055027775
v 0.096875548 0.684933662 -0.165362850
vn 0.892201126 0.268449873 -0.363196909
v 0.081220031 0.739720345 -0.130137935
vn 0.600757658 0.727232993 -0.331997633
v 0.096875548 0.630137444 -0.188844219
vn 0.884305537 0.031582341 -0.465839505
v 0.083176970 0.690800667 -0.175147548
vn 0.593186677 0.442912698 -0.672278166
v 0.096875548 0.628180504 -0.179061428
vn 0.598073065 -0.267558992 0.755460739
v 0.087090969 0.575343132 -0.192758098
vn 0.942431092 -0.054975145 -0.329850852
v 0.087090969 0.575343132 -0.184930339
vn 0.632297516 0.015807439 0.774564505
v 0.081220031 0.634051323 -0.200585857
vn 0.575213492 0.189111277 -0.795843244
v 0.075349212 0.575343132 -0.210370556
vn 0.645269334 -0.031476554 -0.763306439
v 0.061649680 0.634051323 -0.212327495
vn 0.331408024 0.228829354 -0.915317416
v 0.089047790 0.526417732 -0.184930339
vn 0.977378368 -0.094585001 -0.189170003
v 0.077306151 0.575343132 -0.186887279
vn -0.590899408 0.070907921 0.803623140
v 0.065565467 0.745594978 -0.137964740
vn 0.448027939 0.778153777 -0.440167814
v 0.065565467 0.694714546 -0.186887279
vn 0.417258173 0.480240524 -0.771533966
v 0.051866889 0.763203621 -0.100781932
vn -0.227880701 0.966528535 0.117869332
v 0.055778861 0.759297371 -0.085130230
vn -0.969677091 0.000000000 0.244390160
v 0.055778861 0.747548103 -0.141878620
vn 0.307525486 0.780641675 -0.544083536
v 0.034254432 0.753422737 -0.143836036
vn -0.109923169 0.879385352 -0.463247627
vn 0.961255908 -0.141824633 -0.236374393
v 0.053823829 0.767125130 -0.100781932
vn 0.942809105 -0.235702276 -0.235702276
v 0.028383613 0.698628426 -0.192758098
vn -0.094231471 0.533978343 -0.840230644
v 0.053823829 0.694714546 -0.190801159
vn 0.212479919 0.495786458 -0.842050016
v 0.049909949 0.634051323 -0.214288250
vn 0.125828326 0.220199585 -0.967305303
v 0.024469733 0.636008263 -0.216241375
vn -0.078555301 0.212099329 -0.974085748
v 0.028383613 0.751469612 -0.141878620
vn -0.564207196 0.791457355 -0.235086367
v 0.024469733 0.747548103 -0.139921680
vn -0.393505692 0.857842386 -0.330544770
v 0.020552039 0.747548103 -0.139921680
vn -0.867973447 0.473440081 0.149922684
v 0.020552039 0.696675301 -0.190801159
vn -0.331408024 0.505002737 -0.796957433
v 0.012724280 0.694714546 -0.188844219
vn -0.456962168 0.480598181 -0.748472512
vn -0.472192168 0.873555481 0.118048042
v 0.006857276 0.634051323 -0.208413616
vn -0.664202869 0.134422019 -0.735367537
v 0.016638160 0.636008263 -0.214288250
vn -0.386498332 0.205080733 -0.899200201
v 0.002943397 0.690800667 -0.182973400
vn -0.973695278 -0.007852381 0.227719054
v 0.018598914 0.573384285 -0.218202129
vn -0.558276892 -0.212302506 -0.802031636
v 0.014685035 0.573384285 -0.212327495
vn -0.676431775 -0.251695544 -0.692162812
v 0.026426673 0.573384285 -0.220155254
vn -0.125953019 -0.125953019 -0.984007955
v 0.042082191 0.518589973 -0.202542797
vn -0.652472198 -0.605305552 -0.455944419
v 0.049909949 0.573384285 -0.220155254
vn 0.094514571 -0.078762144 -0.992402971
v 0.047953010 0.516636848 -0.204499736
vn -0.188410670 -0.620185137 -0.761493146
v 0.059692740 0.573384285 -0.218202129
vn 0.315597177 -0.063119434 -0.946791589
v 0.061649680 0.518589973 -0.204499736
vn 0.141534969 -0.495372444 -0.857072949
v 0.071435332 0.487278968 -0.167319790
vn -0.379556358 -0.854001820 -0.355834097
v 0.069479346 0.518589973 -0.202542797
vn 0.378622442 -0.457502067 -0.804572642
v 0.077306151 0.487278968 -0.167319790
vn 0.180671602 -0.793384016 -0.581291258
v 0.069479346 0.489239722 -0.165362850
vn -0.784392238 -0.611825943 0.101970993
v 0.079263091 0.522503853 -0.196671978
vn 0.678512871 -0.299808025 -0.670623183
v 0.091004729 0.465748817 -0.126224056
vn -0.355645150 -0.916774154 -0.181774184
v 0.081220031 0.489239722 -0.167319790
vn 0.466713130 -0.648652196 -0.601189852
v 0.085133970 0.491192847 -0.165362850
vn 0.778057635 -0.432254255 -0.455831736
v 0.092961669 0.465748817 -0.126224056
vn 0.725467265 -0.654497623 -0.212908864
v 0.087090969 0.493153602 -0.159492031
vn 0.986057103 -0.086773030 -0.141992211
v 0.092961669 0.465748817 -0.124267116
vn 0.569049954 -0.252911091 0.782443702
v 0.087090969 0.493153602 -0.155577675
vn 0.518033624 0.627919495 0.580825567
v 0.085133970 0.526417732 -0.175147548
vn 0.196643233 0.338226378 0.920290351
v 0.073392272 0.524464607 -0.186887279
vn -0.560429275 0.315734833 0.765656948
v 0.075349212 0.491192847 -0.159492031
vn -0.283807904 0.670102000 0.685869098
v 0.091004729 0.465748817 -0.124267116
vn -0.417258173 -0.299166232 0.858134747
v 0.069479346 0.491192847 -0.161448970
vn -0.748472512 0.149694502 0.646049976
v 0.057735801 0.520550728 -0.192758098
vn -0.149643421 0.504061997 0.850604653
v 0.040125251 0.520550728 -0.194715038
vn -0.629122138 -0.699898422 -0.338153154
v 0.028383613 0.522503853 -0.190801159
vn -0.804022491 -0.465071827 0.370480955
v 0.067522407 0.575343132 -0.202542797
vn -0.573648453 0.055007383 0.817252517
v 0.040125251 0.573384285 -0.210370556
vn -0.039409194 0.110345736 0.993111670
v 0.071435332 0.630137444 -0.196671978
vn -0.496247619 -0.173292831 0.850710213
v 0.040125251 0.632094383 -0.206456676
vn -0.078684077 -0.204578593 0.975682557
v -0.000970483 0.571427345 -0.202542797
vn -0.929912508 -0.260060281 0.260060281
v -0.000970483 0.632094383 -0.198628917
vn -0.889736295 -0.118106596 0.440931261
v 0.044039130 0.690800667 -0.182973400
vn -0.188271478 -0.509901941 0.839377046
v 0.047953010 0.741688728 -0.137964740
vn -0.291329592 -0.787377298 0.543290257
vn 0.000000000 -0.447213650 -0.894427299
v 0.122316718 0.455967933 -0.126224056
f 4151//4066 4152//4067 4153//4068
f 4152//4067 4151//4066 4154//4069
f 4153//4068 4152//4067 4155//4070
f 4155//4070 4152//4067 4154//4069
f 4151//4066 4153//4068 4156//4071
f 4151//4066 4156//4071 4157//4072
f 4151//4066 4157//4072 4154//4069
f 4156//4071 4153//4068 4158//4073
f 4157//4072 4156//4071 4159//4074
f 4159//4074 4156//4071 4158//4073
f 4159//4074 4158//4073 4160//4075
f 4160//4075 4158//4073 4153//4068
f 4159//4074 4160//4075 4161//4076
f 4157//4072 4159//4074 4162//4077
f 4162//4077 4159//4074 4161//4076
f 4161//4076 4160//4075 4163//4078
f 4161//4076 4163//4078 4162//4077
f 4160//4075 4153//4068 4164//4079
f 4160//4075 4164//4079 4163//4078
f 4163//4078 4164//4079 4165//4080
f 4165//4080 4164//4079 4153//4068
f 4165//4080 4153//4068 4166//4081
f 4163//4078 4165//4080 4167//4082
f 4165//4080 4166//4081 4168//4083
f 4165//4080 4168//4083 4167//4082
f 4168//4083 4166//4081 4169//4084
f 4169//4084 4166//4081 4153//4068
f 4167//4082 4168//4083 4170//584
f 4169//4084 4153//4068 4171//4085
f 4171//4085 4153//4068 4155//4070
f 4168//4083 4169//4084 4172//4086
f 4172//4086 4169//4084 4171//4085
f 4168//4083 4172//4086 4170//584
f 4171//4085 4155//4070 4173//4087
f 4171//4085 4173//4087 4172//4086
f 4173//4087 4155//4070 4174//4088
f 4174//4088 4155//4070 4154//4069
f 4172//4086 4173//4087 4175//4089
f 4172//4086 4175//4089 4170//584
f 4173//4087 4174//4088 4176//4090
f 4173//4087 4176//4090 4175//4089
f 4174//4088 4154//4069 4177//4091
f 4174//4088 4177//4091 4176//4090
f 4177//4091 4154//4069 4178//4092
f 4178//4092 4154//4069 4179//4093
f 4179//4093 4154//4069 4157//4072
f 4179//4093 4157//4072 4162//4077
f 4178//4092 4179//4093 4180//4094
f 4180//4094 4179//4093 4162//4077
f 4177//4091 4178//4092 4181//4095
f 4181//4095 4178//4092 4180//4094
f 4182//4096 4176//4090 4177//4091
f 4182//4096 4177//4091 4181//4095
f 4176//4090 4182//4096 4183//4097
f 4176//4090 4183//4097 4175//4089
f 4182//4096 4181//4095 4184//4098
f 4184//4098 4181//4095 4180//4094
f 4183//4097 4182//4096 4185//4099
f 4185//4099 4182//4096 4184//4098
f 4175//4089 4183//4097 4186//4100
f 4184//4098 4180//4094 4187//4101
f 4175//4089 4186//4100 4188//4102
f 4175//4089 4188//4102 4170//584
f 4186//4100 4183//4097 4189//4103
f 4189//4103 4183//4097 4185//4099
f 4188//4102 4186//4100 4190//4104
f 4190//4104 4186//4100 4189//4103
f 4170//584 4188//4102 4191//4105
f 4192//4106 4185//4099 4184//4098
f 4192//4106 4184//4098 4187//4101
f 4189//4103 4185//4099 4193//4107
f 4193//4107 4185//4099 4192//4106
f 4189//4103 4193//4107 4194//4108
f 4189//4103 4194//4108 4190//4104
f 4194//4108 4193//4107 4195//4109
f 4195//4109 4193//4107 4192//4106
f 4190//4104 4194//4108 4196//4110
f 4197//4111 4188//4102 4190//4104
f 4197//4111 4190//4104 4196//4110
f 4188//4102 4197//4111 4191//4105
f 4196//4110 4194//4108 4198//4112
f 4198//4112 4194//4108 4195//4109
f 4196//4110 4198//4112 4199//4113
f 4197//4111 4196//4110 4200//4114
f 4200//4114 4196//4110 4199//4113
f 4197//4111 4200//4114 4201//4115
f 4197//4111 4201//4115 4191//4105
f 4201//4115 4200//4114 4202//4116
f 4202//4116 4200//4114 4203//4117
f 4203//4117 4200//4114 4199//4113
f 4201//4115 4202//4116 4204//4118
f 4191//4105 4201//4115 4205//4119
f 4205//4119 4201//4115 4204//4118
f 4204//4118 4202//4116 4206//4120
f 4206//4120 4202//4116 4203//4117
f 4204//4118 4206//4120 4207//4121
f 4206//4120 4203//4117 4208//4122
f 4203//4117 4199//4113 4209//4123
f 4203//4117 4209//4123 4208//4122
f 4206//4120 4208//4122 4210//2677
f 4206//4120 4210//2677 4207//4121
f 4208//4122 4209//4123 4211//4124
f 4208//4122 4211//4124 4210//2677
f 4204//4118 4207//4121 4212//4125
f 4204//4118 4212//4125 4205//4119
f 4212//4125 4207//4121 4213//4126
f 4205//4119 4212//4125 4214//4127
f 4214//4127 4212//4125 4213//4126
f 4213//4126 4207//4121 4215//4128
f 4215//4128 4207//4121 4210//2677
f 4216//4129 4210//2677 4211//4124
f 4213//4126 4215//4128 4217//4130
f 4214//4127 4213//4126 4187//4101
f 4187//4101 4213//4126 4217//4130
f 4214//4127 4187//4101 4218//4131
f 4214//4127 4218//4131 4205//4119
f 4187//4101 4217//4130 4192//4106
f 4218//4131 4187//4101 4180//4094
f 4217//4130 4215//4128 4219//4132
f 4192//4106 4217//4130 4220//4133
f 4220//4133 4217//4130 4219//4132
f 4219//4132 4215//4128 4221//4134
f 4221//4134 4215//4128 4210//2677
f 4220//4133 4219//4132 4222//4135
f 4222//4135 4219//4132 4221//4134
f 4192//4106 4220//4133 4223//4136
f 4223//4136 4220//4133 4222//4135
f 4192//4106 4223//4136 4195//4109
f 4221//4134 4210//2677 4224//4137
f 4221//4134 4224//4137 4222//4135
f 4224//4137 4210//2677 4216//4129
f 4223//4136 4222//4135 4225//4138
f 4223//4136 4225//4138 4195//4109
f 4222//4135 4224//4137 4226//4139
f 4222//4135 4226//4139 4225//4138
f 4224//4137 4216//4129 4227//4140
f 4224//4137 4227//4140 4226//4139
f 4227//4140 4216//4129 4211//4124
f 4195//4109 4225//4138 4228//4141
f 4228//4141 4225//4138 4226//4139
f 4195//4109 4228//4141 4229//4142
f 4229//4142 4228//4141 4226//4139
f 4195//4109 4229//4142 4198//4112
f 4198//4112 4229//4142 4199//4113
f 4227//4140 4211//4124 4230//4143
f 4230//4143 4211//4124 4209//4123
f 4231//4144 4226//4139 4227//4140
f 4226//4139 4231//4144 4232//4145
f 4226//4139 4232//4145 4229//4142
f 4232//4145 4231//4144 4233//4146
f 4232//4145 4233//4146 4229//4142
f 4227//4140 4230//4143 4233//4146
f 4227//4147 4233//4146 4231//4147
f 4234//4148 4230//4143 4209//4123
f 4230//4143 4234//4148 4233//4146
f 4233//4146 4234//4148 4229//4142
f 4234//4148 4209//4123 4199//4113
f 4234//4148 4199//4113 4229//4142
f 4235//4149 4167//4082 4170//584
f 4235//4149 4170//584 4191//4105
f 4167//4082 4235//4149 4236//4150
f 4167//4082 4236//4150 4163//4078
f 4235//4149 4191//4105 4237//4151
f 4235//4149 4237//4151 4236//4150
f 4237//4151 4191//4105 4205//4119
f 4218//4152 4162//4152 4236//4150
f 4163//4078 4236//4150 4162//4077
f 4237//4151 4205//4119 4218//4131
f 4237//4151 4218//4131 4236//4150
f 4162//4077 4218//4131 4180//4094
f 4238//4153 4239//4154 4162//4077
f 4162//4155 4218//4155 4238//4153
f 4162//4077 4239//4154 4240//4156
f 4162//4077 4240//4156 4241//4157
f 4218//4158 4162//4158 4241//4157
f 4240//4156 4239//4154 4242//4159
f 4239//4154 4238//4153 4243//4160
f 4239//4154 4243//4160 4242//4159
f 4243//4160 4238//4153 4244//4161
f 4243//4160 4244//4161 4245//4162
f 4243//4160 4245//4162 4242//4159
f 4244//4161 4238//4153 4246//4163
f 4245//4162 4244//4161 4247//4164
f 4247//4164 4244//4161 4246//4163
f 4246//4163 4238//4153 4248//4165
f 4248//4165 4238//4153 4218//4131
f 4246//4163 4248//4165 4249//4166
f 4248//4165 4218//4131 4250//4167
f 4248//4165 4250//4167 4249//4166
f 4246//4163 4249//4166 4251//4168
f 4246//4163 4251//4168 4247//4164
f 4251//4168 4249//4166 4252//4169
f 4247//4164 4251//4168 4253//4170
f 4253//4170 4251//4168 4252//4169
f 4249//4166 4250//4167 4254//4171
f 4249//4166 4254//4171 4252//4169
f 4255//4172 4250//4167 4218//4131
f 4256//4173 4245//4162 4247//4164
f 4245//4162 4256//4173 4242//4159
f 4256//4173 4247//4164 4257//4174
f 4257//4174 4247//4164 4253//4170
f 4242//4159 4256//4173 4258//4175
f 4259//4176 4242//4176 4258//4175
f 4256//4173 4257//4174 4260//4177
f 4256//4173 4260//4177 4258//4175
f 4258//4175 4260//4177 4261//4178
f 4258//4175 4261//4178 4259//4179
f 4262//4180 4242//4159 4259//4179
f 4261//4178 4260//4177 4263//4181
f 4260//4177 4257//4174 4264//4182
f 4260//4177 4264//4182 4263//4181
f 4264//4182 4257//4174 4265//4183
f 4265//4183 4257//4174 4253//4170
f 4263//4181 4264//4182 4266//4184
f 4266//4184 4264//4182 4265//4183
f 4261//4178 4263//4181 4267//4185
f 4261//4178 4267//4185 4259//4179
f 4259//4179 4267//4185 4268//4186
f 4259//4179 4268//4186 4269//4187
f 4267//4185 4263//4181 4270//4188
f 4270//4188 4263//4181 4266//4184
f 4268//4186 4267//4185 4271//4189
f 4271//4189 4267//4185 4270//4188
f 4268//4186 4271//4189 4269//4187
f 4242//4190 4259//4190 4269//4187
f 4271//4189 4270//4188 4272//4191
f 4270//4188 4266//4184 4273//4192
f 4270//4188 4273//4192 4272//4191
f 4269//4187 4271//4189 4274//4193
f 4274//4193 4271//4189 4272//4191
f 4272//4191 4273//4192 4275//4194
f 4275//4194 4273//4192 4266//4184
f 4272//4191 4275//4194 4276//4195
f 4275//4194 4266//4184 4277//4196
f 4277//4196 4266//4184 4265//4183
f 4275//4194 4277//4196 4278//4197
f 4275//4194 4278//4197 4276//4195
f 4277//4196 4265//4183 4279//4198
f 4279//4198 4265//4183 4253//4170
f 4277//4196 4279//4198 4280//4199
f 4277//4196 4280//4199 4278//4197
f 4279//4198 4253//4170 4281//4200
f 4281//4200 4253//4170 4252//4169
f 4280//4199 4279//4198 4282//4201
f 4282//4201 4279//4198 4281//4200
f 4278//4197 4280//4199 4283//4202
f 4283//4202 4280//4199 4282//4201
f 4282//4201 4281//4200 4284//4203
f 4284//4203 4281//4200 4252//4169
f 4283//4202 4282//4201 4285//4204
f 4285//4204 4282//4201 4284//4203
f 4278//4197 4283//4202 4286//4205
f 4284//4203 4252//4169 4287//4206
f 4283//4202 4285//4204 4288//4207
f 4283//4202 4288//4207 4286//4205
f 4285//4204 4284//4203 4289//4208
f 4289//4208 4284//4203 4287//4206
f 4285//4204 4289//4208 4288//4207
f 4287//4206 4252//4169 4254//4171
f 4289//4208 4287//4206 4290//4209
f 4290//4209 4287//4206 4254//4171
f 4289//4208 4290//4209 4291//4210
f 4289//4208 4291//4210 4288//4207
f 4290//4209 4254//4171 4292//4211
f 4290//4209 4292//4211 4291//4210
f 4291//4210 4292//4211 4293//4212
f 4291//4210 4293//4212 4288//4207
f 4292//4211 4254//4171 4294//4213
f 4292//4211 4294//4213 4293//4212
f 4294//4213 4254//4171 4295//4214
f 4295//4214 4254//4171 4250//4167
f 4295//4214 4250//4167 4255//4172
f 4294//4213 4295//4214 4296//4215
f 4296//4215 4295//4214 4255//4172
f 4293//4212 4294//4213 4297//4216
f 4297//4216 4294//4213 4296//4215
f 4293//4212 4297//4216 4298//4217
f 4293//4212 4298//4217 4288//4207
f 4288//4207 4298//4217 4299//4218
f 4299//4218 4298//4217 4297//4216
f 4288//4207 4299//4218 4286//4205
f 4297//4216 4296//4215 4300//4219
f 4297//4216 4300//4219 4299//4218
f 4286//4205 4299//4218 4301//4220
f 4286//4205 4301//4220 4278//4197
f 4278//4197 4301//4220 4276//4195
f 4301//4220 4299//4218 4302//4221
f 4302//4221 4299//4218 4300//4219
f 4301//4220 4302//4221 4276//4195
f 4303//4222 4300//4219 4296//4215
f 4303//4222 4296//4215 4255//4172
f 4302//4221 4300//4219 4304//4223
f 4304//4223 4300//4219 4303//4222
f 4303//4222 4255//4172 4305//4224
f 4303//4222 4305//4224 4304//4223
f 4305//4224 4255//4172 4218//4131
f 4305//4224 4218//4131 4241//4157
f 4304//4223 4305//4224 4306//4225
f 4306//4225 4305//4224 4241//4157
f 4302//4221 4304//4223 4307//4226
f 4302//4221 4307//4226 4276//4195
f 4307//4226 4304//4223 4306//4225
f 4276//4195 4307//4226 4308//4227
f 4308//4227 4307//4226 4306//4225
f 4276//4195 4308//4227 4272//4191
f 4272//4191 4308//4227 4274//4193
f 4274//4193 4308//4227 4306//4225
f 4309//4228 4306//4225 4241//4157
f 4306//4225 4309//4228 4274//4193
f 4309//4228 4241//4157 4240//4156
f 4274//4193 4309//4228 4310//4229
f 4310//4229 4309//4228 4240//4156
f 4274//4193 4310//4229 4269//4187
f 4310//4229 4240//4156 4242//4159
f 4310//4229 4242//4159 4269//4187
f 4227//4230 4231//4230 4311//4230
o tripo_part_19
g tripo_part_19
usemtl mat_0
v 0.022510823 0.763205409 -0.026417024
vn -0.415919840 -0.431614906 0.800449431
v 0.022510823 0.767126918 -0.047947176
vn -0.110634781 -0.979908049 -0.165952161
v 0.092968285 0.741690516 -0.000980623
vn 0.730925202 -0.330095261 0.597315252
v -0.036196414 0.767126918 -0.049904115
vn -0.094432592 -0.629550576 0.771199524
v 0.026424702 0.774954677 -0.034248598
vn -0.055116400 0.748008311 0.661396801
v 0.024471577 0.769080043 -0.061645754
vn -0.180956557 -0.983459592 -0.007867676
v 0.032299336 0.765173793 -0.079256304
vn -0.213094458 -0.962871253 -0.165740132
v -0.036196414 0.773001552 -0.065557726
vn 0.299472660 -0.953584015 0.031523436
v -0.116428077 0.708411098 -0.067514665
vn 0.110304631 -0.220609263 0.969105005
v -0.038153354 0.778860927 -0.053817995
vn -0.363514274 0.782345951 0.505759001
v 0.026424702 0.780829310 -0.044033296
vn 0.172800347 0.958256423 0.227782249
v -0.038153354 0.778860927 -0.067514665
vn -0.330350399 0.943858385 0.000000000
v 0.026424702 0.780829310 -0.047947176
vn 0.299770713 0.946644366 -0.118330546
v 0.026424702 0.778860927 -0.055774935
vn 0.267625272 0.960302532 -0.078713320
v -0.038153354 0.778860927 -0.075342424
vn -0.339161456 0.938609660 -0.063099809
v -0.126216590 0.714285731 -0.075342424
vn -0.781419396 0.513053119 0.355190605
v -0.124255836 0.714285731 -0.085127123
vn -0.801659942 0.597315252 -0.023578234
v 0.028385457 0.778860927 -0.065557726
vn 0.220151931 0.974958539 0.031450275
v -0.143825233 0.634051204 -0.075342424
vn 0.189023256 -0.102387592 0.976620197
v -0.155566871 0.636008143 -0.085127123
vn -0.949903846 0.133457556 0.282615989
v -0.134044349 0.634051204 -0.108611353
vn 0.908785701 -0.173854664 0.379319251
v -0.141872108 0.559686601 -0.077299364
vn 0.172800347 0.078545608 0.981820107
v -0.153613746 0.636008143 -0.092955358
vn -0.979021966 0.165802106 -0.118430078
v -0.151652992 0.555773675 -0.087084539
vn -0.919295549 -0.172858998 0.353575230
v -0.153613746 0.636008143 -0.104697473
vn -0.939428151 0.165781438 -0.299985468
v -0.151652992 0.555773675 -0.092955358
vn -0.980244875 -0.197630018 0.007905201
v -0.124255836 0.716238856 -0.094912298
vn -0.773405731 0.599784076 -0.205189273
v -0.032283489 0.778860927 -0.090998419
vn -0.259504884 0.951517940 -0.165139467
v -0.116428077 0.714285731 -0.106654413
vn -0.695071459 0.584491909 -0.418622583
v -0.028369609 0.776907802 -0.104697473
vn -0.125832215 0.896554530 -0.424683750
v -0.143825233 0.636008143 -0.118395098
vn -0.872934043 0.173013955 -0.456127703
v -0.110561073 0.714285731 -0.122308977
vn -0.685443163 0.590899348 -0.425447494
v -0.026412670 0.771033168 -0.112524278
vn -0.329161286 0.893437803 -0.305649787
v -0.151652992 0.555773675 -0.104697473
vn -0.917605519 -0.205670193 -0.340146869
v -0.137958229 0.634051204 -0.136009455
vn -0.841554999 0.149434999 -0.519089997
v -0.139911354 0.555773675 -0.118395098
vn -0.847848058 -0.227662891 -0.478877127
v -0.104690254 0.712332606 -0.130138636
vn -0.592908561 0.553381324 -0.585003138
v -0.134044349 0.555773675 -0.136009455
vn -0.838757992 -0.211649209 -0.501686990
v -0.130130470 0.634051204 -0.143837214
vn -0.724386990 0.165349200 -0.669270575
v -0.096862495 0.710364223 -0.139923334
vn -0.731173635 0.605380356 -0.314483285
v -0.022498790 0.773001552 -0.118395098
vn -0.330176830 0.911917031 -0.243701965
v -0.114474952 0.487280756 -0.104697473
vn -0.683747649 -0.550141811 -0.479409337
v -0.108604133 0.487280756 -0.120352037
vn -0.745723367 -0.549480319 -0.376786530
v -0.126216590 0.553816736 -0.143837214
vn -0.764823496 -0.236543357 -0.599243164
v -0.122302711 0.632094264 -0.153621912
vn -0.907765925 0.142085090 -0.394680828
v -0.096862495 0.710364223 -0.149708033
vn -0.729911566 0.565092742 -0.384577036
v -0.120341957 0.555773675 -0.153621912
vn -0.893483043 -0.197673231 -0.403253406
v -0.100776374 0.485320002 -0.130138636
vn -0.668194354 -0.581722200 -0.463805526
v -0.120341957 0.634051204 -0.165363550
vn -0.857285023 0.165164992 -0.487630010
v -0.116428077 0.553816736 -0.165363550
vn -0.802751601 -0.228233293 -0.550907910
v -0.100776374 0.634051204 -0.181019068
vn -0.339288116 0.134137169 -0.931069732
v -0.094905555 0.487280756 -0.139923334
vn -0.773646712 -0.544710457 -0.323668540
v -0.069465339 0.442267329 -0.094912298
vn -0.489709496 -0.821448147 -0.292245984
v -0.059679691 0.452055842 -0.126224756
vn -0.637716174 -0.503874540 0.582604945
v -0.059679691 0.442267329 -0.106654413
vn -0.353673488 -0.848816454 -0.392970562
v -0.075336158 0.442267329 -0.081213243
vn -0.394484222 -0.796858132 -0.457601696
v -0.030326549 0.420737177 -0.069471605
vn -0.229086235 -0.947943091 -0.221186712
v -0.024455730 0.420737177 -0.077299364
vn -0.378375292 -0.922289729 -0.078828186
v -0.034239475 0.418784052 -0.059688814
vn -0.110603712 -0.908530474 -0.402913541
v -0.051852409 0.440314204 -0.122308977
vn -0.669685900 -0.740593851 0.055150609
v 0.000984486 0.414877802 -0.049904115
vn -0.015755849 -0.984740555 -0.173314348
v -0.018584911 0.416830927 -0.081213243
vn -0.299286872 -0.952992380 -0.047255822
v 0.002941426 0.414877802 -0.055774935
vn -0.078487523 -0.996791542 -0.015697505
v -0.016627971 0.418784052 -0.090998419
vn -0.196236953 -0.934087873 -0.298280150
v 0.008812245 0.414877802 -0.061645754
vn -0.015728541 -0.998762369 -0.047185622
v 0.016643818 0.414877802 -0.045990236
vn 0.259673566 -0.936398566 0.236066878
v -0.006843273 0.418784052 -0.092955358
vn -0.133395910 -0.973005533 -0.188323647
v 0.018596943 0.414877802 -0.047947176
vn 0.275240928 -0.935819209 0.220192760
v 0.014683064 0.414877802 -0.063600786
vn -0.023597188 -0.998947680 -0.039328650
v 0.020557698 0.414877802 -0.051861055
vn 0.329698354 -0.941995382 0.062799692
v 0.028385457 0.420737177 -0.047947176
vn 0.931795180 0.252690226 0.260586798
v 0.016643818 0.414877802 -0.065557726
vn 0.165642127 -0.978077412 -0.126203537
v 0.020557698 0.414877802 -0.053817995
vn 0.353313595 -0.934318066 -0.047108471
v 0.020557698 0.416830927 -0.067514665
vn 0.204143018 -0.973605216 -0.102071509
v 0.004898366 0.420737177 -0.098826177
vn 0.608529389 -0.561111450 -0.561111450
v -0.002929393 0.418784052 -0.098826177
vn -0.015765147 -0.922261059 -0.386246115
v -0.036196414 0.442267329 -0.136009455
vn 0.007854560 -0.691201389 -0.722619593
v -0.026412670 0.446188837 -0.134052515
vn 0.181169793 -0.567140162 -0.803448558
v -0.071422279 0.485320002 -0.163402796
vn -0.118518762 -0.450371295 -0.884940088
v 0.022510823 0.416830927 -0.067514665
v -0.059679691 0.491194636 -0.161449671
vn 0.157285392 -0.290977985 -0.943712413
v -0.090991676 0.483366877 -0.149708033
vn -0.679719806 -0.584875226 -0.442608297
v -0.096862495 0.555773675 -0.181019068
vn -0.267153949 -0.157149374 -0.950753808
v -0.083163917 0.557729661 -0.179058313
vn 0.102806151 -0.110714324 -0.988520741
v -0.077293098 0.559686601 -0.179058313
vn 0.945938230 0.141890720 -0.291664302
v -0.085120857 0.632094264 -0.181019068
vn 0.007844405 0.086288452 -0.996239424
v -0.065551460 0.704504848 -0.165363550
vn 0.031446386 0.330187052 -0.943391621
v -0.055766288 0.491194636 -0.161449671
vn 0.880118132 0.227887720 -0.416484475
v -0.022498790 0.446188837 -0.134052515
vn 0.777769446 0.196406424 -0.597075582
v 0.004898366 0.422705561 -0.098826177
vn 0.741838157 0.599784076 -0.299892038
v 0.014683064 0.420737177 -0.063600786
vn 0.228084996 0.967395008 -0.110110000
v -0.022498790 0.424658686 -0.083170183
vn 0.267153949 0.950753808 0.157149374
v -0.042067710 0.446188837 -0.126224756
vn 0.384956598 0.793481946 0.471375465
v -0.075336158 0.491194636 -0.153621912
vn 0.551454723 0.527821004 0.645989835
v -0.071422279 0.448141962 -0.079256304
vn 0.549006999 0.792138696 0.266660541
v -0.032283489 0.426611811 -0.059688814
vn 0.267782956 0.952992380 0.141767457
v -0.098819435 0.557729661 -0.169277430
vn 0.668194354 0.204388872 0.715361059
v -0.108604133 0.491194636 -0.096869238
vn 0.765466273 0.536615491 0.355113178
v -0.083163917 0.448141962 -0.053817995
vn -0.087022491 0.387645602 0.917691648
v -0.120341957 0.493147761 -0.069471605
vn 0.023550609 0.259056687 0.965574980
v -0.079250038 0.632094264 -0.181019068
vn 0.933426261 -0.087014318 -0.348057270
v -0.038153354 0.422705561 -0.038162477
vn -0.125502750 0.541230559 0.831455708
v -0.081206977 0.438361079 -0.055774935
vn -0.607581377 -0.520784020 0.599690735
v -0.059679691 0.702536464 -0.165363550
vn 0.858134747 -0.299166232 -0.417258173
v -0.077293098 0.704504848 -0.155578852
vn 0.582010031 -0.542684972 0.605605006
v 0.002941426 0.759299159 -0.128181696
vn 0.541881084 -0.769628227 -0.337694019
v -0.100776374 0.632094264 -0.169277430
vn 0.702181935 -0.157793701 0.694292307
v -0.132083595 0.557729661 -0.108611353
vn 0.904810905 0.196698025 0.377660215
v -0.122302711 0.485320002 -0.073385485
vn -0.765466273 -0.355113178 0.536615491
v -0.106647193 0.706457973 -0.098826177
vn 0.746321440 -0.573489130 0.337808639
v -0.016627971 0.763205409 -0.124265917
vn 0.204546943 -0.857523739 0.472031444
v -0.030326549 0.767126918 -0.081213243
vn 0.274968982 -0.911325812 0.306394041
v 0.036213215 0.769080043 -0.087084539
vn -0.541931212 -0.840386152 -0.007854076
v 0.040127095 0.763205409 -0.087084539
vn -0.015755849 -0.961106777 -0.275727332
v 0.061649617 0.759299159 -0.061645754
vn 0.880254090 -0.212204114 -0.424408227
v 0.044040974 0.769080043 -0.090998419
vn 0.723983109 -0.314775258 -0.613811791
v -0.000972454 0.767126918 -0.132095575
vn 0.363015920 0.426149130 -0.828623295
v 0.044040974 0.773001552 -0.090998419
vn 0.714500606 0.486802608 -0.502505898
v 0.032299336 0.778860927 -0.075342424
v 0.042080220 0.774954677 -0.089041479
vn 0.447903454 0.872233033 -0.196448877
v 0.038166340 0.776907802 -0.085127123
vn 0.298869997 0.951665044 -0.070784993
v -0.006843273 0.773001552 -0.126224756
vn -0.023604495 0.881234467 -0.472089887
v -0.077293098 0.708411098 -0.163402796
vn -0.266832918 0.486577719 -0.831890941
v -0.083163917 0.436392695 -0.071428545
vn -0.489969343 -0.806078553 -0.331914693
v -0.124255836 0.483366877 -0.092955358
vn -0.744415879 -0.554352224 -0.372207940
v -0.126216590 0.485320002 -0.083170183
vn -0.875945866 -0.465592831 0.126262471
v -0.083163917 0.436392695 -0.063600786
vn -0.652794957 -0.739310026 0.165164992
v -0.038153354 0.412909418 -0.049904115
vn -0.172773689 -0.950255275 -0.259160519
v -0.038153354 0.412909418 -0.044033296
vn -0.322504908 -0.943916857 0.070793755
v -0.002929393 0.410956293 -0.036205538
vn 0.031507790 -0.992495358 -0.118154213
v -0.036196414 0.412909418 -0.038162477
vn -0.377917618 -0.692848980 0.614116132
v -0.000972454 0.410956293 -0.032291658
vn 0.078708448 -0.873663723 -0.480121523
v 0.000984486 0.409003168 -0.024463899
vn 0.078552872 -0.510593653 0.856226325
v 0.002941426 0.412909418 -0.024463899
vn 0.292629629 0.340083033 0.893706679
v 0.000984486 0.407050043 -0.028377779
vn 0.133704990 -0.990989983 -0.007865000
v 0.010769185 0.412909418 -0.032291658
vn 0.680293739 -0.601189852 0.419250816
v 0.010769185 0.412909418 -0.036205538
vn 0.275710225 -0.937414765 -0.212690756
v 0.012726124 0.414877802 -0.040119417
vn 0.236631647 -0.962301970 -0.134091258
v 0.014683064 0.414877802 -0.044033296
vn 0.283394277 -0.944647670 0.165313333
v -0.002929393 0.412909418 -0.044033296
vn 0.015822764 -0.965188682 -0.261075616
f 4312//4231 4313//4232 4314//4233
f 4313//4232 4312//4231 4315//4234
f 4312//4231 4314//4233 4316//4235
f 4312//4231 4316//4235 4315//4234
f 4314//4233 4313//4232 4317//4236
f 4317//4236 4313//4232 4315//4234
f 4314//4233 4317//4236 4318//4237
f 4317//4236 4315//4234 4319//4238
f 4317//4236 4319//4238 4318//4237
f 4319//4238 4315//4234 4320//4239
f 4315//4234 4316//4235 4321//4240
f 4315//4234 4321//4240 4320//4239
f 4321//4240 4316//4235 4322//4241
f 4322//4241 4316//4235 4314//4233
f 4321//4240 4322//4241 4323//4242
f 4322//4241 4314//4233 4324//4243
f 4322//4241 4324//4243 4323//4242
f 4324//4243 4314//4233 4325//4244
f 4323//4242 4324//4243 4326//4245
f 4326//4245 4324//4243 4325//4244
f 4321//4240 4323//4242 4327//4246
f 4321//4240 4327//4246 4320//4239
f 4327//4246 4323//4242 4328//4247
f 4328//4247 4323//4242 4326//4245
f 4325//4244 4314//4233 4329//4248
f 4325//4244 4329//4248 4326//4245
f 4320//4239 4327//4246 4330//4249
f 4330//4249 4327//4246 4331//4250
f 4331//4250 4327//4246 4328//4247
f 4320//4239 4330//4249 4332//4251
f 4330//4249 4331//4250 4333//4252
f 4330//4249 4333//4252 4332//4251
f 4331//4250 4328//4247 4334//4253
f 4331//4250 4334//4253 4335//4254
f 4331//4250 4335//4254 4333//4252
f 4334//4253 4328//4247 4336//4255
f 4335//4254 4334//4253 4337//4256
f 4337//4256 4334//4253 4336//4255
f 4338//4257 4328//4247 4326//4245
f 4328//4247 4338//4257 4336//4255
f 4338//4257 4326//4245 4339//4258
f 4339//4258 4326//4245 4329//4248
f 4336//4255 4338//4257 4340//4259
f 4340//4259 4338//4257 4339//4258
f 4340//4259 4339//4258 4341//4260
f 4341//4260 4339//4258 4329//4248
f 4336//4255 4340//4259 4342//4261
f 4340//4259 4341//4260 4343//4262
f 4340//4259 4343//4262 4342//4261
f 4341//4260 4329//4248 4344//4263
f 4341//4260 4344//4263 4343//4262
f 4336//4255 4342//4261 4345//4264
f 4336//4255 4345//4264 4337//4256
f 4342//4261 4343//4262 4346//4265
f 4345//4264 4342//4261 4347//4266
f 4347//4266 4342//4261 4346//4265
f 4346//4265 4343//4262 4348//4267
f 4348//4267 4343//4262 4344//4263
f 4347//4266 4346//4265 4349//4268
f 4346//4265 4348//4267 4350//4269
f 4346//4265 4350//4269 4349//4268
f 4348//4267 4344//4263 4351//4270
f 4348//4267 4351//4270 4350//4269
f 4351//4270 4344//4263 4352//4271
f 4353//4272 4345//4264 4347//4266
f 4347//4266 4349//4268 4354//4273
f 4347//4266 4354//4273 4353//4272
f 4349//4268 4350//4269 4355//4274
f 4349//4268 4355//4274 4354//4273
f 4350//4269 4351//4270 4356//4275
f 4350//4269 4356//4275 4355//4274
f 4356//4275 4351//4270 4357//4276
f 4357//4276 4351//4270 4352//4271
f 4355//4274 4356//4275 4358//4277
f 4354//4273 4355//4274 4359//4278
f 4359//4278 4355//4274 4358//4277
f 4358//4277 4356//4275 4360//4279
f 4360//4279 4356//4275 4357//4276
f 4358//4277 4360//4279 4361//4280
f 4360//4279 4357//4276 4362//4281
f 4360//4279 4362//4281 4361//4280
f 4358//4277 4361//4280 4363//4282
f 4358//4277 4363//4282 4359//4278
f 4364//4283 4354//4273 4359//4278
f 4354//4273 4364//4283 4353//4272
f 4359//4278 4363//4282 4365//4284
f 4364//4283 4359//4278 4366//4285
f 4366//4285 4359//4278 4365//4284
f 4353//4272 4364//4283 4367//4286
f 4364//4283 4366//4285 4368//4287
f 4364//4283 4368//4287 4367//4286
f 4368//4287 4366//4285 4369//4288
f 4369//4288 4366//4285 4365//4284
f 4367//4286 4368//4287 4370//4289
f 4371//4290 4365//4284 4363//4282
f 4368//4287 4369//4288 4372//4291
f 4368//4287 4372//4291 4370//4289
f 4369//4288 4365//4284 4373//4292
f 4372//4291 4369//4288 4374//4293
f 4374//4293 4369//4288 4373//4292
f 4373//4292 4365//4284 4375//4294
f 4375//4294 4365//4284 4371//4290
f 4374//4293 4373//4292 4376//4295
f 4376//4295 4373//4292 4375//4294
f 4372//4291 4374//4293 4377//4296
f 4375//4294 4371//4290 4378//4297
f 4375//4294 4378//4297 4376//4295
f 4374//4293 4376//4295 4379//4298
f 4374//4293 4379//4298 4377//4296
f 4376//4295 4378//4297 4380//4299
f 4379//4298 4376//4295 4381//4300
f 4381//4300 4376//4295 4380//4299
f 4377//4296 4379//4298 4382//4301
f 4382//4301 4379//4298 4381//4300
f 4381//4300 4380//4299 4383//4302
f 4383//4302 4380//4299 4378//4297
f 4382//4301 4381//4300 4384//4303
f 4384//4303 4381//4300 4383//4302
f 4384//4303 4383//4302 4385//4304
f 4384//4303 4385//4304 4382//4301
f 4385//4304 4383//4302 4386//4305
f 4383//4302 4378//4297 4387//4306
f 4383//4302 4387//4306 4386//4305
f 4387//4306 4378//4297 4388//4307
f 4388//4307 4378//4297 4371//4290
f 4387//4306 4388//4307 4389//4308
f 4387//4306 4389//4308 4386//4305
f 4388//4307 4371//4290 4390//4309
f 4385//4304 4386//4305 4391//387
f 4385//4304 4391//387 4382//4301
f 4389//4308 4388//4307 4392//4310
f 4392//4310 4388//4307 4390//4309
f 4390//4309 4371//4290 4393//4311
f 4393//4311 4371//4290 4363//4282
f 4393//4311 4363//4282 4361//4280
f 4393//4311 4361//4280 4394//4312
f 4393//4311 4394//4312 4390//4309
f 4394//4312 4361//4280 4362//4281
f 4390//4309 4394//4312 4395//4313
f 4390//4309 4395//4313 4392//4310
f 4395//4313 4394//4312 4362//4281
f 4392//4310 4395//4313 4396//4314
f 4395//4313 4362//4281 4397//4315
f 4395//4313 4397//4315 4396//4314
f 4397//4315 4362//4281 4398//4316
f 4399//4317 4389//4308 4392//4310
f 4399//4317 4392//4310 4396//4314
f 4389//4308 4399//4317 4400//4318
f 4389//4308 4400//4318 4386//4305
f 4386//4305 4400//4318 4401//4319
f 4386//4305 4401//4319 4391//387
f 4391//387 4401//4319 4402//4320
f 4391//387 4402//4320 4382//4301
f 4401//4319 4400//4318 4403//4321
f 4401//4319 4403//4321 4402//4320
f 4404//4322 4400//4318 4399//4317
f 4400//4318 4404//4322 4403//4321
f 4404//4322 4399//4317 4405//4323
f 4405//4323 4399//4317 4396//4314
f 4403//4321 4404//4322 4406//4324
f 4406//4324 4404//4322 4405//4323
f 4402//4320 4403//4321 4407//4325
f 4407//4325 4403//4321 4406//4324
f 4402//4320 4407//4325 4382//4301
f 4405//4323 4396//4314 4408//4326
f 4406//4324 4405//4323 4409//4327
f 4409//4327 4405//4323 4408//4326
f 4407//4325 4406//4324 4410//4328
f 4406//4324 4409//4327 4411//4329
f 4406//4324 4411//4329 4410//4328
f 4408//4326 4396//4314 4412//4330
f 4412//4330 4396//4314 4397//4315
f 4407//4325 4410//4328 4413//4331
f 4407//4325 4413//4331 4382//4301
f 4410//4328 4411//4329 4414//4332
f 4410//4328 4414//4332 4413//4331
f 4412//4330 4397//4315 4415//4333
f 4415//4333 4397//4315 4398//4316
f 4412//4330 4415//4333 4416//4334
f 4415//4333 4398//4316 4417//4335
f 4418//4336 4408//4326 4412//4330
f 4418//4336 4412//4330 4416//4334
f 4408//4326 4418//4336 4419//4337
f 4408//4326 4419//4337 4409//4327
f 4418//4336 4416//4334 4332//4251
f 4418//4336 4332//4251 4419//4337
f 4409//4327 4419//4337 4333//4252
f 4333//4252 4419//4337 4332//4251
f 4409//4327 4333//4252 4411//4329
f 4411//4329 4333//4252 4420//4338
f 4420//4338 4333//4252 4335//4254
f 4411//4329 4420//4338 4414//4332
f 4420//4338 4335//4254 4337//4256
f 4421//4339 4332//4251 4416//4334
f 4332//4251 4421//4339 4320//4239
f 4320//4239 4421//4339 4319//4238
f 4421//4339 4416//4334 4422//4340
f 4422//4340 4416//4334 4415//4333
f 4319//4238 4421//4339 4423//4341
f 4423//4341 4421//4339 4422//4340
f 4319//4238 4423//4341 4318//4237
f 4422//4340 4415//4333 4417//4335
f 4423//4341 4422//4340 4424//4342
f 4423//4341 4424//4342 4318//4237
f 4424//4342 4422//4340 4417//4335
f 4318//4237 4424//4342 4425//4343
f 4425//4343 4424//4342 4417//4335
f 4318//4237 4425//4343 4426//4344
f 4318//4237 4426//4344 4314//4233
f 4314//4233 4426//4344 4329//4248
f 4425//4343 4417//4335 4427//4345
f 4425//4343 4427//4345 4426//4344
f 4427//4345 4417//4335 4428//4346
f 4428//4346 4417//4335 4398//4316
f 4426//4344 4427//4345 4429//4347
f 4429//4347 4427//4345 4428//4346
f 4329//4248 4426//4344 4430//4248
f 4329//4248 4430//4248 4344//4263
f 4426//4344 4429//4347 4431//4348
f 4431//4348 4429//4347 4428//4346
f 4344//4263 4430//4248 4352//4271
f 4430//4248 4426//4344 4432//4349
f 4430//4248 4432//4349 4352//4271
f 4432//4349 4426//4344 4431//4348
f 4432//4349 4431//4348 4433//4350
f 4432//4349 4433//4350 4352//4271
f 4433//4350 4431//4348 4428//4346
f 4352//4271 4433//4350 4434//4351
f 4434//4351 4433//4350 4428//4346
f 4434//4351 4428//4346 4398//4316
f 4352//4271 4434//4351 4357//4276
f 4434//4351 4398//4316 4362//4281
f 4434//4351 4362//4281 4357//4276
f 4435//4352 4353//4272 4367//4286
f 4435//4352 4367//4286 4370//4289
f 4353//4272 4435//4352 4436//4353
f 4353//4272 4436//4353 4345//4264
f 4345//4264 4436//4353 4337//4256
f 4337//4256 4436//4353 4437//4354
f 4337//4256 4437//4354 4420//4338
f 4420//4338 4437//4354 4414//4332
f 4437//4354 4436//4353 4438//4355
f 4438//4355 4436//4353 4435//4352
f 4437//4354 4438//4355 4414//4332
f 4438//4355 4435//4352 4439//4356
f 4439//4356 4435//4352 4370//4289
f 4414//4332 4438//4355 4440//4357
f 4440//4357 4438//4355 4439//4356
f 4439//4356 4370//4289 4441//4358
f 4414//4332 4440//4357 4442//4359
f 4414//4332 4442//4359 4413//4331
f 4440//4357 4439//4356 4443//4360
f 4443//4360 4439//4356 4441//4358
f 4442//4359 4440//4357 4444//4361
f 4413//4331 4442//4359 4445//4362
f 4445//4362 4442//4359 4444//4361
f 4413//4331 4445//4362 4382//4301
f 4444//4361 4440//4357 4446//4363
f 4446//4363 4440//4357 4443//4360
f 4445//4362 4444//4361 4447//4364
f 4447//4364 4444//4361 4446//4363
f 4445//4362 4447//4364 4382//4301
f 4446//4363 4443//4360 4448//4365
f 4446//4363 4448//4365 4447//4364
f 4447//4364 4448//4365 4382//4301
f 4448//4365 4443//4360 4441//4358
f 4382//4301 4448//4365 4449//4366
f 4449//4366 4448//4365 4441//4358
f 4382//4301 4449//4366 4450//4367
f 4450//4367 4449//4366 4441//4358
f 4382//4301 4450//4367 4377//4296
f 4450//4367 4441//4358 4451//4368
f 4450//4367 4451//4368 4377//4296
f 4451//4368 4441//4358 4370//4289
f 4377//4296 4451//4368 4372//4291
f 4372//4291 4451//4368 4370//4289
o tripo_part_20
g tripo_part_20
usemtl mat_0
v 0.032296173 0.414875805 -0.081217453
vn 0.781614125 -0.623712301 0.007895092
v 0.030339235 0.416828930 -0.071428940
vn 0.623033047 0.047318965 0.780762911
v 0.028382296 0.414875805 -0.081217453
vn 0.007858197 -0.997991085 -0.062865578
v 0.028382296 0.426609814 -0.114481613
vn 0.560307145 -0.710248530 -0.426149130
v 0.030339235 0.430531323 -0.114481613
vn 0.836853743 -0.457901090 -0.300004184
v 0.020554537 0.424656689 -0.114481613
vn 0.047023043 -0.893437803 -0.446718901
v 0.032296173 0.434437573 -0.116438553
vn 0.954058230 0.299621582 0.000000000
v 0.024468416 0.459881604 -0.155577347
vn 0.755530894 -0.409245908 -0.511557400
v 0.024468416 0.461842358 -0.157534286
vn -0.252407074 -0.631017685 -0.733558059
v 0.022511477 0.455967724 -0.155577347
vn 0.542349637 -0.565930009 -0.620951056
v 0.012726778 0.508805096 -0.194716141
vn 0.860618711 -0.063164674 -0.505317390
v 0.024468416 0.434437573 -0.114481613
vn -0.055294950 0.861021399 0.505553842
v 0.044037811 0.432484448 -0.104696915
vn -0.535101414 0.361980379 -0.763306439
v 0.028382296 0.461842358 -0.157534286
vn 0.512112737 0.858773649 -0.015757315
v 0.008812899 0.510762036 -0.188845322
vn -0.243184030 -0.313785851 -0.917823613
v 0.012726778 0.510762036 -0.190802261
vn -0.363027185 -0.584000289 -0.726054370
vn 0.564762294 0.486323148 0.666733325
v 0.016640658 0.465756238 -0.155577347
vn 0.189346537 0.686381161 0.702160060
vn 0.323065072 0.598852396 0.732806146
v -0.008799559 0.510762036 -0.184931442
vn 0.314269692 0.455691040 0.832814693
v 0.006855959 0.461842358 -0.151663944
vn 0.149255067 0.706997693 0.691286623
v 0.016640658 0.430531323 -0.112524673
vn -0.070927732 0.851132810 0.520136714
v -0.034239776 0.457928479 -0.128180191
vn -0.518705130 0.275070906 0.809494376
v 0.002942318 0.571428120 -0.208414719
vn 0.818517208 0.094444290 0.566665709
v -0.008799559 0.424656689 -0.096869156
vn -0.653442085 0.338530213 0.677060425
vn 0.981184721 0.172688514 -0.086344257
v 0.020554537 0.412922680 -0.065554306
vn 0.000000000 -0.205214843 0.978717029
v -0.034239776 0.455967724 -0.130137131
vn -0.839997590 -0.541680634 0.031401780
v -0.061636932 0.506848156 -0.157534286
v -0.018584257 0.571428120 -0.200586960
v -0.061636932 0.504891217 -0.163405105
vn -0.897304177 -0.409296632 -0.165292859
v -0.077292450 0.567514718 -0.171232864
vn -0.601189852 -0.015820784 0.798949599
v -0.004885679 0.418782055 -0.092955276
vn -0.620951056 -0.754573405 0.212223768
v -0.020541197 0.632092297 -0.198630020
vn 0.387064666 -0.157985568 0.908417046
v 0.014683718 0.412922680 -0.069468185
vn -0.644611061 -0.055027775 0.762527704
v 0.022511477 0.412922680 -0.067515060
vn 0.864989460 0.267360359 -0.424631178
v 0.022511477 0.412922680 -0.069468185
vn 0.409957498 0.346887141 0.843566477
v 0.016640658 0.410954297 -0.069468185
vn -0.094127059 -0.956958413 0.274537235
v 0.016640658 0.412922680 -0.071428940
vn 0.181615427 -0.963351429 -0.197408065
v -0.030325895 0.454014599 -0.136007950
vn -0.746620953 -0.644451797 -0.165042520
v -0.004885679 0.420750439 -0.100783035
vn -0.110198662 -0.865846634 -0.488022655
v 0.016640658 0.410954297 -0.073382065
vn -0.109855458 -0.988699138 0.102008641
v -0.004885679 0.424656689 -0.104696915
vn -0.015767597 -0.812031209 -0.583401084
v 0.016640658 0.412922680 -0.075342819
vn 0.299092084 -0.842180371 -0.448638141
v 0.020554537 0.412922680 -0.079256698
vn 0.203985900 -0.965010226 -0.164757833
v 0.024468416 0.412922680 -0.069468185
vn 0.189064324 0.338740230 -0.921688557
v 0.022511477 0.414875805 -0.081217453
vn 0.244763136 -0.931679010 -0.268449873
v 0.006855959 0.424656689 -0.110567734
vn -0.236653715 -0.891395628 -0.386534393
v 0.004899019 0.424656689 -0.108610794
vn -0.243815005 -0.896609962 -0.369655013
v -0.012713438 0.454014599 -0.147749886
vn -0.387403220 -0.743181705 -0.545526981
v -0.028368955 0.452053845 -0.139922306
vn -0.538260460 -0.744065940 -0.395779759
v -0.057723053 0.502934277 -0.169275925
vn -0.801659942 -0.463705242 -0.377251744
v 0.012726778 0.452053845 -0.155577347
vn 0.078662165 -0.739424348 -0.668628395
v -0.006842619 0.452053845 -0.151663944
vn -0.331821471 -0.758449078 -0.560936272
v 0.008812899 0.504891217 -0.196673080
vn 0.393347323 -0.369746506 -0.841763318
v -0.002928739 0.500977337 -0.196673080
vn -0.023589164 -0.487509400 -0.872799039
v -0.026412016 0.500977337 -0.190802261
vn -0.361309797 -0.526255548 -0.769746959
v -0.036196716 0.502934277 -0.184931442
vn -0.450709045 -0.506059289 -0.735367477
v 0.002942318 0.571428120 -0.212328598
vn 0.857576847 -0.055073742 -0.511399031
v -0.002928739 0.569471180 -0.216242477
vn 0.347243458 -0.110486545 -0.931243718
v -0.016627317 0.567514718 -0.218203232
vn -0.047401592 -0.150105044 -0.987533152
v -0.040110596 0.565557778 -0.212328598
vn -0.449236870 -0.181271017 -0.874829710
v -0.018584257 0.636006176 -0.216242477
vn -0.125545233 0.149084970 -0.980822146
v 0.002942318 0.636006176 -0.216242477
vn 0.149084970 0.125545233 -0.980822146
v 0.010769838 0.634053051 -0.214289352
vn 0.623420954 0.031565618 -0.781248987
v 0.012726778 0.634053051 -0.210375473
v 0.016640658 0.692753613 -0.188845322
vn 0.872286797 -0.345771372 0.345771372
v 0.014683718 0.696675122 -0.194716141
vn 0.804948211 0.142049685 -0.576090455
v 0.008812899 0.700581372 -0.198630020
vn 0.291972876 0.418231398 -0.860136271
v 0.032296173 0.751469374 -0.149706766
vn 0.842389226 0.110219151 -0.527477324
v -0.010756498 0.702549756 -0.196673080
vn -0.094886132 0.498152196 -0.861882329
v -0.014670378 0.694721997 -0.181017563
vn 0.284997135 -0.490828425 0.823325098
v 0.032296173 0.753422499 -0.149706766
vn 0.550515950 0.566244960 -0.613432050
v -0.032282837 0.702549756 -0.192759201
vn -0.370342910 0.504296720 -0.780084014
v 0.061650269 0.765171766 -0.100783035
vn 0.363196909 0.931679010 -0.007895585
v -0.042067535 0.634053051 -0.210375473
vn -0.455241650 0.141281888 -0.879087329
v 0.008812899 0.759297132 -0.147749886
vn -0.157720074 0.883232474 -0.441616237
v -0.051852234 0.567514718 -0.202543899
vn -0.560429275 -0.157867417 -0.813017190
v -0.053809173 0.634053051 -0.200586960
vn -0.558156073 0.141504362 -0.817580760
v 0.020554537 0.755375624 -0.149706766
vn 0.149782851 0.780447423 -0.607014716
v 0.053822510 0.767124891 -0.100783035
vn 0.339796215 0.940366328 -0.015804477
v 0.049908631 0.769078016 -0.100783035
vn 0.275215417 0.959322333 -0.062906384
v 0.057736389 0.757344007 -0.081217453
vn 0.593019724 -0.245114818 0.766972184
v 0.044037811 0.769078016 -0.094912216
vn 0.117687792 0.988577425 0.094150230
v -0.042067535 0.702549756 -0.184931442
vn -0.509980440 0.533517957 -0.674743295
v 0.000985259 0.757344007 -0.139922306
vn -0.361398995 0.895640969 -0.259264499
v -0.006842619 0.757344007 -0.132094070
vn -0.244382560 0.875047266 -0.417815357
v -0.055766113 0.702549756 -0.175146744
vn -0.608187556 0.537100673 -0.584491968
v -0.071425445 0.634053051 -0.190802261
vn -0.719395757 0.142298043 -0.679868460
v 0.042080872 0.769078016 -0.090998337
vn 0.181683421 0.979510546 0.086892068
v -0.008799559 0.759297132 -0.128180191
vn -0.410455257 0.907737613 -0.086827084
v -0.059679992 0.702549756 -0.169275925
vn -0.730902612 0.558000922 -0.392958403
v -0.069464691 0.565557778 -0.192759201
vn -0.714831173 -0.180671602 -0.675554693
v -0.075339325 0.634053051 -0.182974502
vn -0.857072949 0.141534969 -0.495372444
v 0.040123932 0.769078016 -0.087084457
vn 0.164940685 0.981789827 0.094251826
v -0.073378570 0.567514718 -0.184931442
vn -0.863681972 -0.157033086 -0.478950918
v -0.053809173 0.500977337 -0.175146744
vn -0.607165694 -0.512542427 -0.607165694
v -0.077292450 0.567514718 -0.179060623
vn -0.940630734 -0.158089191 -0.300369471
v -0.079253204 0.634053051 -0.177103683
vn -0.976771712 0.126035064 -0.173298210
v -0.077292450 0.632092297 -0.169275925
vn -0.471695811 -0.047169577 0.880498767
v -0.063597687 0.700581372 -0.163405105
vn -0.879276991 0.471041262 -0.070656180
v -0.063597687 0.696675122 -0.157534286
vn -0.574358225 -0.023603760 0.818263650
v -0.010756498 0.755375624 -0.124266312
vn -0.646210372 0.732897162 0.212776601
v -0.012713438 0.753422499 -0.118395492
vn -0.662816048 0.102578677 0.741722703
v 0.038166992 0.769078016 -0.083170578
vn 0.007891404 0.915402889 0.402461618
v 0.032296173 0.761250257 -0.075342819
vn -0.330790699 -0.110263564 0.937240303
v 0.014683718 0.745594740 -0.139922306
vn 0.118474402 -0.845117390 0.521287322
v 0.069481842 0.759297132 -0.098826095
vn 0.983733773 -0.157397404 0.086568572
v 0.038166992 0.743641615 -0.145792887
vn 0.839480460 -0.517810345 -0.164757833
v 0.065567963 0.763203382 -0.100783035
vn 0.635240436 0.760720074 -0.133322075
vn 0.000000000 -0.560150146 -0.828391075
f 4452//4369 4453//4370 4454//4371
f 4452//4369 4454//4371 4455//4372
f 4453//4370 4452//4369 4456//4373
f 4456//4373 4452//4369 4455//4372
f 4455//4372 4454//4371 4457//4374
f 4453//4370 4456//4373 4458//4375
f 4456//4373 4455//4372 4459//4376
f 4458//4375 4456//4373 4460//4377
f 4460//4377 4456//4373 4459//4376
f 4459//4376 4455//4372 4461//4378
f 4461//4378 4455//4372 4457//4374
f 4460//4377 4459//4376 4462//4379
f 4462//4379 4459//4376 4461//4378
f 4458//4375 4460//4377 4463//4380
f 4458//4375 4463//4380 4453//4370
f 4463//4380 4460//4377 4464//4381
f 4460//2157 4465//2157 4464//4381
f 4463//4380 4464//4381 4465//4382
f 4466//4383 4465//4382 4460//4377
f 4467//4384 4460//4384 4466//4383
f 4467//4385 4466//4383 4465//4382
f 4463//4380 4465//4382 4468//4386
f 4467//4387 4468//4386 4465//4387
f 4469//4388 4468//4386 4467//4385
f 4463//4380 4468//4386 4470//4389
f 4470//4389 4468//4386 4469//4388
f 4463//4380 4470//4389 4471//4390
f 4463//4380 4471//4390 4453//4370
f 4471//4390 4470//4389 4472//4391
f 4472//4391 4470//4389 4469//4388
f 4469//4388 4467//4385 4473//4392
f 4471//4390 4472//4391 4474//4393
f 4473//4392 4467//4385 4462//4379
f 4467//4394 4460//4394 4462//4379
f 4471//4390 4474//4393 4475//4395
f 4471//4390 4475//4395 4453//4370
f 4474//4393 4472//4391 4476//4396
f 4477//4172 4472//4391 4469//4388
f 4472//4391 4477//4172 4476//4396
f 4477//4172 4469//4388 4478//3385
f 4478//3385 4469//4388 4473//4392
f 4476//4396 4477//4172 4479//4397
f 4477//4172 4478//3385 4480//4398
f 4477//4172 4480//4398 4479//4397
f 4481//4399 4474//4393 4476//4396
f 4480//4398 4478//3385 4482//4400
f 4482//4400 4478//3385 4473//4392
f 4483//4401 4475//4395 4474//4393
f 4483//4401 4474//4393 4481//4399
f 4475//4395 4483//4401 4484//4402
f 4475//4395 4484//4402 4485//4403
f 4475//4395 4485//4403 4453//4370
f 4453//4370 4485//4403 4484//4402
f 4484//4402 4483//4401 4486//4404
f 4486//4404 4483//4401 4481//4399
f 4484//4402 4486//4404 4453//4370
f 4486//4404 4481//4399 4487//4405
f 4486//4404 4487//4405 4453//4370
f 4488//4406 4481//4399 4476//4396
f 4488//4406 4476//4396 4479//4397
f 4487//4405 4481//4399 4489//4407
f 4489//4407 4481//4399 4488//4406
f 4487//4405 4489//4407 4490//4408
f 4487//4405 4490//4408 4453//4370
f 4489//4407 4488//4406 4491//4409
f 4489//4407 4491//4409 4490//4408
f 4453//4370 4490//4408 4492//4410
f 4492//4410 4490//4408 4491//4409
f 4453//4370 4492//4410 4493//4411
f 4493//4411 4492//4410 4491//4409
f 4453//4370 4493//4411 4494//4412
f 4453//4370 4494//4412 4495//4413
f 4495//4413 4494//4412 4493//4411
f 4453//4370 4495//4413 4454//4371
f 4454//4371 4495//4413 4457//4374
f 4495//4413 4493//4411 4496//4414
f 4495//4413 4496//4414 4457//4374
f 4493//4411 4491//4409 4497//4415
f 4493//4411 4497//4415 4496//4414
f 4497//4415 4491//4409 4498//4416
f 4497//4415 4498//4416 4496//4414
f 4499//4417 4491//4409 4488//4406
f 4491//4409 4499//4417 4498//4416
f 4499//4417 4488//4406 4500//4418
f 4500//4418 4488//4406 4479//4397
f 4501//4419 4457//4374 4496//4414
f 4457//4374 4501//4419 4461//4378
f 4502//4420 4496//4414 4498//4416
f 4496//4414 4502//4420 4501//4419
f 4461//4378 4501//4419 4503//4421
f 4461//4378 4503//4421 4462//4379
f 4501//4419 4502//4420 4504//4422
f 4501//4419 4504//4422 4503//4421
f 4502//4420 4498//4416 4505//4423
f 4502//4420 4505//4423 4504//4422
f 4505//4423 4498//4416 4506//4424
f 4506//4424 4498//4416 4499//4417
f 4462//4379 4503//4421 4507//4425
f 4462//4379 4507//4425 4473//4392
f 4503//4421 4504//4422 4508//4426
f 4503//4421 4508//4426 4507//4425
f 4504//4422 4505//4423 4509//4427
f 4504//4422 4509//4427 4508//4426
f 4505//4423 4506//4424 4510//4428
f 4505//4423 4510//4428 4509//4427
f 4508//4426 4509//4427 4511//4429
f 4511//4429 4509//4427 4510//4428
f 4507//4425 4508//4426 4512//4430
f 4512//4430 4508//4426 4511//4429
f 4507//4425 4512//4430 4513//4431
f 4507//4425 4513//4431 4473//4392
f 4473//4392 4513//4431 4514//980
f 4473//4392 4514//980 4482//4400
f 4514//980 4513//4431 4515//4432
f 4514//980 4515//4432 4482//4400
f 4513//4431 4512//4430 4516//4433
f 4513//4431 4516//4433 4515//4432
f 4516//4433 4512//4430 4517//4434
f 4517//4434 4512//4430 4511//4429
f 4516//4433 4517//4434 4518//4435
f 4516//4433 4518//4435 4515//4432
f 4517//4434 4511//4429 4519//4436
f 4520//4437 4482//4400 4515//4432
f 4517//4434 4519//4436 4521//4438
f 4517//4434 4521//4438 4518//4435
f 4519//4436 4511//4429 4522//4439
f 4518//4435 4521//4438 4523//4440
f 4522//4439 4511//4429 4524//4441
f 4524//4441 4511//4429 4510//4428
f 4519//4436 4522//4439 4525//4442
f 4524//4441 4510//4428 4526//4443
f 4526//4443 4510//4428 4506//4424
f 4522//4439 4524//4441 4527//4444
f 4527//4444 4524//4441 4526//4443
f 4528//4445 4521//4438 4519//4436
f 4528//4445 4519//4436 4525//4442
f 4521//4438 4528//4445 4529//4446
f 4521//4438 4529//4446 4523//4440
f 4529//4446 4528//4445 4530//4447
f 4530//4447 4528//4445 4525//4442
f 4523//4440 4529//4446 4531//4448
f 4531//4448 4529//4446 4530//4447
f 4530//4447 4525//4442 4532//4449
f 4530//4447 4532//4449 4531//4448
f 4533//4450 4525//4442 4522//4439
f 4533//4450 4522//4439 4527//4444
f 4532//4449 4525//4442 4534//4451
f 4534//4451 4525//4442 4533//4450
f 4532//4449 4534//4451 4535//4452
f 4534//4451 4533//4450 4536//4453
f 4534//4451 4536//4453 4535//4452
f 4533//4450 4527//4444 4537//4454
f 4533//4450 4537//4454 4536//4453
f 4532//4449 4535//4452 4538//4455
f 4532//4449 4538//4455 4531//4448
f 4535//4452 4536//4453 4539//4456
f 4535//4452 4539//4456 4538//4455
f 4536//4453 4537//4454 4540//4457
f 4536//4453 4540//4457 4539//4456
f 4541//4458 4537//4454 4527//4444
f 4541//4458 4527//4444 4526//4443
f 4540//4457 4537//4454 4542//4459
f 4538//4455 4539//4456 4543//4460
f 4538//4455 4543//4460 4531//4448
f 4537//4454 4541//4458 4544//4461
f 4537//4454 4544//4461 4542//4459
f 4541//4458 4526//4443 4545//4462
f 4541//4458 4545//4462 4544//4461
f 4545//4462 4526//4443 4506//4424
f 4545//4462 4506//4424 4499//4417
f 4545//4462 4499//4417 4500//4418
f 4545//4462 4500//4418 4544//4461
f 4544//4461 4500//4418 4479//4397
f 4544//4461 4479//4397 4546//4463
f 4544//4461 4546//4463 4542//4459
f 4546//4463 4479//4397 4480//4398
f 4542//4459 4546//4463 4547//4464
f 4547//4464 4546//4463 4480//4398
f 4542//4459 4547//4464 4540//4457
f 4547//4464 4480//4398 4548//4465
f 4548//4465 4480//4398 4482//4400
f 4540//4457 4547//4464 4549//4466
f 4549//4466 4547//4464 4548//4465
f 4540//4457 4549//4466 4539//4456
f 4548//4465 4482//4400 4520//4437
f 4549//4466 4548//4465 4550//4467
f 4550//4467 4548//4465 4520//4437
f 4539//4456 4549//4466 4551//4468
f 4551//4468 4549//4466 4550//4467
f 4539//4456 4551//4468 4543//4460
f 4550//4467 4520//4437 4552//4469
f 4550//4467 4552//4469 4551//4468
f 4543//4460 4551//4468 4553//4470
f 4553//4470 4551//4468 4552//4469
f 4543//4460 4553//4470 4531//4448
f 4553//4470 4552//4469 4554//4471
f 4553//4470 4554//4471 4531//4448
f 4531//4448 4554//4471 4552//4469
f 4555//4472 4552//4469 4520//4437
f 4552//4469 4555//4472 4531//4448
f 4555//4472 4520//4437 4515//4432
f 4531//4448 4555//4472 4556//4473
f 4555//4472 4515//4432 4557//4474
f 4555//4472 4557//4474 4556//4473
f 4557//4474 4515//4432 4518//4435
f 4531//4448 4556//4473 4558//4475
f 4558//4475 4556//4473 4557//4474
f 4558//4475 4557//4474 4518//4435
f 4531//4448 4558//4475 4523//4440
f 4523//4440 4558//4475 4518//4435
f 4460//4476 4467//4476 4465//4476
o tripo_part_21
g tripo_part_21
usemtl mat_0
v 0.118402369 0.461841583 0.139921367
vn 0.974958539 0.031450275 -0.220151931
v 0.114488490 0.461841583 0.141878337
vn -0.031574465 -0.726212740 0.686744630
v 0.118402369 0.457920074 0.137964457
vn 0.496525019 -0.732965469 -0.464999616
v 0.112531550 0.461841583 0.139921367
vn -0.701287627 -0.283666879 -0.654009819
v 0.114488490 0.467716217 0.145791978
vn 0.423884869 -0.408185393 0.808521092
v 0.106660493 0.467716217 0.145791978
vn -0.157475427 -0.779503405 0.606280446
v 0.110574134 0.467716217 0.145791978
vn 0.015744127 -0.645509243 0.763590157
v 0.108617194 0.477497101 0.155576676
vn 0.606863916 -0.401948810 0.685677350
v 0.116445430 0.467716217 0.143835276
vn 0.889543176 -0.015744127 0.456579685
v 0.102746494 0.477497101 0.157533616
vn 0.023677161 -0.678745270 0.733992040
v 0.102746494 0.467716217 0.143835276
vn -0.653017223 -0.432722270 -0.621546507
v 0.096875556 0.477497101 0.155576676
vn -0.094371237 -0.715648532 0.692055762
v 0.094919093 0.477497101 0.155576676
vn -0.439692676 -0.769462168 0.463247627
v 0.092962153 0.500980377 0.177103013
vn 0.165926278 -0.545186341 0.821730137
v 0.100789674 0.500980377 0.173189133
vn 0.518273115 -0.431894273 0.738146544
v 0.085133441 0.500980377 0.177103013
vn -0.189724818 -0.592890084 0.782614827
v 0.104703464 0.534244537 0.190801591
vn 0.479572207 -0.338059098 0.809769452
v 0.106660493 0.500980377 0.167318314
v 0.110574134 0.479450226 0.151662797
vn 0.810395837 -0.149490505 0.566490293
v 0.114488490 0.534244537 0.179059952
vn 0.718095422 -0.339319795 0.607619226
v 0.116445430 0.502933502 0.157533616
vn 0.881016254 -0.322514862 0.346113533
v 0.114488490 0.479450226 0.147749394
vn 0.914861858 -0.086754143 0.394336998
v 0.116445430 0.469669342 0.139921367
vn 0.346188545 0.180962190 -0.920546770
v 0.114488490 0.481410980 0.143835276
vn 0.669270575 0.165349200 -0.724386990
v 0.114488490 0.469669342 0.141878337
vn -0.615031838 0.000000000 -0.788502336
v 0.108617194 0.467716217 0.145791978
vn -0.141534969 0.495372444 -0.857072949
v 0.112531550 0.481410980 0.143835276
vn -0.346671730 0.173335865 -0.921831548
v 0.116445430 0.504894257 0.149705857
vn 0.652734458 -0.062914163 -0.754970014
v 0.104703464 0.467716217 0.143835276
vn 0.134237483 0.647498488 -0.750150681
v 0.100789674 0.479450226 0.153619736
vn -0.337444365 0.455157548 -0.823992133
v 0.112531550 0.504894257 0.149705857
vn -0.433973193 0.268274337 -0.860055983
v 0.130143046 0.536205292 0.151662797
vn 0.417932212 -0.212908864 -0.883177519
v 0.094919093 0.479450226 0.153619736
vn 0.007884778 0.615012705 -0.788477838
v 0.092962153 0.479450226 0.153619736
vn -0.746828556 -0.078613535 -0.660353661
v 0.092962153 0.502933502 0.171232194
vn -0.291465104 0.480523556 -0.827130735
v 0.081219561 0.502933502 0.169275254
vn 0.070739068 0.510893285 -0.856728733
v 0.092962153 0.536205292 0.188844651
vn -0.236066878 0.259673566 -0.936398566
v 0.079262622 0.500980377 0.173189133
vn -0.851000726 -0.464898527 0.244268730
v 0.081219561 0.500980377 0.175146073
vn -0.478744388 -0.588620126 0.651406288
v 0.079262622 0.502933502 0.169275254
vn -0.732965469 0.118220247 -0.669914663
v 0.075348742 0.534244537 0.192758530
vn -0.849341154 -0.220199555 0.479720473
v 0.075348742 0.536205292 0.184930772
vn 0.070949763 0.291682392 -0.953880250
v 0.073391803 0.536205292 0.184930772
vn -0.834982336 0.126035064 -0.535649002
v 0.102746494 0.585126877 0.190801591
vn -0.424828291 0.031468760 -0.904726863
v 0.081219561 0.587083817 0.194715470
vn 0.062859759 -0.015714940 -0.997898698
v 0.079262622 0.587083817 0.202543229
v 0.075348742 0.587083817 0.192758530
vn -0.784996092 0.094199538 -0.612296999
v 0.089048274 0.641880035 0.184930772
vn -0.276096016 -0.268207550 -0.922949553
v 0.112531550 0.637966156 0.179059952
vn -0.519620657 -0.244064257 -0.818796217
v 0.083176501 0.641880035 0.186887711
vn -0.985413551 0.039416540 -0.165549472
v 0.091005214 0.643836975 0.194715470
vn -0.551249504 0.275624752 0.787499249
v 0.083176501 0.692760468 0.161447495
vn -0.866894543 -0.315234393 -0.386162102
v 0.089048274 0.694713593 0.161447495
vn -0.117985949 -0.574198306 -0.810170114
v 0.089048274 0.700588226 0.167318314
vn -0.589656174 0.416690350 0.691863239
v 0.073391803 0.741687775 0.116437882
vn -0.908190489 -0.418557376 0.000000000
v 0.096875556 0.645793915 0.196672410
vn -0.047028821 0.313525468 0.948414564
v 0.096875556 0.702541351 0.169275254
vn 0.055007383 0.573648453 0.817252517
v 0.087090380 0.753421783 0.120351762
vn 0.078818388 0.835474908 0.543846846
v 0.085133441 0.587083817 0.204503983
vn -0.094797261 0.015799543 0.995371222
v 0.079262622 0.751468658 0.118394822
vn -0.575052798 0.638072252 0.512033284
v 0.098832496 0.749515533 0.114480942
vn 0.425236434 0.811099112 0.401612192
v 0.079262622 0.534244537 0.196672410
vn -0.292091131 -0.323668540 0.899956405
v 0.098832496 0.585126877 0.202543229
vn 0.236690551 -0.047338109 0.970431209
v 0.089048274 0.534244537 0.194715470
vn 0.197673261 -0.324184150 0.925110877
v 0.110574134 0.700588226 0.163404435
vn 0.408942044 0.566227436 0.715648651
v 0.112531550 0.643836975 0.192758530
vn 0.329840660 0.274867207 0.903135180
v 0.120358355 0.583169937 0.194715470
vn 0.551317811 -0.110263564 0.826976776
v 0.132099986 0.581212997 0.181016892
vn 0.723423421 -0.172992557 0.668380260
v 0.136015773 0.641880035 0.182973832
vn 0.650765300 0.211694747 0.729170740
v 0.132099986 0.698627472 0.151662797
vn 0.648672462 0.522102237 0.553744793
v 0.116445430 0.747547150 0.102739304
vn 0.575481534 0.780447543 0.244382560
v 0.145800471 0.637966156 0.167318314
vn 0.809419334 0.157168806 0.565807700
v 0.141886592 0.692760468 0.136007279
vn 0.777577519 0.471259117 0.416278899
v 0.124272235 0.739719391 0.089040726
vn 0.745218396 0.666774333 0.007844404
v 0.091005214 0.763202667 0.053815812
vn 0.305724919 0.909335613 -0.282207578
v 0.079262622 0.765171051 0.061643571
vn 0.439421833 0.870996892 -0.219710916
v 0.071436770 0.772998810 0.063596696
v 0.069479831 0.729938507 0.002927750
vn -0.219542012 0.227382794 -0.948735178
v 0.067522891 0.772998810 0.061643571
vn -0.376612544 0.910146952 -0.172614083
v 0.061652072 0.765171051 0.061643571
vn -0.999752104 -0.015744127 -0.015744127
v 0.069479831 0.718196869 0.002927750
vn -0.126168206 -0.796436846 -0.591413498
v 0.077305682 0.759296417 0.061643571
vn -0.464322329 -0.881425440 0.086568572
v 0.075348742 0.741687775 0.116437882
vn -0.133655414 -0.849105000 -0.511035383
v 0.085133441 0.753421783 0.055768937
vn -0.425513625 -0.866786957 0.260036081
v 0.102746494 0.737766266 0.108610123
vn -0.519041836 -0.770698488 -0.369620711
v 0.112531550 0.690799713 0.151662797
vn -0.606675506 -0.504249752 -0.614554405
v 0.130143046 0.718196869 0.069471329
vn -0.685336888 -0.701091826 -0.196935907
v 0.091005214 0.747547150 0.049901932
vn -0.433326155 -0.835137725 0.338782251
v 0.098832496 0.739719391 0.040113419
vn -0.023712637 -0.995930731 -0.086946338
v 0.147757411 0.675144196 0.106653184
vn -0.495663613 -0.590075791 -0.637281835
v 0.106660493 0.745594025 0.038160294
vn 0.600813985 0.379461437 -0.703584790
v 0.132099986 0.716243744 0.069471329
vn 0.165410742 -0.582875967 -0.795546889
v 0.155585170 0.675144196 0.104696244
vn 0.574518323 -0.314804554 -0.755530953
v 0.163412929 0.626222610 0.132093400
vn 0.512494683 -0.433649361 -0.741146088
v 0.151671290 0.577299118 0.145791978
vn 0.449684054 -0.370792121 -0.812586963
v 0.159499049 0.684932709 0.118394822
vn 0.935558856 0.338059098 0.102203913
v 0.163412929 0.632093430 0.147749394
vn 0.931998551 0.071084633 0.355423212
v 0.149714351 0.579256058 0.163404435
vn 0.856226325 -0.243513912 0.455606639
v 0.126229167 0.534244537 0.165361375
vn 0.815241337 -0.368426383 0.446814984
v 0.132099986 0.729938507 0.079256028
vn 0.568128049 0.796957433 0.205157354
v 0.137972713 0.729938507 0.075338334
vn 0.802056313 0.589747369 -0.094359569
v 0.102746494 0.747547150 0.042074174
vn 0.424526215 0.849052429 -0.314463854
v 0.094919093 0.755374908 0.045988053
vn 0.496525019 0.732965469 -0.464999616
f 4559//4477 4560//4478 4561//4479
f 4559//4477 4561//4479 4562//4480
f 4562//4480 4561//4479 4560//4478
f 4560//4478 4559//4477 4563//4481
f 4562//4480 4560//4478 4564//4482
f 4560//4478 4563//4481 4565//4483
f 4560//4478 4565//4483 4564//4482
f 4565//4483 4563//4481 4566//4484
f 4563//4481 4559//4477 4567//4485
f 4564//4482 4565//4483 4568//4486
f 4568//4486 4565//4483 4566//4484
f 4562//4480 4564//4482 4569//4487
f 4564//4482 4568//4486 4570//4488
f 4564//4482 4570//4488 4571//4489
f 4564//4482 4571//4489 4569//4487
f 4570//4488 4568//4486 4572//4490
f 4568//4486 4566//4484 4573//4491
f 4568//4486 4573//4491 4572//4490
f 4570//4488 4572//4490 4574//4492
f 4570//4488 4574//4492 4571//4489
f 4572//4490 4573//4491 4575//4493
f 4573//4491 4566//4484 4576//3034
f 4576//3034 4566//4484 4577//4494
f 4577//4494 4566//4484 4563//4481
f 4573//4491 4576//3034 4578//4495
f 4573//4491 4578//4495 4575//4493
f 4576//3034 4577//4494 4579//4496
f 4576//3034 4579//4496 4578//4495
f 4577//4494 4563//4481 4580//4497
f 4577//4494 4580//4497 4579//4496
f 4580//4497 4563//4481 4567//4485
f 4580//4497 4567//4485 4581//4498
f 4581//4498 4567//4485 4559//4477
f 4580//4497 4581//4498 4582//4499
f 4580//4497 4582//4499 4579//4496
f 4581//4498 4559//4477 4583//4500
f 4581//4498 4583//4500 4582//4499
f 4583//4500 4559//4477 4584//4501
f 4584//4501 4559//4477 4562//4480
f 4582//4499 4583//4500 4585//4502
f 4585//4502 4583//4500 4584//4501
f 4579//4496 4582//4499 4586//4503
f 4586//4503 4582//4499 4585//4502
f 4584//4501 4562//4480 4587//4504
f 4587//4504 4562//4480 4569//4487
f 4585//4502 4584//4501 4588//4505
f 4588//4505 4584//4501 4587//4504
f 4586//4503 4585//4502 4589//4506
f 4589//4506 4585//4502 4588//4505
f 4579//4496 4586//4503 4590//4507
f 4590//4507 4586//4503 4589//4506
f 4587//4504 4569//4487 4591//4508
f 4587//4504 4591//4508 4588//4505
f 4591//4508 4569//4487 4592//4509
f 4592//4509 4569//4487 4571//4489
f 4588//4505 4591//4508 4593//4510
f 4588//4505 4593//4510 4589//4506
f 4591//4508 4592//4509 4594//4511
f 4591//4508 4594//4511 4593//4510
f 4589//4506 4593//4510 4595//4512
f 4595//4512 4593//4510 4594//4511
f 4589//4506 4595//4512 4590//4507
f 4592//4509 4571//4489 4596//4513
f 4596//4513 4571//4489 4597//4514
f 4597//4514 4571//4489 4574//4492
f 4592//4509 4596//4513 4598//4515
f 4592//4509 4598//4515 4594//4511
f 4596//4513 4597//4514 4599//4516
f 4599//4516 4597//4514 4574//4492
f 4596//4513 4599//4516 4598//4515
f 4594//4511 4598//4515 4600//4517
f 4594//4511 4600//4517 4595//4512
f 4598//4515 4599//4516 4601//4518
f 4598//4515 4601//4518 4600//4517
f 4595//4512 4600//4517 4602//4519
f 4595//4512 4602//4519 4590//4507
f 4600//4517 4601//4518 4603//4520
f 4600//4517 4603//4520 4602//4519
f 4601//4518 4599//4516 4604//2893
f 4603//4520 4601//4518 4605//4521
f 4605//4521 4601//4518 4604//2893
f 4603//4520 4605//4521 4606//4522
f 4602//4519 4603//4520 4607//4523
f 4607//4523 4603//4520 4606//4522
f 4606//4522 4605//4521 4608//4524
f 4608//4524 4605//4521 4609//4525
f 4609//4525 4605//4521 4604//2893
f 4606//4522 4608//4524 4610//4526
f 4610//4526 4608//4524 4609//4525
f 4606//4522 4610//4526 4611//4527
f 4606//4522 4611//4527 4607//4523
f 4610//4526 4609//4525 4612//4528
f 4611//4527 4610//4526 4613//4529
f 4613//4529 4610//4526 4612//4528
f 4609//4525 4604//2893 4614//4530
f 4612//4528 4609//4525 4615//4531
f 4615//4531 4609//4525 4614//4530
f 4612//4528 4615//4531 4616//4532
f 4614//4530 4604//2893 4617//4533
f 4612//4528 4616//4532 4618//4534
f 4612//4528 4618//4534 4613//4529
f 4616//4532 4615//4531 4619//4535
f 4617//4533 4604//2893 4620//4536
f 4620//4536 4604//2893 4599//4516
f 4620//4536 4599//4516 4574//4492
f 4617//4533 4620//4536 4621//4537
f 4617//4533 4621//4537 4614//4530
f 4620//4536 4574//4492 4622//4538
f 4620//4536 4622//4538 4621//4537
f 4622//4538 4574//4492 4572//4490
f 4622//4538 4572//4490 4575//4493
f 4622//4538 4575//4493 4621//4537
f 4623//4539 4615//4531 4614//4530
f 4615//4531 4623//4539 4619//4535
f 4624//4540 4614//4530 4621//4537
f 4614//4530 4624//4540 4623//4539
f 4621//4537 4575//4493 4625//4541
f 4621//4537 4625//4541 4624//4540
f 4625//4541 4575//4493 4626//4542
f 4626//4542 4575//4493 4578//4495
f 4624//4540 4625//4541 4627//4543
f 4627//4543 4625//4541 4626//4542
f 4623//4539 4624//4540 4628//4544
f 4628//4544 4624//4540 4627//4543
f 4623//4539 4628//4544 4629//4545
f 4623//4539 4629//4545 4619//4535
f 4628//4544 4627//4543 4630//4546
f 4630//4546 4627//4543 4626//4542
f 4629//4545 4628//4544 4631//4547
f 4631//4547 4628//4544 4630//4546
f 4629//4545 4631//4547 4632//4548
f 4619//4535 4629//4545 4633//4549
f 4633//4549 4629//4545 4632//4548
f 4619//4535 4633//4549 4634//4550
f 4619//4535 4634//4550 4635//4447
f 4619//4535 4635//4447 4616//4532
f 4616//4532 4635//4447 4618//4534
f 4635//4447 4634//4550 4636//4551
f 4636//4551 4634//4550 4633//4549
f 4618//4534 4635//4447 4637//4552
f 4637//4552 4635//4447 4636//4551
f 4618//4534 4637//4552 4638//4553
f 4618//4534 4638//4553 4613//4529
f 4638//4553 4637//4552 4639//4554
f 4639//4554 4637//4552 4636//4551
f 4613//4529 4638//4553 4640//4555
f 4640//4555 4638//4553 4639//4554
f 4613//4529 4640//4555 4641//4556
f 4613//4529 4641//4556 4611//4527
f 4640//4555 4639//4554 4642//4557
f 4640//4555 4642//4557 4641//4556
f 4641//4556 4642//4557 4643//4558
f 4611//4527 4641//4556 4644//4559
f 4644//4559 4641//4556 4643//4558
f 4611//4527 4644//4559 4607//4523
f 4643//4558 4642//4557 4645//4560
f 4643//4558 4645//4560 4644//4559
f 4646//4561 4642//4557 4639//4554
f 4642//4557 4646//4561 4645//4560
f 4646//4561 4639//4554 4636//4551
f 4645//4560 4646//4561 4647//4562
f 4647//4562 4646//4561 4636//4551
f 4644//4559 4645//4560 4648//4563
f 4644//4559 4648//4563 4607//4523
f 4645//4560 4647//4562 4649//4564
f 4649//4564 4647//4562 4636//4551
f 4648//4563 4645//4560 4650//4565
f 4650//4565 4645//4560 4649//4564
f 4648//4563 4650//4565 4651//4566
f 4607//4523 4648//4563 4652//4567
f 4652//4567 4648//4563 4651//4566
f 4607//4523 4652//4567 4653//4568
f 4607//4523 4653//4568 4602//4519
f 4602//4519 4653//4568 4590//4507
f 4652//4567 4651//4566 4654//4569
f 4654//4569 4651//4566 4650//4565
f 4653//4568 4652//4567 4655//4570
f 4655//4570 4652//4567 4654//4569
f 4590//4507 4653//4568 4656//4571
f 4656//4571 4653//4568 4655//4570
f 4590//4507 4656//4571 4657//4572
f 4590//4507 4657//4572 4579//4496
f 4579//4496 4657//4572 4578//4495
f 4578//4495 4657//4572 4626//4542
f 4626//4542 4657//4572 4656//4571
f 4626//4542 4656//4571 4630//4546
f 4630//4546 4656//4571 4655//4570
f 4630//4546 4655//4570 4631//4547
f 4631//4547 4655//4570 4654//4569
f 4631//4547 4654//4569 4632//4548
f 4632//4548 4654//4569 4658//4573
f 4659//4574 4654//4569 4650//4565
f 4654//4569 4659//4574 4658//4573
f 4659//4574 4650//4565 4649//4564
f 4658//4573 4659//4574 4660//4575
f 4660//4575 4659//4574 4649//4564
f 4658//4573 4660//4575 4632//4548
f 4660//4575 4649//4564 4636//4551
f 4632//4548 4660//4575 4661//4576
f 4661//4576 4660//4575 4636//4551
f 4632//4548 4661//4576 4633//4549
f 4633//4549 4661//4576 4636//4551
o tripo_part_22
g tripo_part_22
usemtl mat_0
v 0.190809041 0.573385298 -0.026419073
vn -0.165292844 -0.409296572 0.897304058
v 0.192765981 0.573385298 -0.028376013
vn 0.716624320 -0.629999399 0.299249738
v 0.192765981 0.575342238 -0.028376013
vn 0.707871914 0.495510340 0.503375590
v 0.190809041 0.573385298 -0.028376013
vn -0.369746506 -0.928299665 -0.039334733
v 0.188852102 0.575342238 -0.030332953
vn -0.472192168 -0.873555481 0.118048042
v 0.188852102 0.575342238 -0.028376013
vn -0.779213607 0.078708448 0.621796727
v 0.186895162 0.575342238 -0.036203772
vn -0.915459931 -0.394594789 -0.078918964
v 0.188852102 0.577299178 -0.030332953
vn -0.597167730 0.699314833 0.392873496
v 0.188852102 0.577299178 -0.036203772
vn -0.917936563 0.360898137 0.164757833
v 0.190809041 0.575342238 -0.036203772
vn 0.000000000 -0.951782823 -0.306772947
v 0.186895162 0.579256356 -0.045988470
vn -0.740892828 -0.669956267 -0.047291029
v 0.188852102 0.579256356 -0.036203772
vn -0.672783434 0.664868355 0.324519068
v 0.190809041 0.579256356 -0.036203772
vn 0.039427567 0.914719522 0.402161181
v 0.192765981 0.575342238 -0.030332953
vn 0.975169480 0.220199555 0.023592809
v 0.192765981 0.579256356 -0.036203772
vn 0.684763491 0.645409286 0.338446319
v 0.190809041 0.583170235 -0.045988470
vn 0.000000000 0.963291407 0.268458247
v 0.186895162 0.581213236 -0.045988470
vn -0.983490050 0.000000000 0.180962160
v 0.186895162 0.583170235 -0.045988470
vn -0.662651002 0.686317146 0.299770713
v 0.192765981 0.583170235 -0.045988470
vn 0.897526503 0.440890223 -0.007873040
v 0.188852102 0.585127175 -0.057730108
vn 0.000000000 0.986179948 0.165678218
v 0.192765981 0.577299178 -0.036203772
vn 0.996638060 -0.023542631 -0.078475438
v 0.192765981 0.573385298 -0.030332953
vn 0.584073067 -0.789287865 -0.189429089
v 0.192765981 0.575342238 -0.036203772
vn 0.700700581 -0.661335349 -0.267683357
v 0.190809041 0.581213236 -0.045988470
vn 0.885327101 -0.379425883 -0.268759996
v 0.190809041 0.585127175 -0.057730108
vn 0.905624151 0.393749624 -0.157499850
v 0.190809041 0.579256356 -0.045988470
vn 0.701810718 -0.638726592 -0.315420538
v 0.188852102 0.583170235 -0.057730108
vn 0.904922903 -0.354100287 -0.236066848
v 0.186895162 0.587083876 -0.069471747
vn 0.707084954 0.707084954 -0.007856499
v 0.188852102 0.579256356 -0.045988470
vn 0.000000000 -0.963291407 -0.268458247
v 0.188852102 0.581213236 -0.057730108
vn 0.710957289 -0.679359138 -0.181689084
v 0.186895162 0.585127175 -0.069471747
vn 0.986179948 0.000000000 -0.165678218
v 0.184938222 0.581213236 -0.057730108
v 0.186895162 0.581213236 -0.057730108
vn -0.023657275 -0.993605554 -0.110400617
v 0.186895162 0.581213236 -0.069471747
vn 0.677396417 -0.716779947 -0.165410757
v 0.184938222 0.583170235 -0.057730108
vn -0.918841839 0.337694019 0.204187080
v 0.182981282 0.583170235 -0.069471747
vn -0.909084260 -0.399683595 0.117554002
v 0.184938222 0.581213236 -0.069471747
vn -0.376751721 -0.926181257 -0.015697988
v 0.186895162 0.585127175 -0.057730108
vn -0.337694019 0.918841839 0.204187080
v 0.182981282 0.587083876 -0.069471747
vn -0.686980128 0.686980128 0.236889720
v 0.182981282 0.585127175 -0.069471747
vn -0.986179948 0.000000000 0.165678218
v 0.182981282 0.583170235 -0.081213862
v 0.181024343 0.583170235 -0.081213862
vn -0.669270635 -0.724387050 0.165349215
v 0.181024343 0.585127175 -0.081213862
v 0.181024343 0.589040816 -0.081213862
v 0.182981282 0.589040816 -0.081213862
vn 0.369620711 0.927983880 -0.047185622
v 0.184938222 0.587083876 -0.081213862
vn 0.903023839 0.369061917 -0.219866678
v 0.179067403 0.589040816 -0.092955500
vn 0.023608880 0.999442518 0.023608880
v 0.177110463 0.589040816 -0.092955500
vn -0.620950997 0.730992973 0.282965004
v 0.177110463 0.585127175 -0.092955500
vn -0.908190489 0.000000000 0.418557376
v 0.184938222 0.585127175 -0.081213862
vn 0.969677091 0.000000000 -0.244390160
v 0.181024343 0.589040816 -0.092955500
vn 0.663808644 0.719126105 -0.205464587
v 0.175153524 0.589040816 -0.104696661
vn 0.590661108 0.732419729 -0.338645667
v 0.171239644 0.589040816 -0.102739722
vn -0.668442309 0.699898481 0.251648903
v 0.184938222 0.583170235 -0.081213862
vn 0.714148521 -0.659213960 -0.235433564
v 0.181024343 0.585127175 -0.092955500
vn 0.922375739 0.000000000 -0.386294127
v 0.181024343 0.583170235 -0.092955500
vn 0.667946756 -0.691521406 -0.275036901
v 0.175153524 0.585127175 -0.104696661
vn 0.912509322 0.000000000 -0.409055918
v 0.175153524 0.583170235 -0.104696661
vn 0.677753866 -0.693515658 -0.244306654
v 0.179067403 0.583170235 -0.092955500
v 0.177110463 0.583170235 -0.092955500
vn -0.620950997 -0.730992973 0.282965004
v 0.171239644 0.583170235 -0.102739722
vn -0.661253333 -0.661253333 0.354242891
v 0.171239644 0.585127175 -0.102739722
v 0.171239644 0.585127175 -0.114481360
vn 0.867757320 0.000000000 -0.496988297
v 0.167325765 0.585127175 -0.114481360
vn -0.852192104 0.205157354 0.481330723
v 0.167325765 0.587083876 -0.114481360
vn -0.613868892 0.739790678 0.275453955
v 0.169282705 0.587083876 -0.114481360
vn 0.000000000 0.994719684 -0.102629803
v 0.171239644 0.587083876 -0.114481360
vn 0.639343083 0.623556852 -0.449908108
v 0.163411885 0.587083876 -0.124266058
vn 0.425144196 0.818796158 -0.385778993
v 0.159498006 0.587083876 -0.124266058
vn -0.605979979 0.716158152 0.346274287
v 0.167325765 0.583170235 -0.112524420
vn -0.849341154 -0.251656622 0.463991910
v 0.159498006 0.581213236 -0.122309119
vn -0.693429530 -0.543711722 0.472792834
v 0.169282705 0.581213236 -0.114481360
vn 0.196061850 -0.980309248 -0.023527423
v 0.171239644 0.583170235 -0.114481360
vn 0.829113901 -0.331645548 -0.450090408
v 0.163411885 0.581213236 -0.124266058
vn 0.376925886 -0.879493773 -0.290547043
v 0.165368825 0.583170235 -0.124266058
v 0.155584127 0.585127175 -0.134050757
vn 0.244382530 0.780447423 -0.575481474
v 0.155584127 0.583170235 -0.134050757
vn 0.669249833 -0.322814643 -0.669249833
v 0.155584127 0.581213236 -0.132093817
vn 0.331294566 -0.883452177 -0.331294566
v 0.155584127 0.585127175 -0.132093817
vn -0.149750277 0.977317631 -0.149750277
v 0.153627187 0.581213236 -0.132093817
vn -0.456169993 -0.637064993 0.621334970
v 0.161454946 0.585127175 -0.122309119
vn -0.803149581 0.078740157 0.590551198
v 0.153627187 0.583170235 -0.132093817
vn -0.699185312 -0.007856014 0.714897335
v 0.145799428 0.579256356 -0.137964636
vn -0.480911702 -0.693774283 0.536098242
v 0.153627187 0.585127175 -0.132093817
vn -0.559193850 0.803348899 0.204775214
v 0.145799428 0.581213236 -0.137964636
vn -0.741699636 0.007890422 0.670685828
v 0.147756368 0.581213236 -0.139921576
vn 0.150006771 0.939516068 -0.307908624
v 0.145799428 0.583170235 -0.137964636
vn -0.536348343 0.812410057 0.228736803
v 0.149713308 0.581213236 -0.139921576
vn 0.480777204 0.504422009 -0.717225015
v 0.143842489 0.581213236 -0.143835455
vn -0.314095259 0.887319088 -0.337652385
v 0.143842489 0.581213236 -0.141878515
vn -0.440235823 0.896194339 -0.055029478
v 0.145799428 0.581213236 -0.143835455
vn 0.393603176 0.676997483 -0.621893048
v 0.149713308 0.579256356 -0.139921576
vn 0.569032252 -0.798225760 -0.197580636
v 0.141885549 0.579256356 -0.145792395
vn -0.323145330 -0.244329408 -0.914264858
v 0.145799428 0.579256356 -0.143835455
vn 0.434460342 -0.671438694 -0.600345194
v 0.147756368 0.579256356 -0.139921576
vn 0.071084633 -0.987286627 0.142169267
v 0.143842489 0.579256356 -0.143835455
v 0.143842489 0.579256356 -0.141878515
vn -0.062906384 -0.982912242 0.172992557
v 0.141885549 0.579256356 -0.141878515
vn -0.457274497 -0.709563911 0.536114931
v 0.139928609 0.579256356 -0.143835455
vn -0.950841904 -0.251462311 -0.180738539
v 0.141885549 0.581213236 -0.141878515
vn -0.582876027 0.779793620 0.228424385
f 4662//4577 4663//4578 4664//4579
f 4663//4578 4662//4577 4665//4580
f 4665//4580 4662//4577 4666//4581
f 4666//4581 4662//4577 4667//4582
f 4667//4582 4662//4577 4664//4579
f 4666//4581 4667//4582 4668//4583
f 4666//4581 4668//4583 4665//4580
f 4667//4582 4664//4579 4669//4584
f 4668//4583 4667//4582 4670//4585
f 4670//4585 4667//4582 4669//4584
f 4665//4580 4668//4583 4671//4586
f 4668//4583 4670//4585 4672//4587
f 4668//4583 4672//4587 4671//4586
f 4670//4585 4669//4584 4673//4588
f 4669//4584 4664//4579 4674//4589
f 4669//4584 4674//4589 4673//4588
f 4674//4589 4664//4579 4675//4590
f 4675//4590 4664//4579 4663//4578
f 4674//4589 4675//4590 4676//4591
f 4676//4591 4675//4590 4663//4578
f 4674//4589 4676//4591 4677//4592
f 4674//4589 4677//4592 4673//4588
f 4678//4593 4670//4585 4673//4588
f 4670//4585 4678//4593 4672//4587
f 4673//4588 4677//4592 4679//4594
f 4673//4588 4679//4594 4678//4593
f 4677//4592 4676//4591 4680//4595
f 4679//4594 4677//4592 4681//4596
f 4681//4596 4677//4592 4680//4595
f 4680//4595 4676//4591 4682//4597
f 4682//4597 4676//4591 4663//4578
f 4682//4597 4663//4578 4683//4598
f 4683//4598 4663//4578 4665//4580
f 4683//4598 4665//4580 4684//4599
f 4683//4598 4684//4599 4682//4597
f 4684//4599 4665//4580 4671//4586
f 4680//4595 4682//4597 4685//4600
f 4685//4600 4682//4597 4684//4599
f 4680//4595 4685//4600 4686//4601
f 4680//4595 4686//4601 4681//4596
f 4685//4600 4684//4599 4687//4602
f 4687//4602 4684//4599 4671//4586
f 4686//4601 4685//4600 4688//4603
f 4688//4603 4685//4600 4687//4602
f 4681//4596 4686//4601 4689//4604
f 4689//4604 4686//4601 4688//4603
f 4687//4602 4671//4586 4690//4605
f 4690//4605 4671//4586 4672//4587
f 4688//4603 4687//4602 4691//4606
f 4691//4606 4687//4602 4690//4605
f 4688//4603 4691//4606 4692//4607
f 4688//4603 4692//4607 4689//4604
f 4690//4605 4672//4587 4693//969
f 4693//969 4672//4587 4678//4593
f 4691//4606 4690//4605 4694//4608
f 4694//4608 4690//4605 4693//969
f 4692//4607 4691//4606 4695//4609
f 4695//4609 4691//4606 4694//4608
f 4693//969 4678//4593 4696//4610
f 4696//4610 4678//4593 4679//4594
f 4694//4608 4693//969 4697//4611
f 4697//4611 4693//969 4696//4610
f 4695//4609 4694//4608 4698//4612
f 4698//4612 4694//4608 4697//4611
f 4696//4610 4679//4594 4699//4613
f 4699//4613 4679//4594 4681//4596
f 4699//4613 4681//4596 4689//4604
f 4696//4610 4699//4613 4700//4614
f 4700//4614 4699//4613 4689//4604
f 4697//4611 4696//4610 4701//4615
f 4701//4615 4696//4610 4700//4614
f 4698//4612 4697//4611 4702//4299
f 4697//4611 4701//4615 4703//4616
f 4697//4611 4703//4616 4702//4299
f 4701//4615 4700//4614 4704//4176
f 4701//4615 4704//4176 4703//4616
f 4700//4614 4689//4604 4705//4468
f 4700//4614 4705//4468 4704//4176
f 4705//4468 4689//4604 4706//4617
f 4706//4617 4689//4604 4707//4618
f 4707//4618 4689//4604 4692//4607
f 4705//4468 4706//4617 4708//4619
f 4708//4619 4706//4617 4707//4618
f 4704//4176 4705//4468 4709//4620
f 4709//4620 4705//4468 4708//4619
f 4704//4176 4709//4620 4710//4621
f 4704//4176 4710//4621 4703//4616
f 4707//4618 4692//4607 4711//4622
f 4711//4622 4692//4607 4695//4609
f 4708//4619 4707//4618 4712//4623
f 4712//4623 4707//4618 4711//4622
f 4709//4620 4708//4619 4713//4624
f 4713//4624 4708//4619 4712//4623
f 4714//4625 4710//4621 4709//4620
f 4714//4625 4709//4620 4713//4624
f 4711//4622 4695//4609 4715//4626
f 4715//4626 4695//4609 4698//4612
f 4712//4623 4711//4622 4716//4627
f 4716//4627 4711//4622 4715//4626
f 4712//4623 4716//4627 4713//4624
f 4715//4626 4698//4612 4702//4299
f 4716//4627 4715//4626 4717//4628
f 4717//4628 4715//4626 4702//4299
f 4716//4627 4717//4628 4718//4629
f 4716//4627 4718//4629 4713//4624
f 4718//4629 4717//4628 4719//4630
f 4717//4628 4702//4299 4720//878
f 4717//4628 4720//878 4719//4630
f 4720//878 4702//4299 4721//4631
f 4721//4631 4702//4299 4703//4616
f 4721//4631 4703//4616 4710//4621
f 4720//878 4721//4631 4722//4632
f 4720//878 4722//4632 4719//4630
f 4721//4631 4710//4621 4723//4621
f 4721//4631 4723//4621 4722//4632
f 4723//4621 4710//4621 4714//4625
f 4724//4633 4718//4629 4719//4630
f 4718//4629 4724//4633 4713//4624
f 4723//4621 4714//4625 4725//4634
f 4723//4621 4725//4634 4722//4632
f 4726//4635 4714//4625 4713//4624
f 4714//4625 4726//4635 4725//4634
f 4726//4635 4713//4624 4727//4636
f 4727//4636 4713//4624 4728//4637
f 4728//4637 4713//4624 4724//4633
f 4727//4636 4728//4637 4729//4638
f 4727//4636 4729//4638 4726//4635
f 4729//4638 4728//4637 4724//4633
f 4725//4634 4726//4635 4730//4639
f 4730//4639 4726//4635 4729//4638
f 4731//4640 4722//4632 4725//4634
f 4731//4640 4725//4634 4732//4641
f 4722//4632 4731//4640 4733//4642
f 4733//4642 4731//4640 4732//4641
f 4722//4632 4733//4642 4719//4630
f 4719//4630 4733//4642 4734//4643
f 4719//4630 4734//4643 4724//4633
f 4734//4643 4733//4642 4735//4644
f 4734//4643 4735//4644 4724//4633
f 4735//4644 4733//4642 4732//4641
f 4736//2791 4729//4638 4724//4633
f 4736//2791 4724//4633 4735//4644
f 4729//4638 4736//2791 4737//4645
f 4736//2791 4735//4644 4738//4646
f 4736//2791 4738//4646 4737//4645
f 4735//4644 4732//4641 4739//4647
f 4735//4644 4739//4647 4738//4646
f 4729//4638 4737//4645 4740//4648
f 4729//4638 4740//4648 4730//4639
f 4739//4647 4732//4641 4741//4649
f 4741//4649 4732//4641 4742//4650
f 4742//4650 4732//4641 4725//4634
f 4742//4650 4725//4634 4730//4639
f 4741//4649 4742//4650 4743//4651
f 4743//4651 4742//4650 4730//4639
f 4739//4647 4741//4649 4744//4652
f 4744//4652 4741//4649 4743//4651
f 4739//4647 4744//4652 4738//4646
f 4743//4651 4730//4639 4745//4653
f 4745//4653 4730//4639 4740//4648
f 4743//4651 4745//4653 4746//4654
f 4743//4651 4746//4654 4744//4652
f 4745//4653 4740//4648 4747//4655
f 4747//4655 4740//4648 4737//4645
f 4745//4653 4747//4655 4748//4656
f 4745//4653 4748//4656 4746//4654
f 4747//4655 4737//4645 4749//4657
f 4749//4657 4737//4645 4738//4646
f 4748//4656 4747//4655 4750//4658
f 4750//4658 4747//4655 4749//4657
f 4748//4656 4750//4658 4751//4659
f 4748//4656 4751//4659 4746//4654
f 4750//4658 4749//4657 4752//4660
f 4749//4657 4738//4646 4753//4661
f 4751//4659 4750//4658 4754//4662
f 4754//4662 4750//4658 4752//4660
f 4752//4660 4749//4657 4755//4663
f 4755//4663 4749//4657 4753//4661
f 4752//4660 4755//4663 4754//4662
f 4753//4661 4738//4646 4756//4664
f 4753//4661 4756//4664 4755//4663
f 4756//4664 4738//4646 4744//4652
f 4755//4663 4756//4664 4757//878
f 4757//878 4756//4664 4744//4652
f 4755//4663 4757//878 4754//4662
f 4757//878 4744//4652 4758//4665
f 4757//878 4758//4665 4754//4662
f 4758//4665 4744//4652 4746//4654
f 4754//4662 4758//4665 4759//4666
f 4759//4666 4758//4665 4746//4654
f 4754//4662 4759//4666 4760//4667
f 4760//4667 4759//4666 4746//4654
f 4754//4662 4760//4667 4761//4668
f 4761//4668 4760//4667 4746//4654
f 4754//4662 4761//4668 4751//4659
f 4751//4659 4761//4668 4746//4654
o tripo_part_23
g tripo_part_23
usemtl mat_0
v 0.216250077 0.530332327 0.063599251
vn 0.228651464 -0.457302928 0.859414160
v 0.214293137 0.530332327 0.063599251
vn -0.070680141 0.015706699 0.997375369
v 0.216250077 0.530332327 0.061642312
v 0.212336197 0.542073965 0.057728432
vn -0.220117912 0.385206342 0.896194339
v 0.210379258 0.542073965 0.055771492
vn -0.659925580 0.274968982 0.699206948
v 0.212336197 0.555776358 0.051857613
vn -0.235209137 0.297931582 0.925155878
v 0.208422318 0.555776358 0.049900673
vn -0.432802618 0.251812428 0.865605235
v 0.208422318 0.571431875 0.045986794
vn -0.431934208 0.259160519 0.863868415
v 0.212336197 0.571431875 0.047943734
vn -0.244443327 0.244443327 0.938346922
v 0.210379258 0.590997458 0.040117882
vn -0.684530258 0.173099622 0.708134830
v 0.218207017 0.571431875 0.047943734
vn 0.464610159 0.141745463 0.874097109
v 0.214293137 0.590997458 0.044031762
vn -0.244793639 0.205310777 0.947588265
v 0.212336197 0.612523794 0.038160942
vn -0.345867515 0.141491249 0.927553773
v 0.216250077 0.555776358 0.051857613
vn 0.455606639 0.243513912 0.856226325
v 0.216250077 0.542073965 0.055771492
vn 0.566788614 0.377859116 0.732101977
v 0.218207017 0.612523794 0.040117882
vn 0.007887721 0.110428095 0.993852854
v 0.212336197 0.637964725 0.036204003
vn -0.526759505 -0.039310411 0.849104881
v 0.222118989 0.589040518 0.042074822
vn 0.589292049 0.102143943 0.801437140
v 0.220162049 0.530332327 0.061642312
vn 0.844143748 -0.291900188 0.449684054
v 0.218207017 0.639921665 0.040117882
vn -0.133692592 -0.015728541 0.990898132
v 0.206465378 0.667318106 0.036204003
vn -0.629609108 -0.181012616 0.755530953
v 0.224075928 0.612523794 0.038160942
vn 0.588348448 0.031378586 0.807998538
v 0.237774506 0.604696035 0.020547532
vn 0.993512928 -0.063080184 0.094620280
v 0.210379258 0.669275045 0.040117882
vn -0.220260888 0.000000000 0.975441039
v 0.192766324 0.702543020 0.034247063
vn -0.212730363 0.015757805 0.976983905
v 0.188852206 0.698629141 0.032290123
vn -0.378128648 -0.086654484 0.921688557
v 0.226032868 0.639921665 0.038160942
vn 0.582821727 0.047255814 0.811224759
v 0.171240464 0.714284658 0.026418351
vn -0.346704006 -0.543694913 0.764324725
v 0.218207017 0.671231985 0.038160942
vn 0.489526212 0.244763106 0.836931944
v 0.239731446 0.637964725 0.018590592
vn 0.998391926 0.047168124 0.031445414
v 0.231903687 0.675145864 0.020547532
v 0.198636666 0.706456900 0.034247063
vn 0.267583847 0.330544770 0.905063093
v 0.173196450 0.718198538 0.030332230
vn -0.212855920 -0.244390130 0.946026325
v 0.151669160 0.720159292 0.026418351
vn -0.118033439 -0.330493599 0.936398566
v 0.177110329 0.722112417 0.030332230
vn 0.094909862 0.324275374 0.941189468
v 0.153626099 0.731900930 0.030332230
vn 0.039409194 0.110345736 0.993111670
v 0.112530366 0.724073172 0.026418351
vn 0.063080184 -0.520411551 0.851582527
v 0.182981148 0.731900930 0.022504471
vn 0.423676044 0.823814571 0.376600921
v 0.210379258 0.714284658 0.020547532
vn 0.720511258 0.657858074 0.219286025
v 0.227989808 0.673188925 0.006848954
vn 0.940601230 0.331976920 -0.071137905
v 0.206465378 0.710370779 0.002935074
vn 0.734197855 0.678935587 0.000000000
v 0.179067269 0.731900930 0.000978135
vn 0.536498547 0.820527196 0.197242111
v 0.216250077 0.712331533 -0.028376915
vn 0.802751601 0.550907910 -0.228233293
v 0.233860627 0.634050846 0.008805893
vn 0.981305718 0.039252225 -0.188410699
v 0.233860627 0.671231985 -0.022506095
vn 0.938376188 0.197137862 -0.283878505
v 0.233860627 0.600782156 0.012719773
vn 0.983947039 -0.118073650 -0.133816794
v 0.237774506 0.630136728 -0.018592216
vn 0.934635103 -0.039270382 -0.353433460
v 0.233860627 0.577298880 0.026418351
vn 0.973455131 -0.227662891 0.023551334
v 0.227989808 0.573385000 0.020547532
vn 0.951900601 -0.267476171 -0.149471998
v 0.227989808 0.559690237 0.034247063
vn 0.953317583 -0.299388975 0.039393287
v 0.224075928 0.547948599 0.044031762
vn 0.976135910 -0.149569213 0.157441273
v 0.224075928 0.555776358 0.032290123
vn 0.943712413 -0.314570785 -0.102235503
v 0.222118989 0.538160086 0.051857613
vn 0.954028547 -0.299612284 -0.007884533
v 0.222118989 0.545987844 0.042074822
vn 0.944384336 -0.306924909 -0.118048042
v 0.218207017 0.536206961 0.051857613
vn 0.922261059 -0.362598360 -0.134003744
v 0.218207017 0.528379202 0.061642312
vn 0.400076956 -0.745241344 0.533435941
v 0.220162049 0.532293081 0.047943734
vn 0.830434501 -0.556234360 0.031337149
v 0.222118989 0.536206961 0.034247063
vn 0.796560764 -0.599392235 -0.078867398
v 0.226032868 0.544034719 0.018590592
v 0.214293137 0.530332327 0.047943734
vn 0.158049688 -0.972005606 -0.173854664
v 0.216250077 0.528379202 0.061642312
vn 0.000000000 -0.756468534 0.654030085
v 0.214293137 0.528379202 0.061642312
vn -0.078877211 -0.962301970 0.260294795
v 0.210379258 0.530332327 0.047943734
v 0.208422318 0.532293081 0.049900673
vn -0.668628395 -0.739424348 0.078662165
v 0.202550545 0.536206961 0.034247063
vn -0.720842898 -0.689501941 -0.070517235
v 0.206465378 0.532293081 0.032290123
vn -0.402173728 -0.898976564 -0.173486710
v 0.200593606 0.544034719 0.016633652
vn -0.797205567 -0.544625580 -0.260473102
v 0.212336197 0.532293081 0.032290123
vn 0.188690007 -0.951312065 -0.243724585
v 0.204508439 0.540120840 0.012719773
vn -0.550822616 -0.731807232 -0.401313633
v 0.200593606 0.559690237 -0.002936698
vn -0.800844133 -0.337610751 -0.494639039
v 0.210379258 0.538160086 0.012719773
vn 0.062861696 -0.895779192 -0.440031886
v 0.204508439 0.555776358 -0.006850578
vn -0.584218681 -0.489480495 -0.647377372
v 0.212336197 0.553815603 -0.008807518
vn 0.117869332 -0.636494398 -0.762221634
v 0.208422318 0.587083578 -0.022506095
vn -0.419080347 -0.308379889 -0.853975058
v 0.202550545 0.589040518 -0.018592216
vn -0.600345194 -0.276474744 -0.750431478
v 0.229946747 0.561643362 0.000978135
vn 0.871426284 -0.376832992 -0.314027488
v 0.208422318 0.624266386 -0.032290794
vn -0.447972566 -0.227915868 -0.864508510
v 0.216250077 0.587083578 -0.024463035
vn 0.197537437 -0.347665906 -0.916573703
v 0.235817567 0.590997458 -0.010764457
vn 0.902575850 -0.229602620 -0.364197254
v 0.218207017 0.624266386 -0.034247734
vn 0.259553045 -0.204496324 -0.943829238
v 0.214293137 0.661447287 -0.042075492
vn 0.346242130 -0.133775368 -0.928558409
v 0.204508439 0.624266386 -0.028376915
vn -0.686381161 -0.189346537 -0.702160060
v 0.204508439 0.659490347 -0.040118553
vn -0.284108251 -0.331459612 -0.899676144
v 0.198636666 0.657533407 -0.036204673
vn -0.441382945 -0.346800894 -0.827593088
v 0.186895266 0.686887503 -0.045989372
vn -0.377566725 -0.448360473 -0.810195208
v 0.200593606 0.696672201 -0.051860191
vn 0.368652970 0.086280487 -0.925554276
v 0.192766324 0.688844442 -0.049899437
vn -0.188672483 -0.322315484 -0.927639723
v 0.163412705 0.722112417 -0.055774070
vn -0.055007383 -0.031432789 -0.997991085
v 0.159498826 0.718198538 -0.053813316
vn -0.227831423 -0.243543953 -0.942750812
v 0.169283524 0.731900930 -0.053813316
vn 0.251812428 0.432802618 -0.865605235
v 0.136013642 0.731900930 -0.047946312
vn -0.391870737 -0.141073450 -0.909140110
v 0.181024209 0.747556448 -0.028376915
vn 0.567757010 0.812207937 -0.134053737
v 0.139927521 0.751470327 -0.044032432
vn -0.023562228 0.714720905 -0.699012756
v 0.137970582 0.739728689 -0.049899437
vn -0.228141457 0.204540610 -0.951900601
v 0.102749482 0.743642569 -0.032290794
vn -0.377566725 0.102257647 -0.920318842
v 0.106663361 0.735814810 -0.032290794
vn -0.385206342 -0.220117912 -0.896194339
v 0.069477692 0.733854055 -0.022506095
vn -0.316138864 -0.023710415 -0.948416650
v 0.071438447 0.726026297 -0.018592216
vn -0.196255073 -0.478862405 -0.855672121
v 0.067524567 0.743642569 -0.016635276
vn -0.409804702 0.701396465 -0.583183587
v 0.102749482 0.755384207 -0.028376915
vn -0.291582763 0.732897222 -0.614687979
v 0.065563813 0.749509573 0.002935074
vn -0.164813638 0.981033564 0.102027483
v 0.098835602 0.763211966 -0.000979759
vn -0.157324329 0.936079741 0.314648658
v 0.143841401 0.765165091 -0.016635276
vn 0.189541310 0.979296744 0.071077988
v 0.104702607 0.743642569 0.012719773
vn 0.039334733 0.888964951 0.456282914
v 0.063610688 0.747556448 0.016633652
vn 0.023592813 0.912255406 0.408942074
v 0.147755280 0.745595694 0.004892014
vn 0.260036081 0.866786957 0.425513625
v 0.106663361 0.741681814 0.028375290
vn 0.000000000 0.699206889 0.714919388
v 0.073391572 0.731900930 0.028375290
vn -0.110356033 0.370480955 0.922261059
v 0.075352326 0.722112417 0.030332230
vn 0.031456109 -0.180872619 0.983003378
v 0.151669160 0.741681814 0.026418351
vn 0.174143106 0.791559517 0.585754097
v 0.110577241 0.729940176 0.030332230
vn 0.039363977 -0.173201501 0.984099448
v 0.077305451 0.716245413 0.026418351
vn 0.117985949 -0.527003884 0.841633081
f 4762//4669 4763//4670 4764//3882
f 4763//4670 4762//4669 4765//4671
f 4763//4670 4765//4671 4766//4672
f 4766//4672 4765//4671 4767//4673
f 4766//4672 4767//4673 4768//4674
f 4768//4674 4767//4673 4769//4675
f 4769//4675 4767//4673 4770//4676
f 4769//4675 4770//4676 4771//4677
f 4770//4676 4767//4673 4772//4678
f 4771//4677 4770//4676 4773//4679
f 4773//4679 4770//4676 4772//4678
f 4771//4677 4773//4679 4774//4680
f 4775//4681 4767//4673 4765//4671
f 4767//4673 4775//4681 4772//4678
f 4775//4681 4765//4671 4776//4682
f 4776//4682 4765//4671 4762//4669
f 4774//4680 4773//4679 4777//4683
f 4774//4680 4777//4683 4778//4684
f 4779//4685 4773//4679 4772//4678
f 4773//4679 4779//4685 4777//4683
f 4776//4682 4762//4669 4780//4686
f 4780//4686 4762//4669 4764//3882
f 4778//4684 4777//4683 4781//4687
f 4778//4684 4781//4687 4782//4688
f 4777//4683 4779//4685 4783//4689
f 4777//4683 4783//4689 4781//4687
f 4783//4689 4779//4685 4784//4690
f 4782//4688 4781//4687 4785//4691
f 4782//4688 4785//4691 4786//4692
f 4782//4688 4786//4692 4787//4693
f 4785//4691 4781//4687 4788//4694
f 4788//4694 4781//4687 4783//4689
f 4787//4693 4786//4692 4789//4695
f 4785//4691 4788//4694 4790//4696
f 4785//4691 4790//4696 4786//4692
f 4788//4694 4783//4689 4791//4697
f 4791//4697 4783//4689 4784//4690
f 4790//4696 4788//4694 4792//3268
f 4792//3268 4788//4694 4791//4697
f 4786//4692 4790//4696 4793//4698
f 4793//4698 4790//4696 4792//3268
f 4794//4699 4789//4695 4786//4692
f 4794//4699 4786//4692 4793//4698
f 4789//4695 4794//4699 4795//4700
f 4794//4699 4793//4698 4796//4701
f 4795//4700 4794//4699 4797//4702
f 4797//4702 4794//4699 4796//4701
f 4795//4700 4797//4702 4798//4703
f 4796//4701 4793//4698 4799//4704
f 4796//4701 4799//4704 4797//4702
f 4800//4705 4793//4698 4792//3268
f 4793//4698 4800//4705 4799//4704
f 4800//4705 4792//3268 4801//4706
f 4801//4706 4792//3268 4791//4697
f 4799//4704 4800//4705 4802//4707
f 4802//4707 4800//4705 4801//4706
f 4799//4704 4802//4707 4803//4708
f 4802//4707 4801//4706 4804//4709
f 4802//4707 4804//4709 4803//4708
f 4801//4706 4791//4697 4805//4710
f 4805//4710 4791//4697 4784//4690
f 4801//4706 4805//4710 4806//4711
f 4801//4706 4806//4711 4804//4709
f 4805//4710 4784//4690 4807//4712
f 4806//4711 4805//4710 4808//4713
f 4808//4713 4805//4710 4807//4712
f 4807//4712 4784//4690 4809//4714
f 4809//4714 4784//4690 4779//4685
f 4809//4714 4779//4685 4772//4678
f 4807//4712 4809//4714 4810//4715
f 4809//4714 4772//4678 4811//4716
f 4809//4714 4811//4716 4810//4715
f 4811//4716 4772//4678 4775//4681
f 4811//4716 4775//4681 4812//4717
f 4812//4717 4775//4681 4776//4682
f 4811//4716 4812//4717 4813//4718
f 4811//4716 4813//4718 4810//4715
f 4812//4717 4776//4682 4814//4719
f 4814//4719 4776//4682 4780//4686
f 4813//4718 4812//4717 4815//4720
f 4815//4720 4812//4717 4814//4719
f 4814//4719 4780//4686 4816//4721
f 4814//4719 4816//4721 4815//4720
f 4816//4721 4780//4686 4817//4722
f 4817//4722 4780//4686 4764//3882
f 4815//4720 4816//4721 4818//4723
f 4818//4723 4816//4721 4817//4722
f 4813//4718 4815//4720 4819//4724
f 4819//4724 4815//4720 4818//4723
f 4813//4718 4819//4724 4820//880
f 4813//4718 4820//880 4810//4715
f 4819//4724 4818//4723 4821//4725
f 4821//4725 4818//4723 4817//4722
f 4822//4726 4817//4722 4764//3882
f 4817//4722 4822//4726 4821//4725
f 4822//4726 4764//3882 4823//4727
f 4822//4726 4823//4727 4824//1378
f 4822//4726 4824//1378 4821//4725
f 4824//1378 4823//4727 4825//4728
f 4824//1378 4825//4728 4826//4729
f 4824//1378 4826//4729 4827//4730
f 4824//1378 4827//4730 4821//4725
f 4827//4730 4826//4729 4828//4731
f 4829//4732 4819//4724 4821//4725
f 4829//4732 4821//4725 4827//4730
f 4819//4724 4829//4732 4820//880
f 4827//4730 4828//4731 4830//4733
f 4827//4730 4830//4733 4829//4732
f 4830//4733 4828//4731 4831//4734
f 4820//880 4829//4732 4832//4735
f 4832//4735 4829//4732 4830//4733
f 4832//4735 4830//4733 4833//4736
f 4833//4736 4830//4733 4831//4734
f 4820//880 4832//4735 4834//4737
f 4834//4737 4832//4735 4833//4736
f 4833//4736 4831//4734 4835//4738
f 4833//4736 4835//4738 4834//4737
f 4835//4738 4831//4734 4836//4739
f 4820//880 4834//4737 4837//4740
f 4820//880 4837//4740 4810//4715
f 4835//4738 4836//4739 4838//4741
f 4834//4737 4835//4738 4839//4742
f 4834//4737 4839//4742 4837//4740
f 4839//4742 4835//4738 4838//4741
f 4810//4715 4837//4740 4840//4743
f 4840//4743 4837//4740 4839//4742
f 4810//4715 4840//4743 4807//4712
f 4807//4712 4840//4743 4808//4713
f 4840//4743 4839//4742 4841//4744
f 4840//4743 4841//4744 4808//4713
f 4841//4744 4839//4742 4838//4741
f 4808//4713 4841//4744 4842//4745
f 4842//4745 4841//4744 4838//4741
f 4843//4746 4838//4741 4836//4739
f 4808//4713 4842//4745 4806//4711
f 4838//4741 4843//4746 4844//4747
f 4838//4741 4844//4747 4842//4745
f 4844//4747 4843//4746 4845//4748
f 4844//4747 4845//4748 4846//4749
f 4806//4711 4842//4745 4847//4750
f 4806//4711 4847//4750 4804//4709
f 4842//4745 4844//4747 4848//4751
f 4848//4751 4844//4747 4846//4749
f 4842//4745 4848//4751 4847//4750
f 4848//4751 4846//4749 4849//4752
f 4849//4752 4846//4749 4850//4753
f 4847//4750 4848//4751 4851//4754
f 4847//4750 4851//4754 4804//4709
f 4851//4754 4848//4751 4849//4752
f 4849//4752 4850//4753 4852//4755
f 4804//4709 4851//4754 4853//4756
f 4851//4754 4849//4752 4854//4757
f 4851//4754 4854//4757 4853//4756
f 4804//4709 4853//4756 4803//4708
f 4849//4752 4852//4755 4855//4758
f 4849//4752 4855//4758 4854//4757
f 4855//4758 4852//4755 4856//4759
f 4856//4759 4852//4755 4857//4760
f 4856//4759 4857//4760 4858//4761
f 4858//4761 4857//4760 4859//4762
f 4856//4759 4858//4761 4860//4763
f 4855//4758 4856//4759 4861//4764
f 4861//4764 4856//4759 4860//4763
f 4855//4758 4861//4764 4854//4757
f 4861//4764 4860//4763 4862//4765
f 4854//4757 4861//4764 4863//4766
f 4863//4766 4861//4764 4862//4765
f 4864//4767 4853//4756 4854//4757
f 4864//4767 4854//4757 4863//4766
f 4853//4756 4864//4767 4803//4708
f 4863//4766 4862//4765 4865//4768
f 4865//4768 4862//4765 4866//4769
f 4864//4767 4863//4766 4867//4770
f 4867//4770 4863//4766 4865//4768
f 4864//4767 4867//4770 4803//4708
f 4865//4768 4866//4769 4868//4771
f 4865//4768 4868//4771 4867//4770
f 4868//4771 4866//4769 4869//4772
f 4868//4771 4869//4772 4870//4773
f 4803//4708 4867//4770 4871//4774
f 4871//4774 4867//4770 4868//4771
f 4803//4708 4871//4774 4799//4704
f 4799//4704 4871//4774 4797//4702
f 4871//4774 4868//4771 4872//4775
f 4872//4775 4868//4771 4870//4773
f 4871//4774 4872//4775 4797//4702
f 4872//4775 4870//4773 4873//4776
f 4797//4702 4872//4775 4798//4703
f 4798//4703 4872//4775 4873//4776
o tripo_part_24
g tripo_part_24
usemtl mat_0
v 0.075349182 0.444229126 0.114481285
vn 0.489847004 -0.600457609 -0.632060647
v 0.020554872 0.520545959 0.202543572
vn 0.947943091 0.229086235 0.221186712
v 0.018597933 0.477493286 0.161447838
vn 0.078603826 0.581668317 -0.809619427
v 0.057740539 0.487281799 0.147749156
vn 0.730925202 0.597315252 -0.330095261
v -0.000971464 0.522506714 0.190801933
vn 0.344624072 0.540433168 -0.767571747
v 0.049908966 0.465751648 0.155577019
vn 0.774661303 -0.505901217 -0.379425943
v 0.030339571 0.473579407 0.161447838
vn 0.189205289 -0.827773154 0.528198063
v 0.016640993 0.438354492 0.116438225
vn 0.984954536 0.118194550 -0.126074180
v 0.028382631 0.471626282 0.161447838
vn 0.454821527 -0.682232320 0.572447836
v 0.018597933 0.520545959 0.204500511
vn 0.440181375 -0.314415276 0.841060877
v 0.022511812 0.469665527 0.161447838
vn 0.243943289 -0.723960757 0.645269334
v 0.000985475 0.579256535 0.222112969
vn 0.353662580 -0.015718335 0.935240984
v 0.006856294 0.516632080 0.204500511
vn -0.015728541 -0.487584800 0.872934043
v 0.014684053 0.436401367 0.116438225
vn 0.439692676 -0.769462168 0.463247627
v 0.016640993 0.467712402 0.161447838
vn 0.086472221 -0.738944411 0.668194354
v 0.006856294 0.434448242 0.116438225
vn 0.062976509 -0.842310846 0.535300314
v -0.006842522 0.465751648 0.155577019
vn -0.314775258 -0.723983109 0.613811791
v 0.002942415 0.579256535 0.220159844
vn 0.984099448 0.173201501 0.039363977
v -0.002928643 0.641880035 0.214285210
vn 0.999690175 0.007871577 0.023614729
v -0.016626982 0.579256535 0.204500511
vn 0.549142003 0.141207948 -0.823713124
v -0.061636597 0.516632080 0.159490898
vn -0.709961176 0.055219200 -0.702072680
v -0.010756640 0.577299595 0.222112969
vn -0.125953019 -0.125953019 0.984007955
v -0.020540861 0.639923096 0.198629692
vn 0.565807700 -0.157168806 -0.809419334
v -0.004885582 0.641880035 0.216245964
vn 0.418192357 0.173589274 0.891617656
v 0.000985475 0.704498291 0.196672752
vn 0.474104702 0.316069782 0.821781397
v -0.020540861 0.514678955 0.196672752
vn -0.339161456 -0.512685955 0.788747609
v -0.018583922 0.641880035 0.218199089
vn -0.087014318 0.174028635 0.980888665
v -0.038153321 0.575342178 0.214285210
vn -0.456127703 -0.173013955 0.872934043
v -0.032282501 0.514678955 0.188844994
vn -0.448902398 -0.511906266 0.732419729
v 0.002942415 0.704498291 0.194715813
vn 0.977256954 -0.157622084 0.141859874
v -0.010756640 0.708419800 0.198629692
vn -0.031539112 0.496741027 0.867325604
v -0.044024140 0.641880035 0.210371330
vn -0.512033284 0.165426135 0.842885613
v -0.032282501 0.708419800 0.190801933
vn -0.417258173 0.527477264 0.740042806
v -0.049894959 0.575342178 0.204500511
vn -0.572447836 -0.180360273 0.799858570
v -0.053808838 0.641880035 0.200586632
vn -0.622781336 0.165549472 0.764680922
v 0.004899355 0.761245728 0.145792082
vn -0.323628187 0.891950905 0.315734833
v -0.069464356 0.575342178 0.192758873
vn -0.784223258 -0.172529131 0.596009731
v -0.042067200 0.708419800 0.182974175
vn -0.488022655 0.550993264 0.676934600
v -0.071425110 0.641880035 0.188844994
vn -0.796560764 0.157734796 0.583618760
v -0.051851898 0.512718201 0.177103356
vn -0.615012705 -0.512510598 0.599243164
v -0.071425110 0.575342178 0.184931114
vn -0.903274477 -0.172800347 0.392728031
v -0.057722718 0.708419800 0.173189476
vn -0.670518875 0.528526664 0.520638227
v -0.059679657 0.708419800 0.167318657
vn -0.815767944 0.541230619 0.203941986
v -0.006842522 0.761245728 0.134050682
vn -0.235368356 0.870862901 0.431508660
v 0.000985475 0.759292603 0.139921501
vn -0.337527514 0.902689934 0.266882241
v -0.014670042 0.467712402 0.149706081
vn -0.416330218 -0.699120581 0.581291258
v -0.002928643 0.432479858 0.112524346
vn -0.315499008 -0.843959868 0.433811128
v -0.030325560 0.465751648 0.141878441
v -0.006842522 0.434448242 0.110567406
vn -0.315705329 -0.812941194 0.489343256
v 0.006856294 0.418792725 0.083166435
vn -0.181349903 -0.946173429 0.268082470
v 0.010770174 0.416824341 0.083166435
vn -0.213094458 -0.962871253 0.165740132
v -0.055765778 0.514678955 0.171232536
vn -0.775404096 -0.454277158 0.438612431
v 0.012727113 0.416824341 0.083166435
vn 0.651586950 -0.753642797 0.086354904
v 0.010770174 0.418792725 0.065557793
vn 0.300294399 -0.102732293 -0.948298156
v 0.012727113 0.418792725 0.083166435
vn 0.993852854 -0.007887721 -0.110428095
v -0.059679657 0.514678955 0.165361717
vn -0.827593088 -0.441382945 0.346800894
v 0.000985475 0.416824341 0.079252556
vn -0.212007776 -0.965813160 0.149190649
v -0.016626982 0.432479858 0.106653526
vn -0.543307066 -0.771653533 0.330708653
v -0.032282501 0.465751648 0.137964562
vn -0.621546507 -0.653017223 0.432722270
v 0.000985475 0.416824341 0.077299431
v -0.016626982 0.432479858 0.102739647
vn -0.417413503 -0.811199784 0.409537733
v -0.038153321 0.465751648 0.132093742
vn -0.662341952 -0.646571934 0.378481120
v 0.000985475 0.416824341 0.075338677
vn -0.039280076 -0.997713923 0.054992106
v -0.018583922 0.428573608 0.098825768
vn -0.401152253 -0.857364655 0.322494954
v -0.000971464 0.416824341 0.073385552
vn -0.613356173 -0.456085324 -0.644810319
v 0.000985475 0.420745850 0.077299431
vn -0.205182910 0.828623295 -0.520848930
v -0.022497801 0.434448242 0.096868828
vn -0.763945341 0.220520303 -0.606430829
v 0.010770174 0.440307617 0.116438225
vn 0.220753208 0.804172397 -0.551883042
v -0.040110260 0.467712402 0.130136803
vn -0.779237807 0.125937417 -0.613944948
v 0.010770174 0.475540161 0.157533959
vn 0.228141457 0.676557422 -0.700158298
v -0.075338989 0.575342178 0.171232536
vn -0.573878825 -0.047168121 -0.817580760
v -0.075338989 0.575342178 0.179060295
vn -0.937182307 -0.165385112 0.307143778
v -0.077292114 0.639923096 0.169275597
vn -0.481076211 -0.047318973 -0.875400960
v -0.073378235 0.639923096 0.182974175
vn -0.851556063 0.110386893 0.512510598
v -0.079252869 0.641880035 0.177103356
vn -0.948090971 0.142213643 0.284427285
v -0.061636597 0.706459045 0.161447838
vn -0.860484660 0.497344345 0.110520966
v -0.063593537 0.704498291 0.155577019
vn -0.692999363 0.078749925 -0.716624320
v -0.014670042 0.700584412 0.181017235
vn 0.488719553 -0.496602118 -0.717314184
v -0.008799462 0.763214111 0.128179863
vn -0.465361029 0.883397222 -0.055212326
v -0.010756640 0.759292603 0.126222923
vn -0.663560092 0.695158243 -0.276483387
v -0.012713579 0.757339478 0.120352104
vn -0.605249465 0.125766128 -0.786038280
v 0.014684053 0.751464844 0.141878441
vn 0.275240928 -0.880771041 -0.385337323
v 0.044038147 0.771041870 0.096868828
vn 0.000000000 0.973725259 -0.227726057
v 0.042081207 0.771041870 0.092954949
vn 0.157499850 0.984374106 -0.078749925
v 0.040124267 0.771041870 0.089041069
vn 0.094702758 0.994378924 -0.047351379
v 0.040124267 0.771041870 0.085127190
vn 0.039506257 0.924446344 -0.379260033
v 0.038167328 0.767120361 0.081213310
vn -0.299612284 0.007884533 -0.954028547
v 0.057740539 0.761245728 0.083166435
vn 0.601717234 -0.245437294 -0.760063887
v 0.045995086 0.772994995 0.100782707
vn -0.007894355 0.994688690 -0.102626607
v 0.053822845 0.771041870 0.102739647
vn 0.244359776 0.969556570 0.015765147
v 0.020554872 0.759292603 0.151663139
vn 0.157734796 0.796560764 0.583618760
v 0.061654419 0.769073486 0.102739647
vn 0.520411551 0.851582527 0.063080184
v 0.026425691 0.755386353 0.151663139
vn 0.463805526 0.581722200 0.668194354
v 0.063607544 0.767120361 0.102739647
vn 0.779793620 0.582876027 0.228424385
v 0.065568298 0.765167236 0.100782707
vn 0.993698299 -0.086751439 -0.070978448
v 0.028382631 0.753417969 0.151663139
vn 0.862937629 -0.235346630 0.447158575
f 4874//4777 4875//4778 4876//4779
f 4874//4777 4876//4779 4877//4780
f 4874//4777 4877//4780 4875//4778
f 4875//4778 4877//4780 4878//4781
f 4878//4781 4877//4780 4876//4779
f 4876//4779 4875//4778 4879//4782
f 4876//4779 4879//4782 4880//4783
f 4880//4783 4879//4782 4875//4778
f 4876//4779 4880//4783 4881//4784
f 4880//4783 4875//4778 4882//4785
f 4880//4783 4882//4785 4881//4784
f 4882//4785 4875//4778 4883//4786
f 4882//4785 4883//4786 4884//4787
f 4882//4785 4884//4787 4881//4784
f 4883//4786 4875//4778 4885//4788
f 4884//4787 4883//4786 4886//4789
f 4886//4789 4883//4786 4885//4788
f 4881//4784 4884//4787 4887//4790
f 4884//4787 4886//4789 4888//4791
f 4887//4790 4884//4787 4889//4792
f 4889//4792 4884//4787 4888//4791
f 4888//4791 4886//4789 4890//4793
f 4888//4791 4890//4793 4889//4792
f 4891//4794 4885//4788 4875//4778
f 4891//4794 4875//4778 4878//4781
f 4885//4788 4891//4794 4892//4795
f 4891//4794 4878//4781 4893//4796
f 4891//4794 4893//4796 4892//4795
f 4893//4796 4878//4781 4894//4797
f 4895//4798 4886//4789 4885//4788
f 4892//4795 4893//4796 4896//4799
f 4885//4788 4892//4795 4897//4800
f 4885//4788 4897//4800 4895//4798
f 4897//4800 4892//4795 4898//4801
f 4886//4789 4895//4798 4899//4802
f 4886//4789 4899//4802 4890//4793
f 4895//4798 4897//4800 4900//4803
f 4900//4803 4897//4800 4898//4801
f 4899//4802 4895//4798 4901//4804
f 4901//4804 4895//4798 4900//4803
f 4890//4793 4899//4802 4902//4805
f 4902//4805 4899//4802 4901//4804
f 4903//4806 4898//4801 4892//4795
f 4903//4806 4892//4795 4896//4799
f 4900//4803 4898//4801 4904//4807
f 4901//4804 4900//4803 4905//4808
f 4900//4803 4904//4807 4906//4809
f 4900//4803 4906//4809 4905//4808
f 4901//4804 4905//4808 4907//4810
f 4901//4804 4907//4810 4902//4805
f 4905//4808 4906//4809 4908//4811
f 4905//4808 4908//4811 4907//4810
f 4906//4809 4904//4807 4909//4812
f 4902//4805 4907//4810 4910//4813
f 4910//4813 4907//4810 4908//4811
f 4908//4811 4906//4809 4911//4814
f 4911//4814 4906//4809 4909//4812
f 4910//4813 4908//4811 4912//4815
f 4912//4815 4908//4811 4911//4814
f 4902//4805 4910//4813 4913//4816
f 4910//4813 4912//4815 4914//4817
f 4910//4813 4914//4817 4913//4816
f 4912//4815 4911//4814 4915//4818
f 4912//4815 4915//4818 4916//4819
f 4915//4818 4911//4814 4917//4820
f 4915//4818 4917//4820 4916//4819
f 4917//4820 4911//4814 4918//4821
f 4918//4821 4911//4814 4909//4812
f 4919//4822 4902//4805 4913//4816
f 4902//4805 4919//4822 4890//4793
f 4890//4793 4919//4822 4920//4823
f 4890//4793 4920//4823 4889//4792
f 4919//4822 4913//4816 4921//4652
f 4920//4823 4919//4822 4922//4824
f 4922//4824 4919//4822 4921//4652
f 4889//4792 4920//4823 4923//4825
f 4923//4825 4920//4823 4922//4824
f 4889//4792 4923//4825 4924//4826
f 4921//4652 4913//4816 4925//4827
f 4925//4827 4913//4816 4914//4817
f 4889//4792 4924//4826 4926//4828
f 4889//4792 4926//4828 4887//4790
f 4924//4826 4923//4825 4927//4829
f 4924//4826 4927//4829 4926//4828
f 4887//4790 4926//4828 4881//4784
f 4926//4828 4927//4829 4928//4830
f 4926//4828 4928//4830 4881//4784
f 4881//4784 4928//4830 4927//4829
f 4929//4831 4925//4827 4914//4817
f 4927//4829 4923//4825 4930//4832
f 4930//4832 4923//4825 4922//4824
f 4930//4832 4922//4824 4931//4833
f 4931//4833 4922//4824 4921//4652
f 4932//4834 4921//4652 4925//4827
f 4921//4652 4932//4834 4931//4833
f 4932//4834 4925//4827 4929//4831
f 4930//4832 4931//4833 4933//723
f 4930//4832 4933//723 4927//4829
f 4931//4833 4932//4834 4934//4835
f 4931//4833 4934//4835 4933//723
f 4934//4835 4932//4834 4935//4836
f 4935//4836 4932//4834 4929//4831
f 4933//723 4934//4835 4936//4837
f 4933//723 4936//4837 4927//4829
f 4936//4837 4934//4835 4937//4838
f 4937//4838 4934//4835 4935//4836
f 4927//4829 4936//4837 4938//4839
f 4938//4839 4936//4837 4937//4838
f 4927//4829 4938//4839 4939//4840
f 4938//4839 4937//4838 4940//4841
f 4938//4839 4940//4841 4939//4840
f 4940//4841 4937//4838 4935//4836
f 4927//4829 4939//4840 4941//4842
f 4941//4842 4939//4840 4940//4841
f 4927//4829 4941//4842 4881//4784
f 4940//4841 4935//4836 4942//4843
f 4940//4841 4942//4843 4941//4842
f 4881//4784 4941//4842 4943//4844
f 4943//4844 4941//4842 4942//4843
f 4881//4784 4943//4844 4876//4779
f 4876//4779 4943//4844 4878//4781
f 4878//4781 4943//4844 4894//4797
f 4894//4797 4943//4844 4942//4843
f 4894//4797 4942//4843 4935//4836
f 4894//4797 4935//4836 4929//4831
f 4894//4797 4929//4831 4944//4845
f 4894//4797 4944//4845 4893//4796
f 4893//4796 4944//4845 4896//4799
f 4944//4845 4929//4831 4945//4846
f 4945//4846 4929//4831 4914//4817
f 4896//4799 4944//4845 4946//4847
f 4945//4846 4914//4817 4947//4848
f 4947//4848 4914//4817 4912//4815
f 4944//4845 4945//4846 4948//4849
f 4948//4849 4945//4846 4947//4848
f 4944//4845 4948//4849 4946//4847
f 4947//4848 4912//4815 4916//4819
f 4947//4848 4916//4819 4948//4849
f 4946//4847 4948//4849 4949//4850
f 4949//4850 4948//4849 4916//4819
f 4950//4851 4896//4799 4946//4847
f 4950//4851 4946//4847 4949//4850
f 4896//4799 4950//4851 4951//4852
f 4896//4799 4951//4852 4903//4806
f 4949//4850 4916//4819 4952//4853
f 4952//4853 4916//4819 4917//4820
f 4950//4851 4949//4850 4953//4854
f 4953//4854 4949//4850 4952//4853
f 4951//4852 4950//4851 4954//4855
f 4954//4855 4950//4851 4953//4854
f 4903//4806 4951//4852 4955//4856
f 4955//4856 4951//4852 4954//4855
f 4952//4853 4917//4820 4956//4857
f 4956//4857 4917//4820 4918//4821
f 4952//4853 4956//4857 4957//4858
f 4953//4854 4952//4853 4958//4859
f 4958//4859 4952//4853 4957//4858
f 4954//4855 4953//4854 4959//4860
f 4959//4860 4953//4854 4958//4859
f 4954//4855 4959//4860 4960//4861
f 4958//4859 4957//4858 4961//4862
f 4958//4859 4961//4862 4959//4860
f 4959//4860 4961//4862 4960//4861
f 4961//4862 4957//4858 4956//4857
f 4960//4861 4961//4862 4954//4855
f 4954//4855 4961//4862 4955//4856
f 4962//4863 4956//4857 4918//4821
f 4956//4857 4962//4863 4961//4862
f 4962//4863 4918//4821 4909//4812
f 4962//4863 4909//4812 4963//4864
f 4962//4863 4963//4864 4961//4862
f 4963//4864 4909//4812 4964//4865
f 4964//4865 4909//4812 4904//4807
f 4964//4865 4904//4807 4898//4801
f 4963//4864 4964//4865 4965//4866
f 4963//4864 4965//4866 4961//4862
f 4964//4865 4898//4801 4966//4867
f 4964//4865 4966//4867 4965//4866
f 4966//4867 4898//4801 4903//4806
f 4961//4862 4965//4866 4967//4868
f 4967//4868 4965//4866 4966//4867
f 4961//4862 4967//4868 4968//4869
f 4961//4862 4968//4869 4955//4856
f 4967//4868 4966//4867 4969//4870
f 4967//4868 4969//4870 4968//4869
f 4969//4870 4966//4867 4903//4806
f 4968//4869 4969//4870 4955//4856
f 4955//4856 4969//4870 4903//4806
o tripo_part_25
g tripo_part_25
usemtl mat_0
v 0.141885310 0.579256356 0.143836990
vn -0.189146504 -0.315244168 0.929970324
v 0.143842250 0.579256356 0.141880050
vn 0.440780997 -0.732011259 0.519491851
v 0.143842250 0.581213176 0.141880050
vn 0.337694019 0.612561226 0.714654803
v 0.139928371 0.579256356 0.141880050
vn -0.950841904 -0.251462311 0.180738539
v 0.141885310 0.581213176 0.139923111
vn -0.614325583 0.700961292 -0.362294585
v 0.141885310 0.581213176 0.141880050
vn -0.661335349 0.677081406 0.322794646
v 0.141885310 0.579256356 0.139923111
vn -0.501409769 -0.705107510 -0.501409769
v 0.145799190 0.581213176 0.136009231
vn -0.741353571 0.031546962 -0.670372844
v 0.145799190 0.583170176 0.136009231
vn -0.672783434 0.664868355 -0.324519068
v 0.145799190 0.579256356 0.136009231
vn -0.386282116 -0.733147681 -0.559714854
v 0.151670009 0.585127175 0.130138412
vn -0.583909392 0.718050718 -0.378752053
v 0.147756130 0.583170176 0.137966171
vn 0.290888071 0.699703753 0.652532637
v 0.151670009 0.583170176 0.130138412
vn -0.647680223 -0.229057625 -0.726665616
v 0.159497768 0.587083876 0.122310653
vn -0.448471427 0.881207049 -0.149490491
v 0.155583888 0.585127175 0.132095352
vn 0.441218525 0.653948903 0.614554405
v 0.147756130 0.581213176 0.137966171
vn 0.450146526 0.694963098 0.560708821
v 0.149713069 0.581213176 0.137966171
vn 0.623110533 0.291836590 0.725647748
v 0.147756130 0.579256356 0.137966171
vn 0.393798441 -0.897860467 0.196899220
v 0.155583888 0.583170176 0.132095352
vn 0.670623183 -0.299808025 0.678512871
v 0.153626949 0.581213176 0.130138412
vn -0.299770713 -0.828313828 -0.473322183
v 0.159497768 0.585127175 0.120353714
vn -0.837794185 0.205496669 -0.505837977
v 0.155583888 0.581213176 0.130138412
vn 0.394521058 -0.860055983 0.323507279
v 0.159497768 0.581213176 0.120353714
vn -0.552226305 -0.725783229 -0.410225272
v 0.161454707 0.581213176 0.122310653
vn 0.047168124 -0.998391926 0.031445414
v 0.161454707 0.587083876 0.122310653
vn 0.000000000 0.980580688 0.196116120
v 0.163411647 0.581213176 0.122310653
vn 0.552690864 -0.750080526 0.363196880
v 0.169282943 0.583170176 0.112524047
vn 0.494075865 -0.839144766 0.227431744
v 0.163411647 0.583170176 0.122310653
vn 0.788502336 0.000000000 0.615031838
v 0.163411647 0.587083876 0.122310653
vn 0.535300314 0.653381288 0.535300314
v 0.169282943 0.585127175 0.114480987
vn 0.867325604 0.031539112 0.496741027
v 0.169282943 0.589040816 0.112524047
vn 0.583636940 0.709828675 0.394349247
v 0.169282943 0.587083876 0.112524047
vn 0.852192104 0.205157354 0.481330723
v 0.175153524 0.585127175 0.102739349
vn 0.915317416 0.015781336 0.402424037
v 0.165368587 0.589040816 0.112524047
vn -0.595753312 0.760369360 -0.258682340
v 0.175153524 0.589040816 0.102739349
vn 0.661069095 0.684678674 0.306924939
v 0.173196614 0.589040816 0.102739349
v 0.175153524 0.583170176 0.102739349
vn 0.667946756 -0.691521406 0.275036901
v 0.171239644 0.589040816 0.100782409
vn -0.637617409 0.716335595 -0.283385485
v 0.179067641 0.589040816 0.090997711
vn 0.669706702 0.709101260 0.220609263
v 0.179067641 0.587083876 0.090997711
vn 0.948683381 0.000000000 0.316227764
v 0.179067641 0.583170176 0.090997711
vn 0.669706702 -0.709101260 0.220609263
v 0.173196614 0.583170176 0.102739349
v 0.177110463 0.583170176 0.090997711
v 0.171239644 0.583170176 0.100782409
vn -0.636180162 -0.714720905 -0.290600806
v 0.165368587 0.583170176 0.110567108
vn -0.694033086 -0.488977849 -0.528411508
v 0.165368587 0.585127175 0.112524047
vn -0.812789261 0.244625911 -0.528707623
v 0.171239644 0.587083876 0.100782409
vn -0.912509322 0.000000000 -0.409055918
v 0.175153524 0.583170176 0.090997711
vn -0.657979190 -0.712810814 -0.242825657
v 0.175153524 0.589040816 0.090997711
vn -0.657979190 0.712810814 -0.242825657
v 0.181024581 0.583170176 0.079256073
v 0.175153524 0.587083876 0.090997711
vn -0.937938869 0.000000000 -0.346800923
v 0.179067641 0.583170176 0.079256073
vn -0.669706702 -0.709101260 -0.220609263
v 0.179067641 0.587083876 0.079256073
vn -0.948683381 0.000000000 -0.316227764
v 0.179067641 0.589040816 0.079256073
vn -0.646371007 0.717314184 -0.260124922
v 0.182981044 0.589040816 0.079256073
vn 0.667102814 0.729888976 0.149117097
v 0.182981044 0.587083876 0.067514434
vn -0.654009819 0.701287687 -0.283666909
v 0.182981044 0.585127175 0.067514434
vn -0.912904918 0.338404417 -0.228226230
v 0.184937984 0.583170176 0.067514434
vn 0.377065450 -0.903385997 0.204243779
v 0.181024581 0.583170176 0.067514434
vn -0.923869729 -0.355334550 -0.142133802
v 0.184937984 0.585127175 0.055772796
vn -0.688247204 0.688247204 -0.229415745
v 0.184937984 0.583170176 0.055772796
vn -0.978442788 0.023672003 -0.205157354
v 0.184937984 0.587083876 0.067514434
vn 0.000000000 0.986179948 -0.165678218
v 0.186894923 0.583170176 0.044029251
vn -0.662651002 0.686317146 -0.299770713
v 0.188851863 0.585127175 0.055772796
v 0.186894923 0.587083876 0.067514434
vn 0.717046857 0.693407953 0.070916712
v 0.186894923 0.585127175 0.067514434
vn 0.903135180 -0.329840660 0.274867207
v 0.188851863 0.583170176 0.055772796
vn 0.984832287 0.007878658 0.173330486
v 0.182981044 0.585127175 0.079256073
vn 0.958848178 -0.023578234 0.282938778
v 0.182981044 0.583170176 0.079256073
vn 0.700353324 -0.692484200 0.173121050
v 0.188851863 0.581213176 0.055772796
vn 0.677753866 -0.693515658 0.244306654
v 0.186894923 0.581213176 0.055772796
vn 0.000000000 -0.986179948 0.165678218
v 0.184937984 0.581213176 0.055772796
vn -0.682631195 -0.729709208 -0.039231680
v 0.188851863 0.579256356 0.044029251
vn -0.126011595 -0.952962756 0.275650352
v 0.190808803 0.579256356 0.045986190
vn 0.678027689 -0.678027689 0.283825547
v 0.190808803 0.581213176 0.044029251
vn 0.985934496 0.055212334 0.157749519
v 0.186894923 0.581213176 0.044029251
vn -0.983490050 0.000000000 -0.180962160
v 0.186894923 0.579256356 0.044029251
vn -0.740892828 -0.669956267 0.047291029
v 0.190808803 0.575342238 0.034244552
vn -0.007902978 -0.956260383 0.292410195
v 0.192765743 0.575342238 0.034244552
vn 0.707543671 -0.660374105 0.251571089
v 0.190808803 0.583170176 0.044029251
vn 0.688419521 0.720071077 -0.087041557
v 0.192765743 0.577299178 0.034244552
v 0.192765743 0.573385298 0.028373733
vn 0.584073067 -0.789287865 0.189429089
v 0.190808803 0.573385298 0.026416793
vn -0.566788614 -0.732101977 -0.377859116
v 0.192765743 0.573385298 0.026416793
vn 0.635827303 -0.769272506 -0.062797755
v 0.192765743 0.579256356 0.034244552
vn 0.740249276 0.653624356 -0.157499835
v 0.188851863 0.579256356 0.034244552
v 0.194722682 0.575342238 0.028373733
vn 0.994378924 -0.094702758 0.047351379
v 0.188851863 0.577299178 0.034244552
vn -0.917936563 0.360898137 -0.164757833
v 0.188851863 0.577299178 0.028373733
vn -0.615089178 0.678175211 -0.402173668
v 0.192765743 0.575342238 0.026416793
vn 0.472660780 0.590825975 -0.653847396
v 0.192765743 0.573385298 0.024459854
vn 0.378481120 -0.362711072 -0.851582527
v 0.188851863 0.575342238 0.026416793
vn -0.715095997 -0.102156565 -0.691521406
v 0.188851863 0.575342238 0.028373733
vn -0.448471427 -0.881207049 -0.149490491
v 0.186894923 0.575342238 0.034244552
vn -0.915459931 -0.394594789 0.078918964
f 4970//4871 4971//4872 4972//4873
f 4971//4872 4970//4871 4973//4874
f 4973//4874 4970//4871 4974//4875
f 4974//4875 4970//4871 4975//4876
f 4975//4876 4970//4871 4972//4873
f 4973//4874 4974//4875 4976//4877
f 4973//4874 4976//4877 4971//4872
f 4974//4875 4975//4876 4977//4878
f 4974//4875 4977//4878 4976//4877
f 4975//4876 4972//4873 4978//4879
f 4975//4876 4978//4879 4977//4878
f 4976//4877 4977//4878 4979//4880
f 4976//4877 4979//4880 4971//4872
f 4977//4878 4978//4879 4980//4881
f 4978//4879 4972//4873 4981//4882
f 4978//4879 4981//4882 4980//4881
f 4977//4878 4980//4881 4982//4883
f 4977//4878 4982//4883 4979//4880
f 4982//4883 4980//4881 4983//4884
f 4980//4881 4981//4882 4984//4885
f 4980//4881 4984//4885 4983//4884
f 4981//4882 4972//4873 4985//4886
f 4981//4882 4985//4886 4984//4885
f 4985//4886 4972//4873 4986//4887
f 4986//4887 4972//4873 4971//4872
f 4986//4887 4971//4872 4987//4888
f 4987//4888 4971//4872 4979//4880
f 4985//4886 4986//4887 4988//4889
f 4988//4889 4986//4887 4987//4888
f 4988//4889 4987//4888 4979//4880
f 4985//4886 4988//4889 4984//4885
f 4989//4890 4979//4880 4982//4883
f 4989//4890 4982//4883 4990//4891
f 4990//4891 4982//4883 4983//4884
f 4979//4880 4989//4890 4991//4892
f 4979//4880 4991//4892 4988//4889
f 4991//4892 4989//4890 4992//4893
f 4992//4893 4989//4890 4990//4891
f 4988//4889 4991//4892 4993//4894
f 4993//4894 4991//4892 4992//4893
f 4994//4895 4983//4884 4984//4885
f 4988//4889 4993//4894 4995//4896
f 4993//4894 4992//4893 4996//4897
f 4993//4894 4996//4897 4995//4896
f 4997//4898 4984//4885 4988//4889
f 4997//4898 4988//4889 4995//4896
f 4994//4895 4984//4885 4998//4899
f 4998//4899 4984//4885 4997//4898
f 4997//4898 4995//4896 4999//4900
f 4997//4898 4999//4900 4998//4899
f 4999//4900 4995//4896 4996//4897
f 4994//4895 4998//4899 5000//4901
f 4994//4895 5000//4901 4983//4884
f 4998//4899 4999//4900 5001//4902
f 4998//4899 5001//4902 5000//4901
f 5001//4902 4999//4900 5002//4903
f 4983//4884 5000//4901 5003//4904
f 4983//4884 5003//4904 4990//4891
f 5000//4901 5001//4902 5004//4905
f 5004//4905 5001//4902 5002//4903
f 5000//4901 5004//4905 5005//1207
f 5002//4903 4999//4900 5006//4906
f 5006//4906 4999//4900 4996//4897
f 5000//4901 5005//1207 5007//4907
f 5000//4901 5007//4907 5003//4904
f 5005//1207 5004//4905 5008//4908
f 5005//1207 5008//4908 5007//4907
f 5004//4905 5002//4903 5009//4909
f 5004//4905 5009//4909 5008//4908
f 5002//4903 5006//4906 5010//4910
f 5002//4903 5010//4910 5009//4909
f 5011//878 5006//4906 4996//4897
f 5006//4906 5011//878 5012//878
f 5006//4906 5012//878 5010//4910
f 5011//878 4996//4897 5013//4911
f 5011//878 5013//4911 5012//878
f 5013//4911 4996//4897 5014//4912
f 5014//4912 4996//4897 4992//4893
f 5014//4912 4992//4893 4990//4891
f 5014//4912 4990//4891 5015//4913
f 5014//4912 5015//4913 5013//4911
f 5015//4913 4990//4891 5003//4904
f 5015//4913 5003//4904 5016//4914
f 5015//4913 5016//4914 5013//4911
f 5016//4914 5003//4904 5007//4907
f 5017//4915 5012//878 5013//4911
f 5017//4915 5013//4911 5016//4914
f 5016//4914 5007//4907 5018//4916
f 5012//878 5017//4915 5019//878
f 5012//878 5019//878 5010//4910
f 5017//4915 5016//4914 5020//4917
f 5020//4917 5016//4914 5018//4916
f 5018//4916 5007//4907 5008//4908
f 5017//4915 5020//4917 5021//4918
f 5017//4915 5021//4918 5019//878
f 5020//4917 5018//4916 5022//4919
f 5020//4917 5022//4919 5021//4918
f 5018//4916 5008//4908 5023//4920
f 5018//4916 5023//4920 5022//4919
f 5023//4920 5008//4908 5024//4921
f 5022//4919 5023//4920 5025//4922
f 5025//4922 5023//4920 5024//4921
f 5021//4918 5022//4919 5026//4923
f 5026//4923 5022//4919 5025//4922
f 5027//4924 5019//878 5021//4918
f 5021//4918 5026//4923 5028//4925
f 5021//4918 5028//4925 5027//4924
f 5026//4923 5025//4922 5029//4926
f 5028//4925 5026//4923 5030//4927
f 5030//4927 5026//4923 5029//4926
f 5029//4926 5025//4922 5031//4928
f 5031//4928 5025//4922 5024//4921
f 5030//4927 5029//4926 5032//4929
f 5029//4926 5031//4928 5033//2945
f 5029//4926 5033//2945 5032//4929
f 5031//4928 5024//4921 5034//4930
f 5031//4928 5034//4930 5033//2945
f 5034//4930 5024//4921 5035//4931
f 5033//2945 5034//4930 5036//4932
f 5036//4932 5034//4930 5035//4931
f 5035//4931 5024//4921 5037//4933
f 5037//4933 5024//4921 5008//4908
f 5037//4933 5008//4908 5009//4909
f 5035//4931 5037//4933 5027//4924
f 5037//4933 5009//4909 5038//4934
f 5037//4933 5038//4934 5027//4924
f 5038//4934 5009//4909 5010//4910
f 5038//4934 5010//4910 5019//878
f 5038//4934 5019//878 5027//4924
f 5035//4931 5027//4924 5039//4935
f 5035//4931 5039//4935 5036//4932
f 5039//4935 5027//4924 5040//4936
f 5040//4936 5027//4924 5028//4925
f 5040//4936 5028//4925 5041//4937
f 5041//4937 5028//4925 5030//4927
f 5039//4935 5040//4936 5042//4938
f 5042//4938 5040//4936 5041//4937
f 5036//4932 5039//4935 5043//4939
f 5043//4939 5039//4935 5042//4938
f 5036//4932 5043//4939 5044//4940
f 5036//4932 5044//4940 5033//2945
f 5041//4937 5030//4927 5045//4941
f 5045//4941 5030//4927 5032//4929
f 5042//4938 5041//4937 5046//4942
f 5046//4942 5041//4937 5045//4941
f 5043//4939 5042//4938 5047//4943
f 5047//4943 5042//4938 5046//4942
f 5048//4944 5044//4940 5043//4939
f 5048//4944 5043//4939 5047//4943
f 5049//4945 5033//2945 5044//4940
f 5033//2945 5049//4945 5032//4929
f 5044//4940 5048//4944 5050//1838
f 5044//4940 5050//1838 5049//4945
f 5050//1838 5048//4944 5051//4946
f 5048//4944 5047//4943 5052//4947
f 5048//4944 5052//4947 5051//4946
f 5050//1838 5051//4946 5053//4948
f 5053//4948 5051//4946 5052//4947
f 5049//4945 5050//1838 5054//4949
f 5054//4949 5050//1838 5053//4948
f 5055//4879 5032//4929 5049//4945
f 5055//4879 5049//4945 5054//4949
f 5032//4929 5055//4879 5045//4941
f 5054//4949 5053//4948 5056//4950
f 5045//4941 5055//4879 5057//4951
f 5045//4941 5057//4951 5046//4942
f 5055//4879 5054//4949 5058//4952
f 5055//4879 5058//4952 5057//4951
f 5054//4949 5056//4950 5059//4953
f 5059//4953 5056//4950 5053//4948
f 5054//4949 5059//4953 5058//4952
f 5059//4953 5053//4948 5060//4954
f 5060//4954 5053//4948 5052//4947
f 5058//4952 5059//4953 5061//4955
f 5058//4952 5061//4955 5057//4951
f 5061//4955 5059//4953 5060//4954
f 5060//4954 5052//4947 5062//4956
f 5060//4954 5062//4956 5061//4955
f 5062//4956 5052//4947 5063//4957
f 5062//4956 5063//4957 5061//4955
f 5061//4955 5063//4957 5057//4951
f 5057//4951 5063//4957 5046//4942
f 5063//4957 5052//4947 5047//4943
f 5063//4957 5047//4943 5046//4942
o tripo_part_26
g tripo_part_26
usemtl mat_0
v 0.204507381 0.557730556 -0.047945969
vn 0.433487654 0.693580270 0.575356364
v 0.204507381 0.549902797 -0.040118210
vn 0.497344345 -0.836801589 0.228936270
v 0.206464320 0.549902797 -0.040118210
vn 0.581956029 -0.495449066 0.644870162
v 0.202550918 0.557730556 -0.047945969
vn 0.000000000 0.749147058 0.662403703
v 0.202550918 0.565558314 -0.057730667
vn 0.000000000 0.658504605 0.752576649
v 0.206464320 0.555773616 -0.049902909
vn 0.992988288 -0.094570316 0.070927732
v 0.204507381 0.565558314 -0.057730667
vn 0.165354326 0.614173234 0.771653533
v 0.202550918 0.575343013 -0.063601486
vn 0.000000000 0.440903872 0.897554338
v 0.204507381 0.575343013 -0.063601486
vn 0.220356375 0.464322329 0.857815862
v 0.200593978 0.585127711 -0.067514889
vn 0.236653715 0.386534393 0.891395628
v 0.208421260 0.563601375 -0.057730667
vn 0.811224878 0.267782986 0.519814014
v 0.204507381 0.587084651 -0.069472067
vn 0.339743197 0.339743197 0.877011538
v 0.200593978 0.596868396 -0.071428888
v 0.210378200 0.573386073 -0.065557949
vn 0.864428461 0.212177902 0.455789566
v 0.208421260 0.561644435 -0.059687607
vn 0.819914997 -0.528214455 -0.220746353
v 0.202550918 0.596868396 -0.071428888
vn 0.244747862 0.165796936 0.955306172
v 0.198637038 0.610567451 -0.071428888
vn 0.426467955 0.086873099 0.900321186
v 0.210378200 0.585127711 -0.071428888
vn 0.848947525 0.204376251 0.487358779
v 0.210378200 0.571429133 -0.069472067
vn 0.915174901 -0.307688117 -0.260351479
v 0.206464320 0.561644435 -0.061644547
vn 0.596193075 -0.666794837 -0.447144777
v 0.204507381 0.553816676 -0.051859848
vn 0.447089761 -0.800055385 -0.400027692
v 0.210378200 0.596868396 -0.075342886
v 0.200593978 0.547945857 -0.040118210
v 0.200593978 0.549902797 -0.040118210
vn -0.615031838 0.000000000 0.788502336
v 0.196679980 0.553816676 -0.049902909
vn -0.322494954 -0.857364655 -0.401152253
v 0.200593978 0.553816676 -0.051859848
vn -0.086587340 -0.889488101 -0.448679835
v 0.204507381 0.559687495 -0.061644547
vn 0.401015759 -0.770579338 -0.495372444
v 0.198637038 0.559687495 -0.063601486
vn -0.197211444 -0.804622710 -0.560080469
v 0.194723040 0.561644435 -0.061644547
vn -0.815567136 -0.517571449 -0.258785725
v 0.194723040 0.561644435 -0.059687607
vn -0.963171303 -0.268424779 -0.015789693
v 0.206464320 0.569472194 -0.073385887
vn 0.393603176 -0.621893048 -0.676997483
v 0.204507381 0.569472194 -0.073385887
vn 0.047344007 -0.694378734 -0.718050718
v 0.196679980 0.569472194 -0.073385887
vn -0.172992557 -0.723423421 -0.668380260
v 0.192765981 0.569472194 -0.071428888
vn -0.575517297 -0.678006589 -0.457260311
v 0.190809280 0.571429133 -0.069472067
vn -0.821858406 -0.521564007 -0.229172066
v 0.206464320 0.581213832 -0.081213944
vn 0.764300942 -0.291537493 -0.575195611
v 0.204507381 0.579256892 -0.083170883
vn 0.442649722 -0.490076482 -0.750923634
v 0.194723040 0.579256892 -0.083170883
vn -0.220581874 -0.575088501 -0.787792385
v 0.188852340 0.579256892 -0.079256527
vn -0.828623295 -0.426149130 -0.363015920
v 0.188852340 0.581213832 -0.077299587
vn -0.988520741 -0.110714324 0.102806151
v 0.210378200 0.583170772 -0.077299587
vn 0.924331009 -0.173805833 -0.339711398
v 0.204507381 0.592954516 -0.087084763
vn 0.655578792 -0.205362037 -0.726665676
v 0.202550918 0.592954516 -0.089041702
vn 0.400274009 -0.259000838 -0.879033148
v 0.210378200 0.594911456 -0.083170883
vn 0.890537143 -0.110332035 -0.441328138
v 0.192765981 0.590998530 -0.089041702
vn -0.236396417 -0.370354384 -0.898306370
v 0.200593978 0.606653571 -0.092955582
vn 0.251937270 -0.118095599 -0.960510850
v 0.204507381 0.608610511 -0.090998642
vn 0.654009819 -0.007879636 -0.756445110
v 0.208421260 0.608610511 -0.085127823
vn 0.943712413 0.102235503 -0.314570785
v 0.208421260 0.610567451 -0.077299587
vn 0.883177519 0.134053722 0.449474245
v 0.202550918 0.624266505 -0.090998642
vn 0.644332409 0.125723392 -0.754340351
v 0.198637038 0.624266505 -0.092955582
vn 0.228452727 0.094532169 -0.968954682
v 0.206464320 0.624266505 -0.085127823
vn 0.943479061 0.125797197 -0.306630701
v 0.202550918 0.610567451 -0.073385887
vn 0.504061997 0.094511628 0.858480632
v 0.196679980 0.624266505 -0.071428888
vn 0.447213650 0.000000000 0.894427299
v 0.206464320 0.626223445 -0.077299587
vn 0.880118132 0.102156565 0.463633627
v 0.200593978 0.624266505 -0.073385887
vn 0.502505839 0.039258271 0.863681972
v 0.194723040 0.641878963 -0.069472067
v 0.204507381 0.643835902 -0.083170883
vn 0.920746207 0.291176170 -0.259697646
v 0.202550918 0.643835902 -0.075342886
vn 0.804572642 0.173535272 0.567933559
v 0.196679980 0.641878963 -0.071428888
vn 0.622162998 0.070879325 0.779672623
v 0.188852340 0.659491420 -0.067514889
vn 0.164940685 -0.094251826 0.981789827
v 0.198637038 0.643835902 -0.089041702
vn 0.520865142 0.284108251 -0.804973423
v 0.196679980 0.663405299 -0.079256527
vn 0.833689988 0.448304981 -0.322465003
v 0.196679980 0.663405299 -0.073385887
vn 0.866894543 0.315234393 0.386162102
v 0.190809280 0.661448359 -0.067514889
vn 0.418231398 0.039455794 0.907483220
v 0.181024104 0.681013942 -0.065557949
vn 0.513309002 0.150044173 0.844985604
v 0.177111179 0.679060817 -0.063601486
vn 0.417504072 0.070896916 0.905905008
v 0.184937984 0.682974696 -0.069472067
vn 0.802552819 0.393408239 0.448485374
v 0.184937984 0.682974696 -0.075342886
vn 0.755624473 0.550976157 -0.354198962
v 0.190809280 0.663405299 -0.085127823
vn 0.456071258 0.416754782 -0.786329746
v 0.181024104 0.681013942 -0.079256527
vn 0.425315559 0.472572863 -0.771868944
v 0.194723040 0.641878963 -0.090998642
vn 0.086496279 0.204445735 -0.975048900
v 0.186894923 0.661448359 -0.087084763
vn -0.078684077 0.204578593 -0.975682557
v 0.177111179 0.681013942 -0.081213944
vn -0.117655210 0.235310420 -0.964772701
v 0.179068118 0.661448359 -0.083170883
vn -0.401462853 0.070846379 -0.913131177
v 0.169283420 0.679060817 -0.077299587
vn -0.455494255 0.070680141 -0.887428463
v 0.173197299 0.659491420 -0.081213944
vn -0.747799754 -0.118073650 -0.653340816
v 0.165369540 0.677100062 -0.075342886
vn -0.856305659 -0.227824435 -0.463504881
v 0.165369540 0.677100062 -0.071428888
vn -0.919295549 -0.392861336 -0.023571681
v 0.173197299 0.657534480 -0.077299587
vn -0.942663670 -0.298510164 -0.149255082
v 0.179068118 0.639922023 -0.081213944
vn -0.978686512 -0.205208451 -0.007892633
v 0.179068118 0.639922023 -0.085127823
vn -0.855066359 -0.094135739 -0.509901941
v 0.181024104 0.622309566 -0.083170883
vn -0.893287659 -0.181819618 -0.411070406
v 0.184937984 0.641878963 -0.089041702
vn -0.393067688 0.117920309 -0.911917031
v 0.182981044 0.622309566 -0.087084763
vn -0.804472446 -0.110417791 -0.583636940
v 0.184937984 0.606653571 -0.083170883
vn -0.989186585 -0.141312361 -0.039253436
v 0.188852340 0.622309566 -0.092955582
vn -0.386282116 0.007883308 -0.922347069
v 0.184937984 0.606653571 -0.087084763
vn -0.911917031 -0.141504362 -0.385206342
v 0.186894923 0.592954516 -0.081213944
vn -0.990530550 -0.125781655 0.055029478
v 0.190809280 0.606653571 -0.092955582
vn -0.355722934 -0.134384215 -0.924879611
v 0.186894923 0.590998530 -0.085127823
vn -0.856332064 -0.282825261 -0.432094157
f 5064//4958 5065//4959 5066//4960
f 5065//4959 5064//4958 5067//4961
f 5067//4961 5064//4958 5068//4962
f 5066//4960 5065//4959 5069//4963
f 5066//4960 5069//4963 5064//4958
f 5068//4962 5064//4958 5070//4964
f 5070//4964 5064//4958 5069//4963
f 5068//4962 5070//4964 5071//4965
f 5071//4965 5070//4964 5072//4966
f 5071//4965 5072//4966 5073//4967
f 5072//4966 5070//4964 5074//4968
f 5074//4968 5070//4964 5069//4963
f 5073//4967 5072//4966 5075//4969
f 5073//4967 5075//4969 5076//4702
f 5072//4966 5074//4968 5077//4970
f 5072//4966 5077//4970 5075//4969
f 5074//4968 5069//4963 5078//4971
f 5074//4968 5078//4971 5077//4970
f 5076//4702 5075//4969 5079//4972
f 5076//4702 5079//4972 5080//4973
f 5075//4969 5077//4970 5081//4974
f 5077//4970 5078//4971 5082//4975
f 5077//4970 5082//4975 5081//4974
f 5078//4971 5069//4963 5083//4976
f 5078//4971 5083//4976 5082//4975
f 5083//4976 5069//4963 5084//4977
f 5084//4977 5069//4963 5065//4959
f 5075//4969 5081//4974 5085//160
f 5075//4969 5085//160 5079//4972
f 5084//4977 5065//4959 5086//4824
f 5086//4824 5065//4959 5087//4978
f 5086//4824 5087//4978 5088//4979
f 5084//4977 5086//4824 5089//4980
f 5089//4980 5086//4824 5088//4979
f 5084//4977 5089//4980 5090//4981
f 5084//4977 5090//4981 5083//4976
f 5089//4980 5088//4979 5091//4982
f 5089//4980 5091//4982 5090//4981
f 5091//4982 5088//4979 5092//4983
f 5092//4983 5088//4979 5093//4984
f 5083//4976 5090//4981 5094//4985
f 5083//4976 5094//4985 5082//4975
f 5090//4981 5091//4982 5095//4986
f 5090//4981 5095//4986 5094//4985
f 5091//4982 5092//4983 5096//4987
f 5091//4982 5096//4987 5095//4986
f 5092//4983 5093//4984 5097//4988
f 5092//4983 5097//4988 5096//4987
f 5097//4988 5093//4984 5098//4989
f 5094//4985 5095//4986 5099//4990
f 5094//4985 5099//4990 5082//4975
f 5095//4986 5096//4987 5100//4991
f 5095//4986 5100//4991 5099//4990
f 5096//4987 5097//4988 5101//4992
f 5096//4987 5101//4992 5100//4991
f 5097//4988 5098//4989 5102//4993
f 5097//4988 5102//4993 5101//4992
f 5102//4993 5098//4989 5103//4994
f 5104//4995 5082//4975 5099//4990
f 5082//4975 5104//4995 5081//4974
f 5105//4996 5099//4990 5100//4991
f 5099//4990 5105//4996 5104//4995
f 5106//4997 5100//4991 5101//4992
f 5100//4991 5106//4997 5105//4996
f 5081//4974 5104//4995 5107//4998
f 5107//4998 5104//4995 5105//4996
f 5081//4974 5107//4998 5085//160
f 5106//4997 5101//4992 5108//4999
f 5108//4999 5101//4992 5102//4993
f 5105//4996 5106//4997 5109//5000
f 5109//5000 5106//4997 5108//4999
f 5107//4998 5105//4996 5110//5001
f 5110//5001 5105//4996 5109//5000
f 5085//160 5107//4998 5111//5002
f 5111//5002 5107//4998 5110//5001
f 5085//160 5111//5002 5112//5003
f 5085//160 5112//5003 5079//4972
f 5111//5002 5110//5001 5113//5004
f 5110//5001 5109//5000 5114//5005
f 5110//5001 5114//5005 5113//5004
f 5112//5003 5111//5002 5115//5006
f 5115//5006 5111//5002 5113//5004
f 5079//4972 5112//5003 5116//5007
f 5079//4972 5116//5007 5080//4973
f 5080//4973 5116//5007 5117//5008
f 5116//5007 5112//5003 5118//5009
f 5118//5009 5112//5003 5115//5006
f 5117//5008 5116//5007 5119//5010
f 5119//5010 5116//5007 5118//5009
f 5117//5008 5119//5010 5120//487
f 5118//5009 5115//5006 5121//5011
f 5121//5011 5115//5006 5113//5004
f 5119//5010 5118//5009 5122//5012
f 5122//5012 5118//5009 5121//5011
f 5120//487 5119//5010 5123//5013
f 5123//5013 5119//5010 5122//5012
f 5120//487 5123//5013 5124//5014
f 5121//5011 5113//5004 5125//5015
f 5122//5012 5121//5011 5126//5016
f 5126//5016 5121//5011 5125//5015
f 5125//5015 5113//5004 5114//5005
f 5123//5013 5122//5012 5127//5017
f 5127//5017 5122//5012 5126//5016
f 5124//5014 5123//5013 5128//5018
f 5128//5018 5123//5013 5127//5017
f 5124//5014 5128//5018 5129//5019
f 5124//5014 5129//5019 5130//5020
f 5129//5019 5128//5018 5131//5021
f 5131//5021 5128//5018 5127//5017
f 5131//5021 5127//5017 5126//5016
f 5131//5021 5126//5016 5132//5022
f 5132//5022 5126//5016 5133//5023
f 5133//5023 5126//5016 5125//5015
f 5132//5022 5133//5023 5134//5024
f 5133//5023 5125//5015 5135//5025
f 5135//5025 5125//5015 5114//5005
f 5134//5024 5133//5023 5136//5026
f 5136//5026 5133//5023 5135//5025
f 5134//5024 5136//5026 5137//5027
f 5137//5027 5136//5026 5138//5028
f 5138//5028 5136//5026 5135//5025
f 5137//5027 5138//5028 5139//5029
f 5139//5029 5138//5028 5140//5030
f 5139//5029 5140//5030 5141//5031
f 5141//5031 5140//5030 5142//5032
f 5142//5032 5140//5030 5143//5033
f 5143//5033 5140//5030 5144//5034
f 5144//5034 5140//5030 5145//5035
f 5145//5035 5140//5030 5138//5028
f 5144//5034 5145//5035 5146//5036
f 5145//5035 5138//5028 5147//5037
f 5147//5037 5138//5028 5135//5025
f 5146//5036 5145//5035 5148//5038
f 5148//5038 5145//5035 5147//5037
f 5146//5036 5148//5038 5149//5039
f 5147//5037 5135//5025 5150//5040
f 5147//5037 5150//5040 5148//5038
f 5150//5040 5135//5025 5114//5005
f 5149//5039 5148//5038 5151//5041
f 5151//5041 5148//5038 5150//5040
f 5149//5039 5151//5041 5152//5042
f 5150//5040 5114//5005 5153//5043
f 5150//5040 5153//5043 5151//5041
f 5153//5043 5114//5005 5109//5000
f 5153//5043 5109//5000 5108//4999
f 5151//5041 5153//5043 5154//5044
f 5154//5044 5153//5043 5108//4999
f 5151//5041 5154//5044 5152//5042
f 5154//5044 5108//4999 5102//4993
f 5152//5042 5154//5044 5103//4994
f 5103//4994 5154//5044 5102//4993
o tripo_part_27
g tripo_part_27
usemtl mat_0
v -0.010752834 0.416824639 0.002934977
vn 0.117760301 0.942082405 0.314027458
v 0.006855808 0.412918389 0.002934977
vn 0.361790001 -0.401114970 0.841554999
v 0.018597446 0.412918389 0.000978038
vn 0.888662577 -0.235928133 0.393213540
v 0.016644321 0.418793023 -0.014677480
vn 0.945732594 0.204908714 -0.252195328
v -0.004885830 0.412918389 0.008805797
vn 0.331408024 0.228829354 0.915317416
v -0.042067684 0.416824639 0.014678523
vn 0.252164036 0.267924279 0.929854870
v -0.006838955 0.408996880 0.006848857
vn 0.102397136 -0.929450929 0.354451627
v -0.044024624 0.426620781 -0.040117696
vn 0.393603176 0.621893048 -0.676997483
v 0.018597446 0.412918389 -0.004892781
vn 0.935935080 -0.306735039 0.173030019
v 0.004902683 0.412918389 -0.002935842
vn 0.086394839 -0.966051340 -0.243476361
v -0.010752834 0.412918389 -0.006849721
vn -0.031445414 -0.990530550 -0.133643001
v -0.012713589 0.412918389 -0.014677480
vn 0.007873772 -0.999969006 0.000000000
v -0.049895443 0.422699273 -0.010763600
vn -0.308119953 -0.948061347 0.079005115
v -0.051852383 0.416824639 -0.024462178
vn -0.284170181 -0.884085059 0.370999992
v -0.044024624 0.412918389 0.012721583
vn -0.189311221 -0.899228215 0.394398361
v -0.008799709 0.412918389 -0.020548299
vn 0.078564994 -0.989919007 0.117847502
v 0.002941929 0.412918389 -0.028376058
vn 0.606449664 -0.441054255 -0.661581397
v -0.047938503 0.408996880 -0.038160756
vn -0.071069121 -0.916002095 -0.394828498
v -0.044024624 0.420746148 -0.040117696
vn 0.220609263 -0.110304631 -0.969105005
v -0.089034237 0.444229424 -0.049902394
vn 0.569049954 0.671795070 -0.474208325
v -0.089034237 0.438354790 -0.053818181
vn 0.236956209 0.000000000 -0.971520424
v -0.096861996 0.430527031 -0.049902394
vn -0.299892038 -0.741838157 -0.599784076
v -0.083163418 0.450104058 0.016635463
vn 0.449642092 0.552192032 0.702072740
v -0.134043843 0.485321343 -0.059689000
vn 0.842885613 0.512033284 -0.165426135
v -0.134043843 0.483368218 -0.065559819
vn 0.512033284 0.165426135 -0.842885613
v -0.087077297 0.436401665 0.016635463
vn -0.212690756 -0.275710225 0.937414765
v -0.126216084 0.493149102 0.018592402
vn 0.550226748 0.322275668 0.770317495
v -0.134043843 0.481407464 0.016635463
vn -0.583836675 -0.457601696 0.670623183
v -0.090991177 0.432480156 0.012721583
vn -0.527788222 -0.748356402 0.401749253
v -0.137957722 0.483368218 0.000978038
vn -0.801066339 -0.565458596 0.196339801
v -0.094905056 0.438354790 -0.014677480
vn -0.535366714 -0.810923159 0.236191228
v -0.100775875 0.428573906 -0.034246877
vn -0.480598181 -0.866652429 0.133937180
v -0.143832356 0.481407464 -0.020548299
vn -0.772924542 -0.520541012 0.362801313
v -0.171229511 0.555773079 0.006848857
vn -0.918021262 -0.180465728 0.353085130
v -0.145785481 0.475540459 -0.063602880
vn -0.480881780 -0.480881780 -0.733147621
v -0.151660115 0.471626580 -0.044031575
vn -0.800992250 -0.596817791 0.047117196
v -0.175143391 0.553816140 -0.024462178
vn -0.960243046 -0.181029424 0.212512806
v -0.182971150 0.549902260 -0.053818181
vn -0.980550528 -0.196110100 -0.007844404
v -0.163401753 0.555773079 -0.077301458
vn 0.408853501 -0.031450272 -0.912057877
v -0.177096516 0.551859200 -0.075344518
vn -0.654803097 -0.181451455 -0.733695030
v -0.182971150 0.641876519 -0.057732061
vn -0.975622237 0.212433875 -0.055075448
v -0.175143391 0.643837273 -0.024462178
vn -0.953406394 0.228502348 0.196984783
v -0.175143391 0.643837273 -0.079258397
vn -0.643597662 0.172672555 -0.745631456
v -0.139918476 0.729934931 -0.051859334
vn -0.763093829 0.645089626 -0.039334733
v -0.159487873 0.641876519 -0.081215337
vn 0.322315484 -0.078613535 -0.943362474
v -0.159487873 0.555773079 -0.069473699
vn 0.947943091 0.126392409 -0.292282462
v -0.149699360 0.561643898 0.022506282
vn 0.582586944 0.055109575 0.810898006
v -0.163401753 0.557730019 0.018592402
vn -0.597075582 -0.117843866 0.793481946
v -0.161440998 0.643837273 0.020549342
vn -0.682925582 0.109896071 0.722174227
v -0.169268757 0.643837273 0.004891917
vn -0.935501039 0.188672483 0.298731446
v -0.134043843 0.727981806 -0.020548299
vn -0.770579338 0.636907399 -0.023589164
v -0.137957722 0.737762690 0.008805797
vn -0.731648684 0.645109594 0.220281333
v -0.147746235 0.641876519 0.026420161
vn 0.480076939 -0.141662031 0.865712523
v -0.126216084 0.726028681 0.024463221
vn -0.369301081 0.298583865 0.880036652
v -0.155573994 0.639923394 -0.075344518
vn 0.904027700 -0.227972209 -0.361611098
v -0.114474453 0.714279413 0.026420161
vn 0.440780997 -0.401425540 0.802851081
v -0.118388332 0.716247797 -0.071430638
vn 0.723177552 -0.518801272 -0.455916256
v -0.122302212 0.722107172 -0.077301458
vn 0.157990500 0.000000000 -0.987440705
v -0.038153805 0.776901484 -0.059689000
vn 0.354198992 -0.755624592 -0.550976217
v -0.134043843 0.727981806 -0.073387578
vn -0.537553608 0.529648423 -0.656131625
v -0.038153805 0.782776117 -0.063602880
vn 0.251462311 -0.180738539 -0.950841904
v -0.040110745 0.792557001 -0.063602880
vn -0.007852139 0.730248988 -0.683136106
v -0.045981564 0.794525385 -0.040117696
v 0.038166843 0.776901484 -0.040117696
vn 0.511399031 0.558605075 -0.653017223
v 0.034252964 0.769073725 -0.042074636
vn -0.007872797 -0.763661265 -0.645569265
v -0.042067684 0.782776117 -0.012720540
vn -0.212099329 0.974085748 0.078555301
v 0.036213718 0.780822992 -0.026419118
vn 0.360543221 0.932709575 0.007837896
v 0.092961155 0.741684198 -0.000978902
vn 0.882985413 -0.465144098 0.063070387
v 0.032299839 0.771042109 -0.040117696
vn -0.290977985 -0.943712413 0.157285392
v 0.026425205 0.778869867 -0.002935842
vn 0.236837998 0.971035779 -0.031578399
v 0.030339085 0.765167475 0.024463221
vn 0.031394042 -0.682820380 0.729911447
v -0.034239925 0.763214350 0.026420161
vn 0.172773689 -0.604707897 0.777481556
v 0.034252964 0.774948359 0.024463221
vn 0.268140823 0.402211249 0.875400960
v 0.036213718 0.780822992 0.016635463
vn 0.371034652 0.899956405 0.228936270
v -0.038153805 0.776901484 0.024463221
vn -0.118308455 0.496895492 0.859708071
v -0.042067684 0.788650751 0.010764644
vn -0.204902351 0.953584015 0.220664069
f 5155//5045 5156//5046 5157//5047
f 5155//5045 5157//5047 5158//5048
f 5158//5048 5157//5047 5156//5046
f 5156//5046 5155//5045 5159//5049
f 5159//5049 5155//5045 5160//5050
f 5156//5046 5159//5049 5161//5051
f 5161//5051 5159//5049 5160//5050
f 5160//5050 5155//5045 5162//5052
f 5162//5052 5155//5045 5158//5048
f 5158//5048 5156//5046 5163//5053
f 5163//5053 5156//5046 5164//5054
f 5163//5053 5164//5054 5158//5048
f 5164//5054 5156//5046 5161//5051
f 5164//5054 5161//5051 5165//5055
f 5164//5054 5165//5055 5158//5048
f 5158//5048 5165//5055 5166//5056
f 5165//5055 5161//5051 5167//5057
f 5166//5056 5165//5055 5168//5058
f 5168//5058 5165//5055 5167//5057
f 5167//5057 5161//5051 5169//5059
f 5169//5059 5161//5051 5160//5050
f 5158//5048 5166//5056 5170//5060
f 5170//5060 5166//5056 5168//5058
f 5158//5048 5170//5060 5171//5061
f 5158//5048 5171//5061 5162//5052
f 5171//5061 5170//5060 5172//5062
f 5172//5062 5170//5060 5168//5058
f 5162//5052 5171//5061 5173//5063
f 5173//5063 5171//5061 5172//5062
f 5162//5052 5173//5063 5174//5064
f 5173//5063 5172//5062 5175//5065
f 5173//5063 5175//5065 5174//5064
f 5172//5062 5168//5058 5176//5066
f 5172//5062 5176//5066 5175//5065
f 5162//5052 5174//5064 5177//5067
f 5162//5052 5177//5067 5160//5050
f 5174//5064 5175//5065 5178//5068
f 5175//5065 5176//5066 5179//5069
f 5175//5065 5179//5069 5178//5068
f 5160//5050 5177//5067 5180//5070
f 5160//5050 5180//5070 5169//5059
f 5177//5067 5174//5064 5181//5071
f 5181//5071 5174//5064 5178//5068
f 5180//5070 5177//5067 5182//5072
f 5182//5072 5177//5067 5181//5071
f 5169//5059 5180//5070 5183//5073
f 5169//5059 5183//5073 5167//5057
f 5180//5070 5182//5072 5184//5074
f 5180//5070 5184//5074 5183//5073
f 5167//5057 5183//5073 5185//5075
f 5185//5075 5183//5073 5184//5074
f 5167//5057 5185//5075 5168//5058
f 5168//5058 5185//5075 5186//5076
f 5168//5058 5186//5076 5176//5066
f 5185//5075 5184//5074 5187//5077
f 5185//5075 5187//5077 5186//5076
f 5188//5078 5184//5074 5182//5072
f 5184//5074 5188//5078 5187//5077
f 5176//5066 5186//5076 5189//5079
f 5176//5066 5189//5079 5179//5069
f 5186//5076 5187//5077 5190//5080
f 5186//5076 5190//5080 5189//5079
f 5190//5080 5187//5077 5191//5081
f 5191//5081 5187//5077 5188//5078
f 5190//5080 5191//5081 5192//5082
f 5179//5069 5189//5079 5193//5083
f 5189//5079 5190//5080 5194//5084
f 5194//5084 5190//5080 5192//5082
f 5189//5079 5194//5084 5193//5083
f 5179//5069 5193//5083 5178//5068
f 5192//5082 5191//5081 5195//5085
f 5192//5082 5195//5085 5194//5084
f 5195//5085 5191//5081 5196//5086
f 5196//5086 5191//5081 5188//5078
f 5194//5084 5195//5085 5197//5087
f 5194//5084 5197//5087 5193//5083
f 5195//5085 5196//5086 5198//5088
f 5195//5085 5198//5088 5197//5087
f 5193//5083 5197//5087 5199//5089
f 5200//5090 5178//5068 5193//5083
f 5200//5090 5193//5083 5199//5089
f 5178//5068 5200//5090 5201//5091
f 5178//5068 5201//5091 5181//5071
f 5181//5071 5201//5091 5202//5092
f 5181//5071 5202//5092 5182//5072
f 5182//5072 5202//5092 5188//5078
f 5202//5092 5201//5091 5203//5093
f 5188//5078 5202//5092 5204//5094
f 5188//5078 5204//5094 5196//5086
f 5204//5094 5202//5092 5203//5093
f 5196//5086 5204//5094 5205//5095
f 5196//5086 5205//5095 5198//5088
f 5205//5095 5204//5094 5206//5096
f 5206//5096 5204//5094 5203//5093
f 5207//5097 5203//5093 5201//5091
f 5207//5097 5201//5091 5200//5090
f 5206//5096 5203//5093 5208//5098
f 5207//5097 5200//5090 5209//5099
f 5203//5093 5207//5097 5210//5100
f 5210//5100 5207//5097 5209//5099
f 5203//5093 5210//5100 5208//5098
f 5209//5099 5200//5090 5199//5089
f 5209//5099 5199//5089 5211//5101
f 5209//5099 5211//5101 5210//5100
f 5211//5101 5199//5089 5212//5102
f 5210//5100 5211//5101 5213//5103
f 5213//5103 5211//5101 5212//5102
f 5212//5102 5199//5089 5214//5104
f 5214//5104 5199//5089 5197//5087
f 5214//5104 5197//5087 5198//5088
f 5212//5102 5214//5104 5215//5105
f 5212//5102 5215//5105 5213//5103
f 5214//5104 5198//5088 5216//5106
f 5214//5104 5216//5106 5215//5105
f 5216//5106 5198//5088 5217//2778
f 5217//2778 5198//5088 5205//5095
f 5215//5105 5216//5106 5218//5107
f 5218//5107 5216//5106 5217//2778
f 5215//5105 5218//5107 5219//5108
f 5217//2778 5205//5095 5220//5109
f 5220//5109 5205//5095 5206//5096
f 5218//5107 5217//2778 5221//5110
f 5221//5110 5217//2778 5220//5109
f 5219//5108 5218//5107 5222//5111
f 5222//5111 5218//5107 5221//5110
f 5215//5105 5219//5108 5223//5112
f 5215//5105 5223//5112 5213//5103
f 5223//5112 5219//5108 5222//5111
f 5221//5110 5220//5109 5224//5113
f 5221//5110 5224//5113 5222//5111
f 5223//5112 5222//5111 5225//5114
f 5213//5103 5223//5112 5226//5115
f 5226//5115 5223//5112 5225//5114
f 5213//5103 5226//5115 5210//5100
f 5225//5114 5222//5111 5227//5116
f 5225//5114 5227//5116 5226//5115
f 5222//5111 5224//5113 5228//5117
f 5222//5111 5228//5117 5227//5116
f 5210//5100 5226//5115 5229//5118
f 5229//5118 5226//5115 5227//5116
f 5229//5118 5227//5116 5228//5117
f 5210//5100 5229//5118 5208//5098
f 5228//5117 5224//5113 5230//5119
f 5228//5117 5230//5119 5229//5118
f 5229//5118 5230//5119 5208//5098
f 5230//5119 5224//5113 5220//5109
f 5208//5098 5230//5119 5206//5096
f 5206//5096 5230//5119 5220//5109
o tripo_part_28
g tripo_part_28
usemtl mat_0
v 0.040124245 0.383560658 0.098826744
vn -0.102473453 0.993204236 0.055178016
v 0.067521401 0.379646778 0.098826744
vn 0.219826013 0.973515213 0.062807433
v 0.047952004 0.385517597 0.077300407
vn -0.047155008 0.982396007 0.180760875
v 0.075349160 0.377689838 0.077300407
vn 0.527673602 0.811199784 0.252023220
v 0.024468727 0.375732899 0.077300407
vn -0.519491851 0.732011259 0.440780997
v 0.047952004 0.387474537 0.071429588
vn -0.031430848 0.958640933 0.282877624
v 0.077306099 0.379646778 0.069472648
vn 0.613868892 0.739790678 0.275453955
v 0.087092705 0.352250576 0.075343467
vn 0.750033796 0.260538042 0.607922137
v 0.018597908 0.377689838 0.069472648
vn -0.647115290 0.615548730 0.449824065
v 0.045995064 0.393345356 0.047944404
vn 0.023644049 0.969406009 0.244321838
v 0.008811302 0.350293636 0.069472648
vn -0.858374238 0.157499850 0.488249570
v 0.014682122 0.350293636 0.075343467
vn -0.667864263 0.141430080 0.730722129
v 0.010768242 0.315067768 0.075343467
vn -0.722285390 -0.031403713 0.690881729
v 0.022511788 0.320938587 0.079257347
vn -0.313631445 0.039203931 0.948735178
v -0.000973396 0.352250576 0.038160183
vn -0.969406009 0.165508330 0.181271031
v 0.051865883 0.307240009 0.089042045
vn -0.023613265 0.440780938 0.897304058
v 0.051865883 0.309196949 0.085128166
vn 0.000000000 0.894427299 0.447213650
v -0.000973396 0.318981647 0.038160183
vn -0.984099448 -0.039363977 0.173201501
v 0.081221886 0.320938587 0.079257347
vn 0.313525468 0.047028821 0.948414564
v 0.002940483 0.283756733 0.042073585
vn -0.972005606 0.079024844 0.221269563
v 0.092963524 0.317024708 0.075343467
vn 0.669021785 0.070837595 0.739859402
v 0.016640969 0.285713673 0.077300407
vn -0.697594166 0.125410184 0.705432296
v 0.049908943 0.283756733 0.092955925
vn -0.055307027 0.229129106 0.971823514
v -0.000973396 0.283756733 -0.000977181
vn -0.996423304 0.031383410 0.078458525
v -0.002930336 0.318981647 -0.000977181
vn -0.999225974 -0.023603763 0.031471685
v -0.006844215 0.246574879 0.042073585
vn -0.941879213 0.266865760 0.204073802
v -0.002930336 0.352250576 -0.000977181
v -0.000973396 0.352250576 -0.040119790
vn -0.988851488 0.141264483 -0.047088169
v 0.006854363 0.385517597 -0.000977181
vn -0.867514372 0.496849149 0.023659483
v 0.012725182 0.387474537 0.040116645
vn -0.677333355 0.685209334 0.267782956
v 0.024468727 0.397259235 0.026418544
vn -0.662341952 0.567721665 0.488871455
v 0.016640969 0.397259235 -0.000977181
vn -0.931708038 0.363208234 0.000000000
v 0.024468727 0.397259235 -0.028374337
vn -0.817884088 0.102235511 -0.566227436
v 0.016640969 0.409004688 -0.000977181
vn -0.995495498 0.094809093 0.000000000
v 0.024468727 0.409004688 -0.028374337
vn -0.739721954 0.125910118 -0.661028087
v 0.044038124 0.407043934 -0.036205910
vn -0.015693637 0.149089560 -0.988699138
v 0.044038124 0.418785572 -0.034245156
vn 0.031502899 0.511922121 -0.858454049
v 0.061650582 0.416832447 -0.026417397
vn 0.647377372 0.489480495 -0.584218681
v 0.063607521 0.405090809 -0.028374337
vn 0.820220947 0.149848074 -0.552071810
v 0.026425667 0.418785572 -0.026417397
vn -0.630468786 0.512255847 -0.583183646
v 0.044038124 0.426613331 -0.022503518
vn 0.062929735 0.936079741 -0.346113533
v 0.018597908 0.420746326 -0.000977181
vn -0.867757320 0.496988297 0.000000000
v 0.032296486 0.426613331 -0.018589638
vn -0.291410893 0.913612485 -0.283534914
v 0.026425667 0.426613331 -0.000977181
vn -0.376786530 0.926266909 0.007849719
v 0.044038124 0.426613331 -0.000977181
vn 0.062867522 0.998021960 0.000000000
v 0.055779763 0.424660206 -0.018589638
vn 0.393651962 0.881780446 -0.259810299
v 0.032296486 0.426613331 0.014676429
vn -0.291293472 0.928989947 0.228311092
v 0.061650582 0.424660206 -0.000977181
vn 0.487645119 0.873042047 0.000000000
v 0.026425667 0.418785572 0.024461605
vn -0.628190517 0.526109517 0.573223829
v 0.044038124 0.426613331 0.020547248
vn 0.047238238 0.936891675 0.346413761
v 0.055779763 0.424660206 0.016633369
vn 0.393651962 0.881780446 0.259810299
v 0.071435280 0.414871693 -0.000977181
vn 0.897554338 0.440903872 0.000000000
v 0.061650582 0.416832447 0.024461605
vn 0.647377372 0.489480495 0.584218681
v 0.044038124 0.418785572 0.032289244
vn 0.031502899 0.511922121 0.858454049
v 0.073392220 0.405090809 -0.000977181
vn 0.994719684 0.102629803 0.000000000
v 0.024468727 0.409004688 0.026418544
vn -0.739721954 0.125910118 0.661028087
v 0.044038124 0.407043934 0.034246303
vn 0.015687361 0.086280487 0.996147394
v 0.044038124 0.395302296 0.034246303
vn 0.078613535 0.746828556 0.660353661
v 0.063607521 0.405090809 0.026418544
vn 0.718386292 0.110520966 0.686808825
v 0.063607521 0.393345356 0.026418544
vn 0.628345490 0.636199772 0.447696149
v 0.073392220 0.391388416 -0.000977181
vn 0.834464669 0.551061511 0.000000000
v 0.063607521 0.393345356 -0.028374337
vn 0.927095652 0.204275310 -0.314269722
v 0.089049645 0.381603718 -0.000977181
vn 0.661663532 0.748309970 0.047261681
v 0.081221886 0.383560658 0.040116645
vn 0.596009731 0.784223258 0.172529131
v 0.104705162 0.354207516 0.036203243
vn 0.902106464 0.384375781 0.196110100
v 0.106662102 0.354207516 -0.000977181
vn 0.933309555 0.355923146 0.047456417
v 0.112529106 0.318981647 -0.000977181
vn 0.992772579 0.110308066 0.047274884
v 0.092963524 0.352250576 0.067515709
vn 0.840178847 0.306233406 0.447571903
v 0.110575981 0.318981647 0.040116645
vn 0.964826405 0.094900951 0.245160803
v 0.114489861 0.279842854 -0.000977181
vn 0.997991085 -0.031432789 0.055007383
v 0.110575981 0.279842854 0.044030525
vn 0.956290245 0.000000000 0.292419314
v 0.108619042 0.240707874 0.047944404
vn 0.977226615 -0.055166017 0.204902336
v 0.089049645 0.283756733 0.081214286
vn 0.629999399 0.086624928 0.771749318
v 0.108619042 0.238747120 -0.000977181
vn 0.956929028 -0.290216178 -0.007843681
v 0.045995064 0.256363392 0.100779869
vn -0.070732512 0.275070876 0.958818555
v 0.083178826 0.250488758 0.090998985
vn 0.607562482 0.181479692 0.773261309
v 0.083178826 0.225052357 0.098826744
vn 0.589073896 0.219920918 0.777577519
v 0.108619042 0.219177723 0.053815223
vn 0.994224131 0.031562671 0.102578677
v 0.042081185 0.225052357 0.108607627
vn -0.118095599 0.251937270 0.960510850
v 0.096877404 0.213310719 0.016633369
vn 0.841867566 -0.385528147 -0.377660215
v 0.096877404 0.203529835 0.016633369
vn 0.662403703 0.000000000 -0.749147058
v 0.094920464 0.213310719 0.000977851
vn 0.543846846 -0.835474908 -0.078818388
v 0.045995064 0.207436085 0.000977851
vn -0.094138652 0.651125610 -0.753109217
v 0.047952004 0.209389210 0.002934791
vn -0.102156565 0.715095997 -0.691521406
v 0.010768242 0.254402637 0.085128166
vn -0.699703753 0.290888071 0.652532637
v 0.002940483 0.223091602 0.090998985
vn -0.725760698 0.307659417 0.615318835
v -0.016628914 0.215263844 0.047944404
vn -0.958818555 0.275070876 0.070732512
v -0.012715034 0.207436085 0.012719490
vn -0.896609962 -0.369655013 -0.243815005
v -0.016628914 0.209389210 -0.000977181
vn -0.526906073 -0.849341154 0.031457078
v -0.010758094 0.197655201 0.012719490
vn -0.639701903 -0.126360863 -0.758165240
f 5231//5120 5232//5121 5233//5122
f 5233//5122 5232//5121 5234//5123
f 5231//5120 5233//5122 5235//5124
f 5233//5122 5234//5123 5236//5125
f 5233//5122 5236//5125 5235//5124
f 5236//5125 5234//5123 5237//5126
f 5237//5126 5234//5123 5238//5127
f 5235//5124 5236//5125 5239//5128
f 5236//5125 5237//5126 5240//5129
f 5236//5125 5240//5129 5239//5128
f 5235//5124 5239//5128 5241//5130
f 5235//5124 5241//5130 5242//5131
f 5242//5131 5241//5130 5243//5132
f 5242//5131 5243//5132 5244//5133
f 5241//5130 5239//5128 5245//5134
f 5244//5133 5243//5132 5246//5135
f 5244//5133 5246//5135 5247//5136
f 5243//5132 5241//5130 5248//5137
f 5248//5137 5241//5130 5245//5134
f 5247//5136 5246//5135 5249//5138
f 5243//5132 5248//5137 5250//5139
f 5249//5138 5246//5135 5251//5140
f 5249//5138 5251//5140 5238//5127
f 5252//5141 5246//5135 5243//5132
f 5252//5141 5243//5132 5250//5139
f 5246//5135 5252//5141 5253//5142
f 5250//5139 5248//5137 5254//5143
f 5254//5143 5248//5137 5255//5144
f 5255//5144 5248//5137 5245//5134
f 5250//5139 5254//5143 5256//5145
f 5255//5144 5245//5134 5257//686
f 5255//5144 5257//686 5258//5146
f 5258//5146 5257//686 5259//5147
f 5259//5147 5257//686 5245//5134
f 5259//5147 5245//5134 5260//5148
f 5260//5148 5245//5134 5239//5128
f 5260//5148 5239//5128 5240//5129
f 5259//5147 5260//5148 5261//5149
f 5261//5149 5260//5148 5240//5129
f 5259//5147 5261//5149 5262//5150
f 5259//5147 5262//5150 5263//5151
f 5263//5151 5262//5150 5264//5152
f 5264//5152 5262//5150 5261//5149
f 5263//5151 5264//5152 5265//5153
f 5263//5151 5265//5153 5266//5154
f 5266//5154 5265//5153 5267//5155
f 5266//5154 5267//5155 5268//5156
f 5266//5154 5268//5156 5269//5157
f 5267//5155 5265//5153 5270//5158
f 5270//5158 5265//5153 5264//5152
f 5267//5155 5270//5158 5271//5159
f 5267//5155 5271//5159 5268//5156
f 5270//5158 5264//5152 5272//5160
f 5271//5159 5270//5158 5273//5161
f 5273//5161 5270//5158 5272//5160
f 5273//5161 5272//5160 5274//5162
f 5271//5159 5273//5161 5275//5163
f 5275//5163 5273//5161 5274//5162
f 5268//5156 5271//5159 5276//5164
f 5276//5164 5271//5159 5275//5163
f 5274//5162 5272//5160 5277//5165
f 5274//5162 5277//5165 5275//5163
f 5276//5164 5275//5163 5278//5166
f 5277//5165 5272//5160 5279//5167
f 5279//5167 5272//5160 5264//5152
f 5275//5163 5277//5165 5280//5168
f 5280//5168 5277//5165 5279//5167
f 5278//5166 5275//5163 5281//5169
f 5281//5169 5275//5163 5280//5168
f 5276//5164 5278//5166 5282//5170
f 5282//5170 5278//5166 5281//5169
f 5276//5164 5282//5170 5268//5156
f 5281//5169 5280//5168 5283//5171
f 5281//5169 5283//5171 5282//5170
f 5280//5168 5279//5167 5284//5172
f 5280//5168 5284//5172 5283//5171
f 5268//5156 5282//5170 5285//5173
f 5285//5173 5282//5170 5283//5171
f 5268//5156 5285//5173 5269//5157
f 5286//5174 5279//5167 5264//5152
f 5279//5167 5286//5174 5284//5172
f 5286//5174 5264//5152 5261//5149
f 5284//5172 5286//5174 5287//5175
f 5287//5175 5286//5174 5261//5149
f 5284//5172 5287//5175 5283//5171
f 5287//5175 5261//5149 5288//5176
f 5288//5176 5261//5149 5240//5129
f 5283//5171 5287//5175 5289//5177
f 5289//5177 5287//5175 5288//5176
f 5283//5171 5289//5177 5285//5173
f 5288//5176 5240//5129 5290//5178
f 5288//5176 5290//5178 5289//5177
f 5285//5173 5289//5177 5291//5179
f 5291//5179 5289//5177 5290//5178
f 5285//5173 5291//5179 5269//5157
f 5269//5157 5291//5179 5292//5180
f 5292//5180 5291//5179 5293//5181
f 5293//5181 5291//5179 5290//5178
f 5294//5182 5290//5178 5240//5129
f 5290//5178 5294//5182 5293//5181
f 5294//5182 5240//5129 5237//5126
f 5293//5181 5294//5182 5295//5183
f 5293//5181 5295//5183 5296//5184
f 5296//5184 5295//5183 5297//5185
f 5294//5182 5237//5126 5298//5186
f 5294//5182 5298//5186 5295//5183
f 5298//5186 5237//5126 5238//5127
f 5297//5185 5295//5183 5299//5187
f 5299//5187 5295//5183 5298//5186
f 5297//5185 5299//5187 5300//5188
f 5298//5186 5238//5127 5251//5140
f 5298//5186 5251//5140 5299//5187
f 5300//5188 5299//5187 5301//5189
f 5301//5189 5299//5187 5251//5140
f 5300//5188 5301//5189 5302//5190
f 5301//5189 5251//5140 5303//5191
f 5301//5189 5303//5191 5302//5190
f 5303//5191 5251//5140 5246//5135
f 5303//5191 5246//5135 5253//5142
f 5300//5188 5302//5190 5304//5192
f 5303//5191 5253//5142 5305//5193
f 5305//5193 5253//5142 5252//5141
f 5302//5190 5303//5191 5306//5194
f 5306//5194 5303//5191 5305//5193
f 5302//5190 5306//5194 5307//5195
f 5307//5195 5306//5194 5305//5193
f 5302//5190 5307//5195 5308//5196
f 5307//5195 5305//5193 5309//5197
f 5302//5190 5308//5196 5310//5198
f 5302//5190 5310//5198 5304//5192
f 5310//5198 5308//5196 5311//5199
f 5304//5192 5310//5198 5312//5200
f 5310//5198 5311//5199 5313//5201
f 5310//5198 5313//5201 5312//5200
f 5312//5200 5313//5201 5314//5202
f 5315//5203 5309//5197 5305//5193
f 5315//5203 5305//5193 5252//5141
f 5315//5203 5252//5141 5250//5139
f 5309//5197 5315//5203 5316//5204
f 5315//5203 5250//5139 5256//5145
f 5315//5203 5256//5145 5316//5204
f 5316//5204 5256//5145 5317//5205
f 5318//5206 5314//5202 5313//5201
f 5317//5205 5256//5145 5318//5206
f 5314//5202 5318//5206 5319//5207
f 5319//5207 5318//5206 5256//5145
f 5317//5205 5318//5206 5320//5208
f 5320//5208 5318//5206 5313//5201
o tripo_part_29
g tripo_part_29
usemtl mat_0
v 0.220161915 0.528378069 0.167318299
vn 0.062807433 -0.910707772 0.408248305
v 0.222118855 0.530331194 0.167318299
vn 0.907737613 -0.418348670 -0.031573482
v 0.222118855 0.530331194 0.169279054
vn 0.559714854 -0.354748875 0.748914301
v 0.222118855 0.532291949 0.167318299
vn 0.998361051 0.015722221 0.055027775
v 0.218204975 0.530331194 0.167318299
vn -0.561111450 -0.561111450 0.608529389
v 0.220161915 0.532291949 0.169279054
vn 0.023562957 0.188503653 0.981789827
v 0.208422184 0.530331194 0.151662782
vn -0.590075791 -0.778900087 0.212427303
v 0.222118855 0.534245074 0.167318299
vn 0.731512904 0.432615131 0.527003884
v 0.214291096 0.545986712 0.157537416
vn 0.007872064 0.551044464 0.834438801
v 0.218204975 0.545986712 0.157537416
vn 0.164818734 0.565092742 0.808396637
v 0.212336063 0.567516863 0.145791963
vn -0.299444765 0.362485766 0.882574022
v 0.222118855 0.545986712 0.155576661
vn 0.741722703 0.315626681 0.591800094
v 0.224075794 0.540119708 0.151662782
vn 0.975773275 -0.173121065 0.133775368
v 0.220161915 0.532291949 0.147748902
vn 0.755320430 -0.653037429 -0.055075448
v 0.218204975 0.567516863 0.147748902
vn 0.007872797 0.370021433 0.928989947
v 0.220161915 0.596867144 0.137964204
vn -0.039277650 0.282799065 0.958374739
v 0.212336063 0.594910204 0.134050325
vn -0.482685000 0.276950389 0.830851197
v 0.220161915 0.622309268 0.132093385
vn 0.000000000 0.188556001 0.982062519
v 0.212336063 0.620352328 0.128179505
vn -0.466042936 0.118485495 0.876792669
v 0.206465244 0.653620303 0.124265626
vn -0.480598181 -0.133937180 0.866652429
v 0.212336063 0.657534182 0.128179505
vn 0.062921949 0.117978655 0.991020679
v 0.181024402 0.686890185 0.122308686
vn -0.455733240 -0.133576989 0.880036652
v 0.227989674 0.659491122 0.118394807
vn 0.726054370 0.363027185 0.584000289
v 0.186895370 0.692761004 0.126222566
vn -0.039461937 0.236771613 0.970763624
v 0.141884327 0.726025224 0.100782350
vn -0.574714124 0.110219136 0.810897887
v 0.233860493 0.620352328 0.126222566
vn 0.725151718 0.189170003 0.662095010
v 0.231903553 0.592953265 0.134050325
vn 0.699185312 0.149264276 0.699185312
v 0.145798206 0.731899858 0.102739289
vn -0.260733157 0.466159284 0.845407546
v 0.124271870 0.739727616 0.081212953
vn -0.605605006 -0.047189999 0.794364989
v 0.198637486 0.702541888 0.114480928
vn 0.517810345 0.635494530 0.572729647
v 0.226032734 0.565556109 0.145791963
vn 0.675554752 0.180671617 0.714831233
v 0.126228809 0.745594621 0.083169892
vn -0.418831676 0.474149078 0.774443448
v 0.087093830 0.735813737 0.057729676
vn -0.645269334 -0.322634667 0.692484200
v 0.155584812 0.741680741 0.090997651
vn 0.268877655 0.814541161 0.514030814
v 0.210379124 0.704502642 0.083169892
vn 0.765633106 0.639343083 0.071038119
v 0.229946613 0.553814471 0.136007264
vn 0.955216944 -0.205253214 0.213147581
v 0.239731312 0.575344622 0.118394807
vn 0.970642745 -0.181502298 0.157828078
v 0.224075794 0.536205828 0.124265626
vn 0.756374598 -0.646070004 -0.102425724
v 0.229946613 0.553814471 0.096868470
vn 0.827670276 -0.488719553 -0.275890052
v 0.245602131 0.606651843 0.102739289
v 0.235817432 0.587082446 0.073385194
vn 0.860055983 -0.268274337 -0.433973193
v 0.212336063 0.542072833 0.085126832
vn 0.205157354 -0.796957433 -0.568128049
v 0.216248035 0.577297747 0.055772737
vn 0.307162791 -0.456806183 -0.834852695
v 0.239731312 0.655577242 0.090997651
v 0.233860493 0.643835604 0.055772737
vn 0.857815862 0.102308311 -0.503671706
v 0.208422184 0.694717944 0.045988038
vn 0.783496678 0.427361816 -0.451104134
v 0.214291096 0.632093966 0.038160279
vn 0.329810172 -0.180610344 -0.926609576
v 0.194722652 0.681019366 0.028375581
vn 0.466013789 0.015797079 -0.884636402
v 0.206465244 0.577297747 0.057729676
vn -0.543559909 -0.409639359 -0.732624292
v 0.171239376 0.743641496 0.061643556
vn 0.588475227 0.808172643 0.023539010
v 0.130142689 0.759297013 0.067514375
vn -0.007881595 0.937909722 0.346790165
v 0.177110672 0.726025224 0.030332521
vn 0.642707467 0.572166443 -0.509463251
v 0.139927387 0.759297013 0.040117219
vn 0.306687593 0.920062780 -0.243777320
v 0.085133076 0.743641496 0.059686616
vn -0.655906200 0.252879500 0.711223602
v 0.059696674 0.733852983 0.016630128
vn -0.709961176 -0.465418935 0.528526604
v 0.055782795 0.741680741 0.018590882
vn -0.772132397 0.212730363 0.598796606
v 0.089046955 0.757336259 0.038160279
vn -0.314269722 0.927095652 0.204275310
v 0.057735920 0.749508500 0.010763124
vn -0.394976288 0.900545895 0.181689084
v 0.096874714 0.757336259 0.014677003
vn 0.078487523 0.926152766 -0.368891358
v 0.065563679 0.749508500 -0.002939269
vn 0.000000000 0.912509322 -0.409055918
v 0.075352192 0.737766862 -0.012720153
vn 0.267261267 0.455916256 -0.848947525
v 0.110577106 0.739727616 0.000974610
vn 0.315705329 0.489343256 -0.812941194
v 0.149712086 0.735813737 0.018590882
vn 0.449236929 0.591101229 -0.669914663
v 0.112530231 0.722111344 -0.000978515
vn 0.235317647 -0.415727854 -0.878519177
v 0.079266071 0.724072099 -0.010767028
vn 0.189517647 -0.513276994 -0.837036312
v 0.147755146 0.720158219 0.006849244
vn 0.315244168 -0.189146504 -0.929970324
v 0.110577106 0.716244340 0.006849244
vn 0.133787796 -0.818466485 -0.558760762
v 0.075352192 0.720158219 -0.002939269
vn 0.023613265 -0.897304058 -0.440780938
v 0.141884327 0.718197465 0.012716249
vn -0.125421748 -0.885791123 -0.446814984
v 0.165369511 0.704502642 0.016630128
vn -0.118018821 -0.409131885 -0.904810905
v 0.157541752 0.704502642 0.022504762
vn -0.407883912 -0.729484737 -0.549074471
v 0.182981372 0.673191607 0.036203340
vn -0.677438438 -0.535649002 -0.504140258
v 0.186895370 0.675148547 0.028375581
vn -0.276483387 -0.442373425 -0.853148818
v 0.171239376 0.710369647 0.016630128
vn 0.354925364 0.149857372 -0.922805905
v 0.206465244 0.630137026 0.040117219
vn -0.402161181 -0.315420538 -0.859520972
v 0.200594425 0.630137026 0.045988038
v 0.202551365 0.581211627 0.063600495
vn -0.872448504 -0.227936998 -0.432294309
v 0.202551365 0.544033587 0.087083772
vn -0.598963976 -0.646250546 -0.472866267
v 0.198637486 0.549900591 0.090997651
vn -0.873988688 -0.370067269 -0.314950854
v 0.202551365 0.530331194 0.122308686
vn -0.672089040 -0.735344529 -0.086976238
v 0.200594425 0.534245074 0.124265626
vn -0.880798340 -0.471856266 0.039321352
v 0.208422184 0.528378069 0.120351747
vn 0.023688968 -0.971247733 -0.236889690
v 0.210379124 0.528378069 0.149709657
vn -0.651827991 -0.730361521 0.204187080
v 0.212336063 0.526417315 0.149709657
vn -0.118415326 -0.986794353 0.110520966
f 5321//5209 5322//5210 5323//5211
f 5323//5211 5322//5210 5324//5212
f 5321//5209 5323//5211 5325//5213
f 5325//5213 5323//5211 5326//5214
f 5321//5209 5325//5213 5327//5215
f 5326//5214 5323//5211 5328//5216
f 5328//5216 5323//5211 5324//5212
f 5326//5214 5328//5216 5329//5217
f 5329//5217 5328//5216 5330//5218
f 5329//5217 5330//5218 5331//5219
f 5328//5216 5324//5212 5332//5220
f 5328//5216 5332//5220 5330//5218
f 5333//5221 5324//5212 5322//5210
f 5324//5212 5333//5221 5332//5220
f 5333//5221 5322//5210 5334//5222
f 5334//5222 5322//5210 5321//5209
f 5331//5219 5330//5218 5335//5223
f 5335//5223 5330//5218 5332//5220
f 5331//5219 5335//5223 5336//5224
f 5331//5219 5336//5224 5337//5225
f 5337//5225 5336//5224 5338//5226
f 5337//5225 5338//5226 5339//5227
f 5339//5227 5338//5226 5340//5228
f 5340//5228 5338//5226 5341//5229
f 5340//5228 5341//5229 5342//5230
f 5341//5229 5338//5226 5343//5231
f 5342//5230 5341//5229 5344//5232
f 5344//5232 5341//5229 5343//5231
f 5342//5230 5344//5232 5345//5233
f 5346//5234 5338//5226 5336//5224
f 5338//5226 5346//5234 5343//5231
f 5346//5234 5336//5224 5347//5235
f 5347//5235 5336//5224 5335//5223
f 5345//5233 5344//5232 5348//5236
f 5345//5233 5348//5236 5349//5237
f 5350//5238 5344//5232 5343//5231
f 5344//5232 5350//5238 5348//5236
f 5347//5235 5335//5223 5351//5239
f 5351//5239 5335//5223 5332//5220
f 5349//5237 5348//5236 5352//5240
f 5349//5237 5352//5240 5353//5241
f 5348//5236 5350//5238 5354//5242
f 5348//5236 5354//5242 5352//5240
f 5354//5242 5350//5238 5355//5243
f 5355//5243 5350//5238 5343//5231
f 5351//5239 5332//5220 5356//5244
f 5356//5244 5332//5220 5333//5221
f 5351//5239 5356//5244 5357//5245
f 5351//5239 5357//5245 5347//5235
f 5356//5244 5333//5221 5358//5246
f 5358//5246 5333//5221 5334//5222
f 5357//5245 5356//5244 5359//5247
f 5359//5247 5356//5244 5358//5246
f 5347//5235 5357//5245 5360//3163
f 5347//5235 5360//3163 5346//5234
f 5357//5245 5359//5247 5361//5248
f 5357//5245 5361//5248 5360//3163
f 5359//5247 5358//5246 5362//5249
f 5361//5248 5359//5247 5363//5250
f 5363//5250 5359//5247 5362//5249
f 5346//5234 5360//3163 5364//3653
f 5346//5234 5364//3653 5343//5231
f 5343//5231 5364//3653 5355//5243
f 5364//3653 5360//3163 5365//5251
f 5365//5251 5360//3163 5361//5248
f 5355//5243 5364//3653 5366//5252
f 5366//5252 5364//3653 5365//5251
f 5365//5251 5361//5248 5367//5253
f 5367//5253 5361//5248 5363//5250
f 5365//5251 5367//5253 5368//5254
f 5365//5251 5368//5254 5366//5252
f 5367//5253 5363//5250 5369//5255
f 5369//5255 5363//5250 5362//5249
f 5355//5243 5366//5252 5370//5256
f 5355//5243 5370//5256 5354//5242
f 5354//5242 5370//5256 5371//5257
f 5354//5242 5371//5257 5352//5240
f 5370//5256 5366//5252 5372//5258
f 5371//5257 5370//5256 5373//5259
f 5373//5259 5370//5256 5372//5258
f 5352//5240 5371//5257 5374//5260
f 5352//5240 5374//5260 5353//5241
f 5353//5241 5374//5260 5375//5261
f 5375//5261 5374//5260 5376//5262
f 5374//5260 5371//5257 5377//5263
f 5374//5260 5377//5263 5376//5262
f 5377//5263 5371//5257 5373//5259
f 5376//5262 5377//5263 5378//5264
f 5378//5264 5377//5263 5379//5265
f 5379//5265 5377//5263 5373//5259
f 5378//5264 5379//5265 5380//5266
f 5380//5266 5379//5265 5381//5267
f 5379//5265 5373//5259 5382//5268
f 5379//5265 5382//5268 5381//5267
f 5382//5268 5373//5259 5383//5269
f 5383//5269 5373//5259 5372//5258
f 5381//5267 5382//5268 5384//5270
f 5381//5267 5384//5270 5385//5271
f 5382//5268 5383//5269 5386//5272
f 5382//5268 5386//5272 5384//5270
f 5385//5271 5384//5270 5387//5273
f 5385//5271 5387//5273 5388//5274
f 5387//5273 5384//5270 5389//5275
f 5389//5275 5384//5270 5386//5272
f 5389//5275 5386//5272 5390//5276
f 5390//5276 5386//5272 5383//5269
f 5389//5275 5390//5276 5391//5277
f 5391//5277 5390//5276 5392//5278
f 5392//5278 5390//5276 5393//5279
f 5394//5280 5383//5269 5372//5258
f 5383//5269 5394//5280 5390//5276
f 5394//5280 5372//5258 5366//5252
f 5394//5280 5366//5252 5368//5254
f 5394//5280 5368//5254 5390//5276
f 5390//5276 5368//5254 5393//5279
f 5392//5278 5393//5279 5395//5281
f 5395//5281 5393//5279 5368//5254
f 5395//5281 5368//5254 5367//5253
f 5392//5278 5395//5281 5396//3516
f 5395//5281 5367//5253 5369//5255
f 5395//5281 5369//5255 5396//3516
f 5396//3516 5369//5255 5397//5282
f 5397//5282 5369//5255 5398//5283
f 5397//5282 5398//5283 5399//5284
f 5398//5283 5369//5255 5362//5249
f 5399//5284 5398//5283 5400//5285
f 5400//5285 5398//5283 5362//5249
f 5399//5284 5400//5285 5401//5286
f 5400//5285 5362//5249 5402//5287
f 5402//5287 5362//5249 5358//5246
f 5401//5286 5400//5285 5403//5288
f 5401//5286 5403//5288 5327//5215
f 5327//5215 5403//5288 5321//5209
f 5403//5288 5400//5285 5404//5289
f 5403//5288 5404//5289 5321//5209
f 5404//5289 5400//5285 5402//5287
f 5404//5289 5402//5287 5358//5246
f 5321//5209 5404//5289 5334//5222
f 5334//5222 5404//5289 5358//5246
o tripo_part_30
g tripo_part_30
usemtl mat_0
v 0.175153807 0.348336637 0.012719664
vn 0.291972876 -0.528707623 0.797006965
v 0.177110747 0.344422758 0.008805784
vn 0.409195185 -0.834128678 0.369849503
v 0.186895445 0.358121336 0.006848844
vn 0.934779286 -0.290645659 0.204237491
v 0.177110747 0.344422758 0.000978144
vn 0.386246115 -0.922261059 0.015765147
v 0.159497812 0.346379697 0.010762724
vn -0.360521078 -0.846440792 0.391870737
v 0.159497812 0.346379697 0.000978144
vn -0.409055918 -0.912509322 0.000000000
v 0.161454991 0.350293577 0.014676603
vn -0.141640097 -0.401313633 0.904922903
v 0.186895445 0.356164396 -0.000978855
vn 0.933630764 -0.356045663 0.039560627
v 0.141885832 0.362035215 0.010762724
vn -0.798824787 -0.466640204 0.379639506
v 0.173196867 0.352250516 0.014676603
vn -0.055109568 0.299166232 0.952608287
v 0.186895445 0.356164396 -0.010763613
vn 0.887100339 -0.345419616 -0.306167364
v 0.184938505 0.358121336 0.012719664
v 0.186895445 0.375733793 -0.002935854
vn 0.943829238 0.330340207 0.007865244
v 0.184938505 0.375733793 0.010762724
vn 0.631017685 0.252407074 0.733558059
v 0.186895445 0.377690732 0.006848844
v 0.171239451 0.391389310 -0.000978855
vn 0.360554278 0.932738245 0.000000000
v 0.171239451 0.391389310 0.006848844
vn 0.354759902 0.890841544 0.283807904
v 0.179067686 0.373776853 0.012719664
vn -0.260586768 -0.063172549 0.963381410
v 0.169282511 0.387475431 0.012719664
vn 0.236653715 0.481195897 0.844064891
v 0.179067686 0.362035215 0.012719664
vn -0.668194354 0.204388872 0.715361059
v 0.177110747 0.373776853 0.008805784
vn -0.899956405 -0.434189498 -0.039471772
v 0.169282511 0.383561552 0.012719664
vn -0.330708653 -0.614173234 0.716535449
v 0.181024626 0.373776853 -0.000978855
vn -0.905371487 -0.417258173 0.078727953
v 0.175153807 0.352250516 0.000978144
vn -0.379508913 0.925053000 -0.015812872
v 0.153627470 0.385518491 0.014676603
vn 0.172800347 -0.227782249 0.958256423
v 0.181024626 0.358121336 -0.000978855
vn -0.911804378 0.408739895 0.039301913
v 0.169282511 0.387475431 -0.000978855
vn -0.362204731 -0.921259820 0.141732275
v 0.171239451 0.373776853 -0.008806673
vn -0.622587919 -0.772324204 0.126093745
v 0.177110747 0.373776853 -0.016634433
vn -0.465187460 -0.268074125 -0.843645096
v 0.177110747 0.360078275 -0.016634433
vn -0.670122802 0.157675967 -0.725309432
v 0.167325810 0.383561552 -0.016634433
vn -0.251781255 -0.212440446 -0.944179773
v 0.153627470 0.381604612 -0.002935854
vn 0.496741027 -0.867325604 0.031539112
v 0.169282511 0.387475431 -0.014677492
vn 0.165426135 0.512033284 -0.842885613
v 0.153627470 0.383561552 -0.014677492
vn 0.181411937 -0.504798412 -0.843959868
v 0.149713591 0.377690732 0.000978144
v 0.149713591 0.389432371 -0.014677492
vn -0.338645667 0.590661108 -0.732419729
v 0.182981566 0.375733793 -0.016634433
vn 0.472792834 0.228516534 -0.851027131
v 0.145799711 0.375733793 -0.014677492
vn 0.259520888 -0.110099778 -0.959440947
v 0.171239451 0.391389310 -0.010763613
v 0.182981566 0.358121336 -0.016634433
vn 0.465115130 -0.212849304 -0.859280527
v 0.186895445 0.377690732 -0.010763613
vn 0.873339236 0.416999817 -0.251773477
v 0.175153807 0.348336637 -0.014677492
vn 0.125731155 -0.573648453 -0.809394300
v 0.149713591 0.391389310 -0.008806673
vn -0.393749624 0.905624151 -0.157499850
v 0.139928892 0.377690732 -0.012720552
vn -0.708376050 0.086579293 -0.700505197
v 0.149713591 0.391389310 -0.000978855
vn -0.386294127 0.922375739 0.000000000
v 0.137971953 0.379647672 -0.008806673
vn -0.918841958 0.290573955 -0.267013907
v 0.149713591 0.391389310 0.008805784
vn -0.370792121 0.891478896 0.260343403
v 0.137971953 0.379647672 0.000978144
vn -0.959114790 0.283017457 0.000000000
v 0.137971953 0.379647672 0.008805784
vn -0.929854751 0.267924249 0.252164006
v 0.141885832 0.362035215 -0.006849734
vn -0.842728734 -0.504061997 -0.189023256
v 0.151670530 0.389432371 0.012719664
vn -0.181553185 0.663063765 0.726212740
v 0.141885832 0.379647672 0.014676603
vn -0.511478186 0.236066848 0.826233983
v 0.147756651 0.377690732 0.014676603
vn 0.520411551 -0.063080184 0.851582527
v 0.141885832 0.362035215 0.000978144
vn -0.862340748 -0.506328464 0.000000000
v 0.145799711 0.363992155 0.014676603
vn -0.352846265 -0.219548777 0.909559190
v 0.161454991 0.354207456 0.014676603
vn 0.283887327 0.496802837 0.820118904
v 0.149713591 0.365949094 0.014676603
vn 0.495740384 0.267542422 0.826233983
v 0.151670530 0.365949094 0.000978144
vn 0.837846518 0.545390606 -0.023712637
v 0.157540873 0.362035215 0.000978144
vn 0.653705418 0.756093025 -0.031503875
v 0.165368870 0.354207456 0.000978144
vn 0.418505132 0.908077121 -0.015792646
v 0.149713591 0.363992155 -0.014677492
vn 0.314648658 0.157324329 -0.936079741
v 0.159497812 0.354207456 -0.014677492
vn 0.157710269 0.307535022 -0.938376069
v 0.171239451 0.352250516 -0.014677492
vn -0.308264285 0.450540096 -0.837846518
v 0.143842772 0.363992155 -0.012720552
vn -0.622645915 -0.346790135 -0.701461852
v 0.159497812 0.348336637 -0.012720552
vn -0.315420538 -0.701810718 -0.638726592
v 0.159497812 0.346379697 -0.006849734
vn -0.384304881 -0.909782946 -0.156859130
v 0.177110747 0.344422758 -0.008806673
vn 0.338456810 -0.897304177 -0.283359170
f 5405//5290 5406//5291 5407//5292
f 5407//5292 5406//5291 5408//5293
f 5406//5291 5405//5290 5409//5294
f 5406//5291 5409//5294 5410//5295
f 5406//5291 5410//5295 5408//5293
f 5409//5294 5405//5290 5411//5296
f 5407//5292 5408//5293 5412//5297
f 5410//5295 5409//5294 5413//5298
f 5413//5298 5409//5294 5411//5296
f 5411//5296 5405//5290 5414//5299
f 5412//5297 5408//5293 5415//5300
f 5416//3265 5405//5290 5407//5292
f 5405//5290 5416//3265 5414//5299
f 5407//5292 5412//5297 5417//5301
f 5417//5301 5412//5297 5415//5300
f 5416//3265 5407//5292 5418//5302
f 5407//5292 5417//5301 5419//2910
f 5407//5292 5419//2910 5418//5302
f 5419//2910 5417//5301 5420//5303
f 5418//5302 5419//2910 5421//5304
f 5421//5304 5419//2910 5420//5303
f 5416//3265 5418//5302 5422//5305
f 5418//5302 5421//5304 5423//5306
f 5418//5302 5423//5306 5422//5305
f 5416//3265 5422//5305 5424//5307
f 5416//3265 5424//5307 5414//5299
f 5424//5307 5422//5305 5425//5308
f 5422//5305 5423//5306 5426//5309
f 5422//5305 5426//5309 5425//5308
f 5424//5307 5425//5308 5427//5310
f 5427//5310 5425//5308 5426//5309
f 5414//5299 5424//5307 5428//5311
f 5426//5309 5423//5306 5429//5312
f 5424//5307 5427//5310 5430//5313
f 5424//5307 5430//5313 5428//5311
f 5427//5310 5426//5309 5431//5314
f 5431//5314 5426//5309 5429//5312
f 5427//5310 5431//5314 5432//5315
f 5430//5313 5427//5310 5433//5316
f 5433//5316 5427//5310 5432//5315
f 5428//5311 5430//5313 5434//5317
f 5434//5317 5430//5313 5433//5316
f 5432//5315 5431//5314 5435//5318
f 5432//5315 5435//5318 5433//5316
f 5435//5318 5431//5314 5436//5319
f 5436//5319 5431//5314 5429//5312
f 5433//5316 5435//5318 5437//5320
f 5435//5318 5436//5319 5438//5321
f 5435//5318 5438//5321 5437//5320
f 5436//5319 5429//5312 5439//2567
f 5436//5319 5439//2567 5438//5321
f 5437//5320 5438//5321 5440//5322
f 5433//5316 5437//5320 5441//5323
f 5440//5322 5438//5321 5442//5324
f 5442//5324 5438//5321 5439//2567
f 5437//5320 5440//5322 5443//3227
f 5437//5320 5443//3227 5441//5323
f 5433//5316 5441//5323 5444//5325
f 5433//5316 5444//5325 5434//5317
f 5441//5323 5443//3227 5445//5326
f 5444//5325 5441//5323 5415//5300
f 5415//5300 5441//5323 5445//5326
f 5415//5300 5445//5326 5417//5301
f 5417//5301 5445//5326 5420//5303
f 5420//5303 5445//5326 5443//3227
f 5434//5317 5444//5325 5446//5327
f 5446//5327 5444//5325 5415//5300
f 5420//5303 5443//3227 5447//5328
f 5447//5328 5443//3227 5440//5322
f 5447//5328 5440//5322 5448//5329
f 5448//5329 5440//5322 5442//5324
f 5420//5303 5447//5328 5449//5330
f 5447//5328 5448//5329 5450//5331
f 5447//5328 5450//5331 5449//5330
f 5420//5303 5449//5330 5451//5332
f 5420//5303 5451//5332 5421//5304
f 5449//5330 5450//5331 5452//5333
f 5451//5332 5449//5330 5453//5334
f 5453//5334 5449//5330 5452//5333
f 5452//5333 5450//5331 5454//5335
f 5454//5335 5450//5331 5448//5329
f 5421//5304 5451//5332 5455//5336
f 5421//5304 5455//5336 5423//5306
f 5423//5306 5455//5336 5429//5312
f 5455//5336 5451//5332 5456//5337
f 5456//5337 5451//5332 5453//5334
f 5429//5312 5455//5336 5457//5338
f 5457//5338 5455//5336 5456//5337
f 5429//5312 5457//5338 5439//2567
f 5456//5337 5453//5334 5413//5298
f 5413//5298 5453//5334 5452//5333
f 5413//5298 5452//5333 5458//5339
f 5458//5339 5452//5333 5454//5335
f 5456//5337 5413//5298 5459//5340
f 5456//5337 5459//5340 5457//5338
f 5459//5340 5413//5298 5411//5296
f 5413//5298 5458//5339 5410//5295
f 5410//5295 5458//5339 5454//5335
f 5459//5340 5411//5296 5460//5341
f 5457//5338 5459//5340 5461//5342
f 5461//5342 5459//5340 5460//5341
f 5457//5338 5461//5342 5439//2567
f 5460//5341 5411//5296 5414//5299
f 5439//2567 5461//5342 5462//5343
f 5461//5342 5460//5341 5463//5344
f 5461//5342 5463//5344 5462//5343
f 5460//5341 5414//5299 5464//5345
f 5460//5341 5464//5345 5463//5344
f 5464//5345 5414//5299 5428//5311
f 5439//2567 5462//5343 5465//5346
f 5465//5346 5462//5343 5463//5344
f 5439//2567 5465//5346 5442//5324
f 5463//5344 5464//5345 5466//5347
f 5463//5344 5466//5347 5465//5346
f 5464//5345 5428//5311 5467//5348
f 5464//5345 5467//5348 5466//5347
f 5467//5348 5428//5311 5434//5317
f 5442//5324 5465//5346 5468//5349
f 5468//5349 5465//5346 5466//5347
f 5442//5324 5468//5349 5448//5329
f 5448//5329 5468//5349 5454//5335
f 5467//5348 5434//5317 5446//5327
f 5468//5349 5466//5347 5469//5350
f 5469//5350 5466//5347 5467//5348
f 5468//5349 5469//5350 5454//5335
f 5469//5350 5467//5348 5446//5327
f 5454//5335 5469//5350 5470//5351
f 5470//5351 5469//5350 5446//5327
f 5454//5335 5470//5351 5410//5295
f 5470//5351 5446//5327 5471//5352
f 5470//5351 5471//5352 5410//5295
f 5471//5352 5446//5327 5415//5300
f 5410//5295 5471//5352 5408//5293
f 5408//5293 5471//5352 5415//5300
o tripo_part_31
g tripo_part_31
usemtl mat_0
v 0.216250166 0.585126877 0.204498783
vn 0.958256423 0.078545608 0.274909616
v 0.214293227 0.583169937 0.204498783
vn 0.457601696 -0.796858132 0.394484222
v 0.212336287 0.573385239 0.190800205
vn 0.394055218 -0.851159334 0.346768588
v 0.206465468 0.575342178 0.190800205
vn -0.604335308 -0.659274817 0.447365075
v 0.212336287 0.583169937 0.206459537
vn 0.322814643 -0.889708638 0.322814643
v 0.208422408 0.573385239 0.190800205
vn -0.330677897 -0.850314617 0.409410745
v 0.202551588 0.573385239 0.175144687
vn -0.462834060 -0.886444926 0.000000000
v 0.206465468 0.571432114 0.175144687
vn -0.379260093 -0.924446464 0.039506257
v 0.200594649 0.577299118 0.157534137
vn -0.526613057 -0.809569299 -0.259376585
v 0.216250166 0.579256058 0.190800205
vn 0.881671131 -0.417219400 0.220417783
v 0.206465468 0.573385239 0.157534137
vn -0.330544770 -0.905063093 -0.267583847
v 0.198636755 0.585126877 0.143835559
vn -0.535698831 -0.724769056 -0.433285832
v 0.212336287 0.569471359 0.175144687
vn 0.292382807 -0.956170738 0.015804475
v 0.220164046 0.579256058 0.177101627
vn 0.937472939 -0.346628696 0.031511698
v 0.218207106 0.587083817 0.190800205
vn 0.924706161 0.284524977 0.252911091
v 0.212336287 0.590997696 0.192757145
vn 0.504296720 0.764324725 0.401861459
v 0.214293227 0.587083817 0.204498783
vn 0.165673062 0.907257259 0.386570483
v 0.218207106 0.592954636 0.181015506
vn 0.896859705 0.275351644 0.346156389
v 0.212336287 0.600782394 0.184929386
vn 0.393164873 0.605473936 0.691970229
v 0.206465468 0.589040756 0.192757145
vn -0.574447155 0.503624856 0.645269334
v 0.212336287 0.585126877 0.204498783
vn -0.609615445 0.609615445 0.506693363
v 0.210379347 0.590997696 0.194714084
vn -0.133453444 0.839971721 0.525963604
v 0.202551588 0.596868515 0.184929386
vn -0.378410578 0.543965161 0.748937547
v 0.206465468 0.598825455 0.184929386
vn -0.212730363 0.598796606 0.772132397
v 0.202551588 0.610567093 0.177101627
vn -0.314415306 0.408739895 0.856781721
v 0.198636755 0.606653214 0.175144687
vn -0.644392073 0.290762275 0.707259595
v 0.210379347 0.610567093 0.177101627
vn 0.368868649 0.510137498 0.776978672
v 0.194722876 0.618394852 0.169273868
vn -0.609004974 0.229365498 0.759278893
v 0.220164046 0.600782394 0.173187748
v 0.208422408 0.622308731 0.171230808
vn 0.400718570 0.542148650 0.738579333
v 0.198636755 0.622308731 0.171230808
vn -0.322494924 0.401152194 0.857364535
v 0.190808997 0.630136967 0.161448017
vn -0.612825871 0.235702276 0.754247248
v 0.194722876 0.634050846 0.163404956
vn -0.323275894 0.378469348 0.867325604
v 0.182981357 0.647749901 0.151663318
vn -0.645269394 -0.157382786 0.747568190
v 0.186895356 0.649706841 0.155577198
vn -0.284064025 0.228829354 0.931098759
v 0.163412794 0.673189163 0.145792499
vn -0.511399031 0.055073742 0.857576847
v 0.204508528 0.634050846 0.163404956
vn 0.416690350 0.589656174 0.691863239
v 0.216250166 0.626222610 0.153620258
vn 0.902801216 0.400372714 0.157008901
v 0.167326674 0.677103043 0.147749439
vn -0.141325429 0.369016439 0.918615341
v 0.130144820 0.708417892 0.114481464
vn -0.803049982 -0.157460794 0.574731886
v 0.177110419 0.681016922 0.141878143
vn 0.417776406 0.646371007 0.638488412
v 0.196679816 0.653619766 0.151663318
vn 0.495173484 0.573772490 0.652371407
v 0.208422408 0.647749901 0.137964502
vn 0.890592456 0.449236900 0.070932142
v 0.188852057 0.681016922 0.124266163
vn 0.794758379 0.590167105 0.141640097
v 0.132101759 0.714284897 0.118395343
vn -0.471259117 0.416278899 0.777577519
v 0.087088332 0.741682053 0.051857486
vn -0.826848567 -0.401612133 0.393737376
v 0.096876845 0.733854294 0.040115848
vn -0.464164227 -0.865390956 0.188812569
v 0.145800337 0.722112656 0.108610645
vn 0.189023256 0.842728734 0.504061997
v 0.071432814 0.733854294 0.016632572
vn -0.702160120 0.260351509 -0.662712872
v 0.087088332 0.747556686 0.051857486
vn -0.599001110 0.701461852 0.386198074
v 0.161455855 0.724073410 0.089039341
vn 0.607354522 0.788772106 0.094652653
v 0.094916090 0.749509811 0.044029728
vn -0.117687792 0.988577425 0.094150230
v 0.102743849 0.751470566 0.030334964
vn 0.062914163 0.975169599 -0.212335318
v 0.188852057 0.671232224 0.100780979
vn 0.884498537 0.260611176 -0.386968136
v 0.165369734 0.712331772 0.067513004
vn 0.825314701 0.440167814 -0.353706270
v 0.110571608 0.743642807 0.018593326
vn 0.346285015 0.566648185 -0.747660816
v 0.208422408 0.634050846 0.120352283
vn 0.897304177 0.165292859 -0.409296632
v 0.181024298 0.661447525 0.089039341
vn 0.525526583 -0.266685128 -0.807899058
v 0.161455855 0.700590134 0.055771366
vn 0.621085346 -0.180822313 -0.762598455
v 0.112532362 0.733854294 0.018593326
vn 0.251462311 -0.385051668 -0.887976289
v 0.106657729 0.731901169 0.024460331
vn -0.039473001 -0.852616847 -0.521043599
v 0.102743849 0.727987289 0.028374210
vn 0.063031219 -0.732737958 -0.677585602
v 0.149714217 0.696672440 0.061646000
vn -0.338477761 -0.779286027 -0.527395606
v 0.155585036 0.696672440 0.057732120
vn -0.078749925 -0.716624320 -0.692999363
v 0.175153479 0.657533646 0.090996280
vn -0.266857564 -0.620051444 -0.737782717
v 0.171239600 0.657533646 0.094910160
vn -0.544083476 -0.638706744 -0.544083476
v 0.188852057 0.622308731 0.112524524
vn -0.709079266 -0.543627381 -0.449083537
v 0.200594649 0.622308731 0.108610645
vn 0.519814014 -0.267782986 -0.811224878
v 0.192765936 0.620351791 0.108610645
vn -0.305856496 -0.572500646 -0.760719955
v 0.196679816 0.598825455 0.128179565
vn -0.583691359 -0.623129964 -0.520589590
v 0.200594649 0.596868515 0.126223102
vn -0.213147581 -0.678914487 -0.702597558
v 0.218207106 0.610567093 0.136007473
vn 0.946173429 -0.015769556 -0.323275894
v 0.208422408 0.598825455 0.126223102
vn 0.543711722 -0.472792834 -0.693429530
v 0.204508528 0.583169937 0.139921203
vn -0.173594683 -0.781176090 -0.599690735
v 0.210379347 0.583169937 0.141878143
vn 0.542684972 -0.605605006 -0.582010031
v 0.212336287 0.573385239 0.155577198
vn 0.441781074 -0.820450544 -0.362891614
v 0.220164046 0.594911575 0.149706379
vn 0.952165782 -0.173121050 -0.251812428
v 0.220164046 0.585126877 0.163404956
vn 0.958581686 -0.259288490 -0.117858410
v 0.220164046 0.612524033 0.163404956
vn 0.936253607 0.291104078 0.196691930
f 5472//5353 5473//5354 5474//5355
f 5475//5356 5473//5354 5476//5357
f 5473//5354 5475//5356 5477//5358
f 5473//5354 5477//5358 5474//5355
f 5477//5358 5475//5356 5478//5359
f 5477//5358 5478//5359 5479//5360
f 5477//5358 5479//5360 5474//5355
f 5479//5360 5478//5359 5480//5361
f 5481//5362 5472//5353 5474//5355
f 5479//5360 5480//5361 5482//5363
f 5482//5363 5480//5361 5483//5364
f 5474//5355 5479//5360 5484//5365
f 5484//5365 5479//5360 5482//5363
f 5481//5362 5474//5355 5485//5366
f 5485//5366 5474//5355 5484//5365
f 5472//5353 5481//5362 5486//5367
f 5486//5367 5481//5362 5485//5366
f 5472//5353 5486//5367 5487//5368
f 5472//5353 5487//5368 5488//5369
f 5486//5367 5485//5366 5489//5370
f 5486//5367 5489//5370 5487//5368
f 5487//5368 5489//5370 5490//5371
f 5491//5372 5492//5373 5488//5369
f 5491//5372 5488//5369 5493//5374
f 5493//5374 5488//5369 5487//5368
f 5491//5372 5493//5374 5494//5375
f 5493//5374 5487//5368 5495//5376
f 5495//5376 5487//5368 5490//5371
f 5493//5374 5495//5376 5494//5375
f 5494//5375 5495//5376 5496//5377
f 5494//5375 5496//5377 5497//5378
f 5495//5376 5490//5371 5498//5379
f 5498//5379 5490//5371 5489//5370
f 5495//5376 5498//5379 5496//5377
f 5497//5378 5496//5377 5499//5380
f 5498//5379 5489//5370 5500//842
f 5500//842 5489//5370 5485//5366
f 5496//5377 5498//5379 5501//5381
f 5501//5381 5498//5379 5500//842
f 5499//5380 5496//5377 5502//5382
f 5502//5382 5496//5377 5501//5381
f 5499//5380 5502//5382 5503//5383
f 5503//5383 5502//5382 5504//5384
f 5504//5384 5502//5382 5501//5381
f 5503//5383 5504//5384 5505//5385
f 5505//5385 5504//5384 5506//5386
f 5505//5385 5506//5386 5507//5387
f 5504//5384 5501//5381 5508//5388
f 5504//5384 5508//5388 5506//5386
f 5508//5388 5501//5381 5509//5389
f 5507//5387 5506//5386 5510//5390
f 5507//5387 5510//5390 5511//5391
f 5510//5390 5506//5386 5512//5392
f 5506//5386 5508//5388 5513//5393
f 5506//5386 5513//5393 5512//5392
f 5513//5393 5508//5388 5514//5394
f 5514//5394 5508//5388 5509//5389
f 5513//5393 5514//5394 5515//5395
f 5513//5393 5515//5395 5512//5392
f 5516//5396 5511//5391 5510//5390
f 5516//5396 5510//5390 5512//5392
f 5511//5391 5516//5396 5517//5397
f 5511//5391 5517//5397 5518//5398
f 5516//5396 5512//5392 5519//5399
f 5518//5398 5517//5397 5520//5400
f 5517//5397 5516//5396 5521//5401
f 5521//5401 5516//5396 5519//5399
f 5517//5397 5521//5401 5520//5400
f 5519//5399 5512//5392 5522//5402
f 5519//5399 5522//5402 5521//5401
f 5522//5402 5512//5392 5515//5395
f 5520//5400 5521//5401 5523//5403
f 5523//5403 5521//5401 5522//5402
f 5523//5403 5522//5402 5524//5404
f 5523//5403 5524//5404 5520//5400
f 5522//5402 5515//5395 5525//5405
f 5525//5405 5515//5395 5514//5394
f 5524//5404 5522//5402 5526//5406
f 5526//5406 5522//5402 5525//5405
f 5520//5400 5524//5404 5527//5407
f 5527//5407 5524//5404 5526//5406
f 5525//5405 5514//5394 5528//5408
f 5526//5406 5525//5405 5529//5409
f 5529//5409 5525//5405 5528//5408
f 5528//5408 5514//5394 5509//5389
f 5527//5407 5526//5406 5530//5410
f 5530//5410 5526//5406 5529//5409
f 5520//5400 5527//5407 5531//5411
f 5531//5411 5527//5407 5530//5410
f 5520//5400 5531//5411 5532//5412
f 5520//5400 5532//5412 5533//5413
f 5533//5413 5532//5412 5534//5414
f 5532//5412 5531//5411 5535//5415
f 5535//5415 5531//5411 5530//5410
f 5532//5412 5535//5415 5534//5414
f 5535//5415 5530//5410 5529//5409
f 5534//5414 5535//5415 5536//5416
f 5536//5416 5535//5415 5529//5409
f 5534//5414 5536//5416 5537//5417
f 5537//5417 5536//5416 5538//5418
f 5536//5416 5529//5409 5539//5419
f 5539//5419 5529//5409 5528//5408
f 5538//5418 5536//5416 5540//5420
f 5540//5420 5536//5416 5539//5419
f 5538//5418 5540//5420 5541//5421
f 5541//5421 5540//5420 5542//5422
f 5542//5422 5540//5420 5539//5419
f 5541//5421 5542//5422 5483//5364
f 5539//5419 5528//5408 5543//5423
f 5543//5423 5528//5408 5509//5389
f 5542//5422 5539//5419 5544//5424
f 5544//5424 5539//5419 5543//5423
f 5483//5364 5542//5422 5545//5425
f 5545//5425 5542//5422 5544//5424
f 5483//5364 5545//5425 5482//5363
f 5544//5424 5543//5423 5546//5426
f 5544//5424 5546//5426 5545//5425
f 5482//5363 5545//5425 5547//5427
f 5547//5427 5545//5425 5546//5426
f 5482//5363 5547//5427 5484//5365
f 5546//5426 5543//5423 5548//5428
f 5546//5426 5548//5428 5547//5427
f 5548//5428 5543//5423 5509//5389
f 5484//5365 5547//5427 5549//5429
f 5549//5429 5547//5427 5548//5428
f 5484//5365 5549//5429 5485//5366
f 5485//5366 5549//5429 5500//842
f 5549//5429 5548//5428 5550//5430
f 5550//5430 5548//5428 5509//5389
f 5549//5429 5550//5430 5500//842
f 5550//5430 5509//5389 5501//5381
f 5550//5430 5501//5381 5500//842
o tripo_part_32
g tripo_part_32
usemtl mat_0
v 0.055779770 0.765171289 0.087086573
vn 0.986333430 -0.047344007 0.157813340
v 0.059693649 0.765171289 0.063603297
vn 0.780447423 -0.417815298 -0.465115130
v 0.053822830 0.771030664 0.102742091
vn 0.980218887 -0.109784514 0.164676771
v 0.028383091 0.757335901 0.145792857
vn -0.984923959 0.086673312 -0.149708435
v 0.032296970 0.761249781 0.145792857
vn -0.324184120 0.909296930 0.260928690
vn -0.401462853 0.913131177 -0.070846379
v 0.038167790 0.759296656 0.147749797
vn 0.180688351 0.840593636 0.510640979
v 0.028383091 0.712330103 0.194716349
vn -0.236690551 0.544388235 0.804747820
v 0.051866367 0.767124414 0.102742091
vn -0.409131885 0.904810905 -0.118018821
vn -0.824601710 -0.549734414 -0.133506939
v 0.047951534 0.757335901 0.145792857
vn 0.244763106 0.836931944 0.489526212
v 0.040124729 0.710369408 0.192759410
vn 0.196789414 0.527395606 0.826515555
v 0.063607529 0.755382776 0.141878977
vn 0.361622274 0.817580760 0.448097169
v 0.063607529 0.708416283 0.188845530
vn 0.369620711 0.519041836 0.770698488
v 0.081220463 0.749508142 0.132092372
vn 0.613811851 0.723983169 0.314775288
v 0.083177403 0.702541649 0.177103415
vn 0.702597558 0.394717723 0.592076600
v 0.059693649 0.649706185 0.216240779
vn 0.283008724 0.243701965 0.927639723
v 0.089048222 0.743641138 0.124264613
vn 0.958256423 0.078545608 -0.274909616
v 0.079263523 0.647749245 0.204499140
vn 0.663063765 0.181553185 0.726212740
v 0.091005161 0.698631585 0.165361777
vn 0.999938011 -0.007873528 -0.007873528
v 0.081220463 0.739727259 0.124264613
vn -0.078867398 -0.796560764 -0.599392235
v 0.085134342 0.692760766 0.161447421
vn 0.047283694 -0.559523642 -0.827464640
v 0.089048222 0.643835366 0.192759410
vn 0.992218256 -0.039373741 0.118121222
v 0.071435764 0.743641138 0.130135432
vn -0.504892647 -0.741561115 -0.441781074
v 0.047951534 0.751468897 0.141878977
vn -0.410046667 -0.764894783 -0.496787339
v 0.081220463 0.589039147 0.202544108
vn 0.985474706 -0.063070379 0.157675952
v 0.085134342 0.641878426 0.186887637
vn 0.259697646 -0.291176170 -0.920746207
v 0.073392704 0.698631585 0.171232536
vn -0.529516041 -0.474193513 -0.703387022
v 0.044038609 0.702541649 0.182973757
vn -0.362305850 -0.472572863 -0.803373814
v 0.020555332 0.708416283 0.188845530
vn -0.990989983 0.007865000 -0.133704990
v 0.040124729 0.647749245 0.206456080
vn -0.291176170 -0.259697646 -0.920746207
v 0.069478825 0.645792305 0.196673289
v 0.077306584 0.587082207 0.192759410
vn 0.227613822 -0.031395011 -0.973245323
v 0.016641453 0.649706185 0.212326899
vn -0.990530550 -0.031445414 -0.133643001
v 0.024469212 0.651663125 0.218197718
vn -0.260586798 0.252690226 0.931795180
v 0.018598393 0.590996087 0.220154658
vn -0.950753808 -0.157149374 -0.267153949
v 0.040124729 0.590996087 0.216240779
vn -0.299584329 -0.015767597 -0.953939617
v 0.063607529 0.589039147 0.204499140
vn -0.541881084 0.015706699 -0.840308368
v 0.038167790 0.534244835 0.210369959
vn -0.898167074 -0.354539633 -0.259995729
v 0.051866367 0.536205590 0.204499140
vn -0.425091445 0.236161917 -0.873799086
v 0.067521408 0.536205590 0.196673289
vn -0.527281284 0.228226230 -0.818466485
v 0.079263523 0.538158715 0.186887637
vn 0.433973193 0.268274337 -0.860055983
v 0.079263523 0.536205590 0.194716349
vn 0.980460048 -0.015687361 0.196092010
v 0.083177403 0.500980675 0.171232536
vn 0.479883760 0.558553219 -0.676557422
v 0.071435764 0.500980675 0.177103415
vn -0.504296720 0.370342910 -0.780084014
v 0.065564469 0.499027550 0.181016818
vn -0.865096509 -0.377496660 -0.330309570
v 0.089048222 0.471622765 0.149706736
vn -0.402812988 -0.434406191 -0.805625975
v 0.083177403 0.500980675 0.175146475
vn 0.984679401 0.055142045 0.165426135
v 0.091005161 0.471622765 0.149706736
vn 0.751158416 -0.371625721 -0.545578182
v 0.067521408 0.499027550 0.184930697
vn -0.306735009 -0.770770013 0.558414996
v 0.089048222 0.471622765 0.151663676
vn -0.062859759 -0.887894094 0.455733240
v 0.081220463 0.499027550 0.181016818
vn 0.817176878 -0.267153978 0.510735571
v 0.071435764 0.499027550 0.184930697
vn 0.000000000 -0.711046040 0.703145504
v 0.077306584 0.499027550 0.184930697
vn 0.339003295 -0.599168658 0.725309432
v 0.075349644 0.534244835 0.204499140
vn 0.778948307 -0.188835964 0.597980499
v 0.063607529 0.534244835 0.214283839
vn 0.291032016 -0.353957862 0.888827443
v 0.073392704 0.589039147 0.214283839
vn 0.666712821 -0.015687361 0.745149612
v 0.055779770 0.589039147 0.224068537
vn 0.275684565 -0.023630107 0.960957706
v 0.049908474 0.534244835 0.214283839
vn 0.126168206 -0.402161181 0.906834006
v 0.036210850 0.590996087 0.226025477
vn 0.133704990 -0.007865000 0.990989983
v 0.042081669 0.534244835 0.216240779
vn -0.283887327 -0.496802837 0.820118904
v 0.024469212 0.590996087 0.227982417
vn -0.385099292 -0.078591689 0.919522762
v 0.036210850 0.651663125 0.216240779
vn 0.094327509 0.267261237 0.958996296
f 5551//5431 5552//5432 5553//5433
f 5554//5434 5555//5435 5551//5431
f 5551//5436 5552//5436 5554//5434
f 5551//5431 5555//5435 5556//5437
f 5555//5435 5554//5434 5557//5438
f 5555//5435 5557//5438 5556//5437
f 5551//5431 5556//5437 5558//5439
f 5551//5440 5558//5439 5552//5440
f 5558//5439 5556//5437 5559//5441
f 5559//5441 5556//5437 5560//5442
f 5560//5442 5556//5437 5557//5438
f 5558//5439 5559//5441 5561//5443
f 5559//5441 5560//5442 5562//5444
f 5559//5441 5562//5444 5561//5443
f 5558//5439 5561//5443 5563//5445
f 5558//5439 5563//5445 5552//5432
f 5561//5443 5562//5444 5564//5446
f 5561//5443 5564//5446 5563//5445
f 5562//5444 5560//5442 5565//5447
f 5563//5445 5564//5446 5566//5448
f 5563//5445 5566//5448 5552//5432
f 5564//5446 5562//5444 5567//5449
f 5567//5449 5562//5444 5565//5447
f 5566//5448 5564//5446 5568//5450
f 5568//5450 5564//5446 5567//5449
f 5552//5432 5566//5448 5569//5451
f 5566//5448 5568//5450 5570//5452
f 5566//5448 5570//5452 5569//5451
f 5568//5450 5567//5449 5571//5453
f 5568//5450 5571//5453 5570//5452
f 5569//5451 5570//5452 5572//5454
f 5569//5451 5572//5454 5552//5432
f 5552//5432 5572//5454 5573//5455
f 5552//5432 5573//5455 5554//5434
f 5571//5453 5567//5449 5574//5456
f 5570//5452 5571//5453 5575//5457
f 5575//5457 5571//5453 5574//5456
f 5572//5454 5570//5452 5576//5458
f 5576//5458 5570//5452 5575//5457
f 5573//5455 5572//5454 5577//5459
f 5577//5459 5572//5454 5576//5458
f 5578//5460 5554//5434 5573//5455
f 5578//5460 5573//5455 5577//5459
f 5554//5434 5578//5460 5557//5438
f 5577//5459 5576//5458 5579//5461
f 5577//5459 5579//5461 5578//5460
f 5580//4741 5576//5458 5575//5457
f 5576//5458 5580//4741 5579//5461
f 5580//4741 5575//5457 5581//5462
f 5581//5462 5575//5457 5574//5456
f 5557//5438 5578//5460 5582//5463
f 5582//5463 5578//5460 5579//5461
f 5557//5438 5582//5463 5583//5464
f 5582//5463 5579//5461 5584//5465
f 5582//5463 5584//5465 5583//5464
f 5585//5466 5579//5461 5580//4741
f 5579//5461 5585//5466 5584//5465
f 5585//5466 5580//4741 5586//5467
f 5586//5467 5580//4741 5581//5462
f 5584//5465 5585//5466 5587//5468
f 5585//5466 5586//5467 5588//5469
f 5585//5466 5588//5469 5587//5468
f 5586//5467 5581//5462 5589//5470
f 5586//5467 5589//5470 5588//5469
f 5589//5470 5581//5462 5590//5471
f 5590//5471 5581//5462 5591//5472
f 5591//5472 5581//5462 5574//5456
f 5589//5470 5590//5471 5592//5473
f 5592//5473 5590//5471 5591//5472
f 5588//5469 5589//5470 5593//5474
f 5593//5474 5589//5470 5592//5473
f 5588//5469 5593//5474 5594//5475
f 5588//5469 5594//5475 5587//5468
f 5593//5474 5592//5473 5595//5476
f 5593//5474 5595//5476 5594//5475
f 5592//5473 5591//5472 5596//5477
f 5595//5476 5592//5473 5597//5478
f 5597//5478 5592//5473 5596//5477
f 5594//5475 5595//5476 5598//5479
f 5594//5475 5598//5479 5587//5468
f 5595//5476 5597//5478 5599//5480
f 5595//5476 5599//5480 5598//5479
f 5597//5478 5596//5477 5600//5481
f 5600//5481 5596//5477 5591//5472
f 5599//5480 5597//5478 5601//5482
f 5599//5480 5601//5482 5598//5479
f 5597//5478 5600//5481 5602//5483
f 5597//5478 5602//5483 5601//5482
f 5600//5481 5591//5472 5603//5484
f 5600//5481 5603//5484 5602//5483
f 5603//5484 5591//5472 5574//5456
f 5601//5482 5602//5483 5604//5485
f 5604//5485 5602//5483 5603//5484
f 5603//5484 5574//5456 5605//5486
f 5603//5484 5605//5486 5604//5485
f 5605//5486 5574//5456 5567//5449
f 5605//5486 5567//5449 5565//5447
f 5604//5485 5605//5486 5606//5487
f 5606//5487 5605//5486 5565//5447
f 5601//5482 5604//5485 5607//5488
f 5607//5488 5604//5485 5606//5487
f 5601//5482 5607//5488 5598//5479
f 5606//5487 5565//5447 5608//5489
f 5606//5487 5608//5489 5607//5488
f 5598//5479 5607//5488 5609//5490
f 5609//5490 5607//5488 5608//5489
f 5598//5479 5609//5490 5587//5468
f 5587//5468 5609//5490 5610//5491
f 5610//5491 5609//5490 5608//5489
f 5587//5468 5610//5491 5584//5465
f 5584//5465 5610//5491 5583//5464
f 5610//5491 5608//5489 5611//5492
f 5610//5491 5611//5492 5583//5464
f 5611//5492 5608//5489 5565//5447
f 5583//5464 5611//5492 5557//5438
f 5611//5492 5565//5447 5560//5442
f 5611//5492 5560//5442 5557//5438
o tripo_part_33
g tripo_part_33
usemtl mat_0
v 0.171239659 0.708413780 -0.040116437
vn 0.747568190 0.535101473 0.393456966
v 0.126229927 0.733857870 0.000975482
vn 0.031523436 0.583183646 0.811728477
v 0.126229927 0.720155478 0.004889362
vn -0.094714545 -0.252572119 0.962931275
v 0.106656715 0.727983236 -0.022507794
vn -0.763377309 0.243965954 0.598110080
v 0.116445228 0.747552633 -0.018593915
vn -0.188865185 0.912848353 0.361991584
v 0.157540962 0.726030111 -0.063599713
vn 0.457047254 0.882574022 -0.110321753
v 0.104703590 0.743646383 -0.036202557
vn -0.424828291 0.904726863 0.031468760
v 0.118402168 0.716241598 -0.008805402
vn -0.658889413 -0.478479207 0.580450237
v 0.104703590 0.716241598 -0.020547040
vn -0.707850039 0.228084996 0.668524981
v 0.089048073 0.722116232 -0.044030316
vn -0.995713115 0.031609941 0.086927339
v 0.171239659 0.692758262 -0.032288678
vn 0.425236374 -0.401612133 0.811098993
v 0.161454841 0.690805137 -0.042077191
vn -0.290861100 -0.841138899 0.455944419
v 0.186895058 0.663404167 -0.065556653
vn -0.094196633 -0.580879271 0.808521092
v 0.089048073 0.733857870 -0.045991071
vn -0.850077629 0.519491851 -0.086581983
v 0.116445228 0.700586021 -0.089041837
vn -0.898613393 -0.134003744 -0.417776406
v 0.116445228 0.712327719 -0.092955716
vn -0.660047829 0.455747306 -0.597186148
v 0.136014625 0.679059684 -0.128180623
vn -0.843749940 -0.094626158 -0.528329372
v 0.198636696 0.667318046 -0.061642773
vn 0.588040948 -0.227375835 0.776214063
v 0.202550575 0.634050071 -0.075341351
vn 0.503297746 -0.196600676 0.841450930
v 0.190808937 0.634050071 -0.075341351
vn 0.000000000 -0.275761575 0.961226106
v 0.204507515 0.681016624 -0.075341351
vn 0.897721350 0.385862678 0.212618217
v 0.208421394 0.600782096 -0.083169110
vn 0.566718340 -0.267617017 0.779237807
v 0.196679756 0.600782096 -0.083169110
vn 0.015687844 -0.337288618 0.941270590
v 0.212335274 0.641877830 -0.090998776
vn 0.977226615 0.055166017 0.204902336
v 0.216249153 0.604696929 -0.100783475
vn 0.988366246 -0.071162365 0.134417802
v 0.202550575 0.569471061 -0.098826535
vn 0.536348343 -0.512685955 0.670435429
v 0.190808937 0.569471061 -0.096869595
vn 0.133453444 -0.525963604 0.839971721
v 0.192765877 0.540116966 -0.120352633
vn 0.401015759 -0.770579338 0.495372444
v 0.182981178 0.542077720 -0.118395694
vn -0.039334733 -0.763093829 0.645089626
v 0.210378334 0.571428001 -0.114481814
vn 0.948624015 -0.308302790 0.071146794
v 0.210378334 0.614481390 -0.136008382
vn 0.876956761 0.079005115 -0.474030674
v 0.200593635 0.545991600 -0.132094502
vn 0.896859705 -0.440562665 -0.039335951
v 0.186895058 0.530336082 -0.139922261
vn 0.229164883 -0.964073002 0.134338036
v 0.179067299 0.532289207 -0.139922261
vn -0.221014380 -0.955097914 0.197334275
v 0.208421394 0.653619468 -0.124266274
vn 0.890288293 0.275752991 -0.362418234
v 0.202550575 0.581212699 -0.145793080
vn 0.839764833 -0.039241347 -0.541530550
v 0.186895058 0.620352209 -0.155575871
vn 0.509901941 0.149048269 -0.847221673
v 0.190808937 0.696672142 -0.108611234
vn 0.622510612 0.709189296 -0.330954999
v 0.186895058 0.659490287 -0.147750020
vn 0.520654380 0.378657728 -0.765204191
v 0.163411781 0.696672142 -0.126223683
vn 0.189093649 0.772132397 -0.606675506
v 0.136014625 0.722116232 -0.083169110
vn 0.015800530 0.892729998 -0.450315118
v 0.139928505 0.688844383 -0.136008382
vn -0.487584800 0.424670637 -0.762834251
v 0.155584022 0.655576408 -0.147750020
vn -0.730181396 0.015702827 -0.683072925
v 0.163411781 0.659490287 -0.155575871
vn -0.165781438 0.323668540 -0.931533813
v 0.163411781 0.624265850 -0.163403630
vn -0.259834468 0.157475427 -0.952726424
v 0.155584022 0.620352209 -0.153618932
vn -0.797926784 0.110603712 -0.592519879
v 0.153627083 0.589040458 -0.157532811
vn -0.849972188 0.125921801 -0.511557341
v 0.159497902 0.590997398 -0.167317510
vn -0.409817427 0.157622084 -0.898445904
v 0.181024238 0.589040458 -0.163403630
vn 0.418609560 0.118474402 -0.900405407
v 0.157540962 0.563600242 -0.169274449
vn -0.450146586 -0.031589232 -0.892395854
v 0.151670143 0.561643302 -0.161446691
vn -0.785552919 -0.086410828 -0.612731338
v 0.159497902 0.547944725 -0.163403630
vn -0.653037429 -0.369792283 -0.660905361
v 0.177110359 0.561643302 -0.167317510
vn 0.339457244 0.047366127 -0.939428151
v 0.163411781 0.551858604 -0.169274449
vn -0.346671730 -0.173335865 -0.921831548
v 0.169282719 0.544030845 -0.169274449
vn -0.503687263 -0.251843631 -0.826362014
v 0.194722816 0.555772483 -0.155575871
vn 0.809094667 -0.086408168 -0.581291318
v 0.190808937 0.547944725 -0.159489751
vn 0.834361315 0.015742665 -0.550993264
v 0.177110359 0.551858604 -0.167317510
vn 0.346531928 0.244147480 -0.905708373
v 0.171239659 0.547944725 -0.171231389
vn -0.149601668 0.291329563 -0.944852650
v 0.181024238 0.540116966 -0.177102208
vn 0.007872797 -0.015745593 -0.999845147
v 0.181024238 0.542077720 -0.177102208
vn 0.133523405 0.471259117 -0.871829391
v 0.184938118 0.540116966 -0.175145268
vn 0.598128617 0.495817095 -0.629609048
v 0.179067299 0.545991600 -0.169274449
vn 0.385134935 0.668091178 -0.636651635
v 0.188851997 0.544030845 -0.165360570
vn 0.842180371 0.299092084 -0.448638141
v 0.186895058 0.538163841 -0.173188329
vn 0.646070004 -0.535765350 -0.543644249
v 0.184938118 0.538163841 -0.173188329
vn 0.047173951 -0.904167414 -0.424565583
v 0.188851997 0.536203086 -0.159489751
vn 0.826362014 -0.503687263 -0.251843631
v 0.181024238 0.532289207 -0.157532811
vn 0.000000000 -0.986179948 -0.165678218
v 0.182981178 0.538163841 -0.173188329
vn 0.000000000 -0.935356557 -0.353706300
v 0.184938118 0.532289207 -0.157532811
vn 0.299509883 -0.930056930 -0.212809637
v 0.192765877 0.536203086 -0.145793080
vn 0.820629418 -0.544456005 -0.173594683
f 5612//5493 5613//5494 5614//5495
f 5614//5495 5613//5494 5615//5496
f 5615//5496 5613//5494 5616//5497
f 5616//5497 5613//5494 5617//5498
f 5617//5498 5613//5494 5612//5493
f 5615//5496 5616//5497 5618//5499
f 5618//5499 5616//5497 5617//5498
f 5614//5495 5615//5496 5619//5500
f 5619//5500 5615//5496 5620//5501
f 5620//5501 5615//5496 5621//5502
f 5614//5495 5619//5500 5622//5503
f 5614//5495 5622//5503 5612//5493
f 5622//5503 5619//5500 5623//5504
f 5622//5503 5623//5504 5624//5505
f 5621//5502 5615//5496 5625//5506
f 5625//5506 5615//5496 5618//5499
f 5621//5502 5625//5506 5626//5507
f 5626//5507 5625//5506 5627//5508
f 5627//5508 5625//5506 5618//5499
f 5626//5507 5627//5508 5628//5509
f 5622//5503 5624//5505 5629//5510
f 5622//5503 5629//5510 5612//5493
f 5629//5510 5624//5505 5630//5511
f 5630//5511 5624//5505 5631//5512
f 5612//5493 5629//5510 5632//5513
f 5630//5511 5631//5512 5633//5514
f 5633//5514 5631//5512 5634//5515
f 5629//5510 5630//5511 5635//5516
f 5629//5510 5635//5516 5632//5513
f 5630//5511 5633//5514 5636//5517
f 5630//5511 5636//5517 5635//5516
f 5633//5514 5634//5515 5637//5518
f 5633//5514 5637//5518 5636//5517
f 5637//5518 5634//5515 5638//5519
f 5632//5513 5617//5498 5612//5493
f 5637//5518 5638//5519 5639//5520
f 5639//5520 5638//5519 5640//5521
f 5636//5517 5637//5518 5641//5522
f 5641//5522 5637//5518 5639//5520
f 5636//5517 5641//5522 5642//5523
f 5636//5517 5642//5523 5635//5516
f 5641//5522 5639//5520 5643//5524
f 5639//5520 5640//5521 5644//5525
f 5639//5520 5644//5525 5643//5524
f 5644//5525 5640//5521 5645//5526
f 5635//5516 5642//5523 5646//5527
f 5635//5516 5646//5527 5632//5513
f 5647//5528 5642//5523 5641//5522
f 5647//5528 5641//5522 5643//5524
f 5646//5527 5642//5523 5648//5529
f 5648//5529 5642//5523 5647//5528
f 5632//5513 5646//5527 5649//5530
f 5632//5513 5649//5530 5617//5498
f 5649//5530 5646//5527 5650//5531
f 5650//5531 5646//5527 5648//5529
f 5617//5498 5649//5530 5651//5532
f 5651//5532 5649//5530 5650//5531
f 5617//5498 5651//5532 5652//5533
f 5617//5498 5652//5533 5618//5499
f 5618//5499 5652//5533 5627//5508
f 5627//5508 5652//5533 5653//5534
f 5653//5534 5652//5533 5651//5532
f 5627//5508 5653//5534 5628//5509
f 5628//5509 5653//5534 5654//5535
f 5653//5534 5651//5532 5655//5536
f 5655//5536 5651//5532 5650//5531
f 5653//5534 5655//5536 5654//5535
f 5655//5536 5650//5531 5648//5529
f 5654//5535 5655//5536 5656//5537
f 5656//5537 5655//5536 5648//5529
f 5654//5535 5656//5537 5657//5538
f 5657//5538 5656//5537 5658//5539
f 5656//5537 5648//5529 5659//5540
f 5656//5537 5659//5540 5658//5539
f 5659//5540 5648//5529 5660//5541
f 5660//5541 5648//5529 5647//5528
f 5658//5539 5659//5540 5661//5542
f 5658//5539 5661//5542 5662//5543
f 5662//5543 5661//5542 5663//5544
f 5661//5542 5659//5540 5664//5545
f 5664//5545 5659//5540 5660//5541
f 5663//5544 5661//5542 5665//5546
f 5665//5546 5661//5542 5664//5545
f 5663//5544 5665//5546 5666//5547
f 5667//5548 5660//5541 5647//5528
f 5660//5541 5667//5548 5664//5545
f 5667//5548 5647//5528 5643//5524
f 5664//5545 5667//5548 5668//5549
f 5668//5549 5667//5548 5643//5524
f 5665//5546 5664//5545 5669//5550
f 5669//5550 5664//5545 5668//5549
f 5670//5551 5666//5547 5665//5546
f 5670//5551 5665//5546 5669//5550
f 5666//5547 5670//5551 5671//5552
f 5671//5552 5670//5551 5672//5553
f 5671//5552 5672//5553 5673//5554
f 5672//5553 5670//5551 5674//5555
f 5672//5553 5674//5555 5673//5554
f 5674//5555 5670//5551 5669//5550
f 5674//5555 5669//5550 5675//5556
f 5674//5555 5675//5556 5673//5554
f 5675//5556 5669//5550 5668//5549
f 5673//5554 5675//5556 5676//5557
f 5673//5554 5676//5557 5677//5558
f 5676//5557 5675//5556 5678//5559
f 5676//5557 5678//5559 5677//5558
f 5678//5559 5675//5556 5668//5549
f 5679//5560 5680//5561 5677//5558
f 5679//5560 5677//5558 5681//5562
f 5681//5562 5677//5558 5678//5559
f 5679//5560 5681//5562 5645//5526
f 5645//5526 5681//5562 5644//5525
f 5681//5562 5678//5559 5682//5563
f 5681//5562 5682//5563 5644//5525
f 5682//5563 5678//5559 5668//5549
f 5644//5525 5682//5563 5643//5524
f 5643//5524 5682//5563 5668//5549
o tripo_part_34
g tripo_part_34
usemtl mat_0
v 0.128186762 0.064579219 0.075342111
vn 0.995464504 0.063204095 0.071104601
v 0.126229823 0.062622041 0.075342111
vn 0.729170740 -0.682127476 0.054883823
v 0.128186762 0.062622041 0.055772714
vn 0.880118132 0.463633627 -0.102156565
v 0.122315951 0.066536158 0.053815775
vn 0.591855288 0.765466154 -0.252524912
v 0.128186762 0.058708161 0.055772714
vn 0.864321709 -0.502878070 0.007857470
v 0.124272890 0.060665101 0.096868448
vn 0.856728733 0.070739068 0.510893285
v 0.128186762 0.060665101 0.051858835
vn 0.855514050 0.125580043 -0.502320170
v 0.122315951 0.058708161 0.075342111
vn 0.173335865 -0.984862804 0.000000000
v 0.126229823 0.058708161 0.049901895
vn 0.486577719 -0.266832918 -0.831890941
v 0.122315951 0.054794282 0.055772714
v 0.122315951 0.054794282 0.051858835
vn 0.157008901 -0.902801216 -0.400372714
v 0.122315951 0.060665101 0.049901895
vn 0.134417802 -0.071162365 -0.988366246
v 0.118402071 0.056751221 0.049901895
vn -0.385134935 -0.668091178 -0.636651635
v 0.110574313 0.064579219 0.049901895
vn -0.267451346 -0.715825737 -0.645029724
v 0.122315951 0.064579219 0.049901895
vn 0.465115130 0.417815298 -0.780447423
v 0.112531252 0.068493098 0.047944956
vn 0.117978655 0.062921949 -0.991020679
v 0.114488192 0.070450038 0.049901895
vn 0.417258173 0.677060366 -0.606205285
v 0.102746554 0.074364156 0.047944956
vn 0.142124951 0.552708149 -0.821166396
v 0.114488192 0.072407216 0.053815775
vn 0.465187460 0.843645096 -0.268074125
v 0.100789614 0.072407216 0.047944956
vn -0.031620800 -0.150198802 -0.988150001
v 0.098832674 0.066536158 0.049901895
vn -0.267807871 -0.795546889 -0.543492436
v 0.094918795 0.076320618 0.047944956
vn -0.118154198 0.740432978 -0.661663473
v 0.092961855 0.074364156 0.047944956
vn -0.620951056 0.212223768 -0.754573405
v 0.092961855 0.070450038 0.047944956
vn -0.463705242 -0.377251744 -0.801659942
v 0.091004916 0.070450038 0.053815775
vn -0.889488101 -0.448679835 -0.086587340
v 0.092961855 0.076320618 0.051858835
vn -0.612504661 0.769557118 -0.180610344
v 0.094918795 0.076320618 0.051858835
vn 0.031582341 0.986948133 -0.157911703
v 0.102746554 0.076320618 0.051858835
vn 0.189564958 0.924129188 -0.331738681
v 0.089047976 0.074364156 0.071428232
vn -0.975894094 -0.196752846 -0.094441369
v 0.092961855 0.080234498 0.071428232
vn -0.756962240 0.646571934 -0.094620280
v 0.094918795 0.082191437 0.071428232
vn -0.236484557 0.969586670 -0.063062549
v 0.102746554 0.080234498 0.073385172
vn 0.299388975 0.953317583 0.039393287
v 0.091004916 0.078277558 0.092954569
vn -0.315440148 0.914776504 0.252352148
v 0.089047976 0.076320618 0.092954569
vn -0.834128678 0.535101414 0.133775353
v 0.087091036 0.070450038 0.090997629
vn -0.933543146 -0.332278073 -0.134493500
v 0.092961855 0.066536158 0.094911508
vn -0.363027185 -0.836540937 0.410378546
v 0.089047976 0.074364156 0.096868448
v 0.087091036 0.068493098 0.094911508
vn -0.742092431 -0.568411231 0.355257034
v 0.091004916 0.076320618 0.096868448
vn -0.290978014 0.660598695 0.692055821
v 0.098832674 0.076320618 0.094911508
vn 0.228936270 0.899956405 0.371034652
v 0.096875735 0.072407216 0.098825388
vn -0.180515736 -0.188364238 0.965366781
v 0.096875735 0.074364156 0.098825388
vn -0.007870113 0.472206831 0.881452739
v 0.112531252 0.076320618 0.073385172
vn 0.440562665 0.896859705 0.039335951
v 0.110574313 0.072407216 0.094911508
vn 0.403783917 0.839237213 0.364197254
v 0.108617358 0.070450038 0.098825388
vn 0.165796936 0.481600642 0.860565066
v 0.118402071 0.066536158 0.096868448
vn 0.574999273 0.748286724 0.330821484
v 0.122315951 0.070450038 0.075342111
vn 0.613488972 0.786524355 0.070787191
v 0.118402071 0.064579219 0.100782327
vn 0.407996893 0.376612544 0.831686020
v 0.122315951 0.060665101 0.098825388
vn 0.699985027 0.424710006 0.574145019
v 0.108617358 0.068493098 0.098825388
vn -0.181553185 -0.094723403 0.978808463
v 0.116445132 0.062622041 0.100782327
vn -0.086797334 -0.063125335 0.994224012
v 0.124272890 0.058708161 0.094911508
vn 0.882218063 -0.448985994 0.141785040
v 0.104703493 0.064579219 0.096868448
vn -0.353455245 -0.706910491 0.612655759
v 0.122315951 0.058708161 0.100782327
vn 0.581956029 -0.133692592 0.802155614
v 0.120359011 0.054794282 0.094911508
vn 0.251656651 -0.967305303 -0.031457081
v 0.112531252 0.056751221 0.098825388
vn -0.520865083 -0.710270584 0.473513722
v 0.118402071 0.054794282 0.098825388
vn 0.007888457 -0.867730260 0.496972799
f 5683//5564 5684//5565 5685//5566
f 5683//5564 5685//5566 5686//5567
f 5685//5566 5684//5565 5687//5568
f 5684//5565 5683//5564 5688//5569
f 5685//5566 5687//5568 5689//5570
f 5685//5566 5689//5570 5686//5567
f 5687//5568 5684//5565 5690//5571
f 5689//5570 5687//5568 5691//5572
f 5691//5572 5687//5568 5692//46
f 5692//46 5687//5568 5690//5571
f 5691//5572 5692//46 5693//5573
f 5689//5570 5691//5572 5694//5574
f 5694//5574 5691//5572 5693//5573
f 5693//5573 5692//46 5695//5575
f 5693//5573 5695//5575 5694//5574
f 5695//5575 5692//46 5696//5576
f 5695//5575 5696//5576 5694//5574
f 5696//5576 5692//46 5690//5571
f 5689//5570 5694//5574 5697//5577
f 5689//5570 5697//5577 5686//5567
f 5694//5574 5696//5576 5698//5578
f 5694//5574 5698//5578 5697//5577
f 5697//5577 5698//5578 5699//5579
f 5697//5577 5699//5579 5686//5567
f 5699//5579 5698//5578 5700//5580
f 5686//5567 5699//5579 5701//5581
f 5701//5581 5699//5579 5700//5580
f 5698//5578 5696//5576 5702//5582
f 5698//5578 5702//5582 5700//5580
f 5702//5582 5696//5576 5703//5583
f 5703//5583 5696//5576 5690//5571
f 5700//5580 5702//5582 5704//5584
f 5702//5582 5703//5583 5705//5585
f 5702//5582 5705//5585 5704//5584
f 5705//5585 5703//5583 5706//5586
f 5706//5586 5703//5583 5707//5587
f 5706//5586 5707//5587 5705//5585
f 5707//5587 5703//5583 5690//5571
f 5704//5584 5705//5585 5708//5588
f 5708//5588 5705//5585 5707//5587
f 5709//5589 5700//5580 5704//5584
f 5709//5589 5704//5584 5708//5588
f 5700//5580 5709//5589 5710//5590
f 5700//5580 5710//5590 5701//5581
f 5708//5588 5707//5587 5711//5591
f 5711//5591 5707//5587 5690//5571
f 5709//5589 5708//5588 5712//5592
f 5712//5592 5708//5588 5711//5591
f 5710//5590 5709//5589 5713//5593
f 5713//5593 5709//5589 5712//5592
f 5710//5590 5713//5593 5714//5594
f 5710//5590 5714//5594 5701//5581
f 5713//5593 5712//5592 5715//5595
f 5713//5593 5715//5595 5714//5594
f 5712//5592 5711//5591 5716//5596
f 5712//5592 5716//5596 5715//5595
f 5716//5596 5711//5591 5717//5597
f 5717//5597 5711//5591 5718//5598
f 5718//5598 5711//5591 5690//5571
f 5716//5596 5717//5597 5719//5307
f 5717//5597 5718//5598 5720//5599
f 5717//5597 5720//5599 5719//5307
f 5719//5307 5720//5599 5718//5598
f 5721//5600 5715//5595 5716//5596
f 5721//5600 5716//5596 5719//5307
f 5715//5595 5721//5600 5722//5601
f 5715//5595 5722//5601 5714//5594
f 5721//5600 5719//5307 5723//5602
f 5723//5602 5719//5307 5718//5598
f 5722//5601 5721//5600 5724//5603
f 5724//5603 5721//5600 5723//5602
f 5714//5594 5722//5601 5725//5604
f 5714//5594 5725//5604 5701//5581
f 5722//5601 5724//5603 5726//5605
f 5722//5601 5726//5605 5725//5604
f 5724//5603 5723//5602 5727//5606
f 5724//5603 5727//5606 5726//5605
f 5725//5604 5726//5605 5728//5607
f 5728//5607 5726//5605 5727//5606
f 5701//5581 5725//5604 5729//5608
f 5729//5608 5725//5604 5728//5607
f 5701//5581 5729//5608 5686//5567
f 5686//5567 5729//5608 5683//5564
f 5683//5564 5729//5608 5688//5569
f 5688//5569 5729//5608 5728//5607
f 5728//5607 5727//5606 5730//5609
f 5688//5569 5728//5607 5731//5610
f 5731//5610 5728//5607 5730//5609
f 5730//5609 5727//5606 5732//5611
f 5732//5611 5727//5606 5723//5602
f 5731//5610 5730//5609 5733//5612
f 5733//5612 5730//5609 5732//5611
f 5688//5569 5731//5610 5734//5613
f 5688//5569 5734//5613 5684//5565
f 5732//5611 5723//5602 5735//5614
f 5732//5611 5735//5614 5733//5612
f 5735//5614 5723//5602 5718//5598
f 5684//5565 5734//5613 5690//5571
f 5735//5614 5718//5598 5690//5571
f 5734//5613 5731//5610 5736//5615
f 5736//5615 5731//5610 5733//5612
f 5690//5571 5734//5613 5737//5616
f 5737//5616 5734//5613 5736//5615
f 5735//5614 5690//5571 5738//5617
f 5735//5614 5738//5617 5733//5612
f 5738//5617 5690//5571 5737//5616
f 5736//5615 5733//5612 5739//5618
f 5736//5615 5739//5618 5737//5616
f 5739//5618 5733//5612 5738//5617
f 5739//5618 5738//5617 5737//5616
o tripo_part_35
g tripo_part_35
usemtl mat_0
v 0.130143702 0.060665101 -0.044031762
vn 0.798649848 0.031629696 0.600964248
v 0.128186762 0.058708161 -0.044031762
vn 0.393164873 -0.605473936 0.691970229
v 0.130143702 0.058708161 -0.047945641
vn 0.852616847 -0.521043599 0.039473001
v 0.124272890 0.062622041 -0.042074822
vn 0.086344257 -0.172688514 0.981184721
v 0.124272890 0.054794282 -0.045988701
vn 0.157110602 -0.919097006 0.361354411
v 0.124272890 0.054794282 -0.049902581
v 0.120359011 0.056751221 -0.044031762
vn -0.410225272 -0.725783229 0.552226305
v 0.112531252 0.064579219 -0.044031762
vn -0.243356302 -0.745769262 0.620166063
v 0.124272890 0.058708161 -0.069471978
vn 0.205208451 -0.978686512 -0.007892633
v 0.130143702 0.062622041 -0.047945641
vn 0.860484660 0.497344345 0.110520966
v 0.128186762 0.062622041 -0.069471978
vn 0.929450929 -0.354451627 -0.102397136
v 0.124272890 0.066536158 -0.047945641
v 0.128186762 0.064579219 -0.069471978
vn 0.898976445 0.425830960 -0.102514848
v 0.124272890 0.064579219 -0.042074822
vn 0.409131885 0.448471487 0.794660032
v 0.114488192 0.068493098 -0.042074822
vn -0.007898293 -0.236948803 0.971490085
v 0.116445132 0.070450038 -0.042074822
vn 0.353608012 0.495051175 0.793653488
v 0.116445132 0.072407216 -0.045988701
vn 0.465781420 0.852616847 0.236838028
v 0.104703493 0.074364156 -0.040117882
vn 0.196406424 0.542081714 0.817050755
v 0.102746554 0.072407216 -0.040117882
vn 0.023562957 -0.188503653 0.981789827
v 0.100789614 0.066536158 -0.042074822
vn -0.165139467 -0.778514683 0.605511367
v 0.096875735 0.076320618 -0.040117882
vn -0.118154198 0.740432978 0.661663473
v 0.094918795 0.074364156 -0.040117882
vn -0.632910609 0.150316268 0.759492755
v 0.094918795 0.068493098 -0.042074822
vn -0.581956029 -0.644870162 0.495449066
v 0.092961855 0.070450038 -0.045988701
vn -0.914037824 -0.401861459 0.055157457
v 0.094918795 0.076320618 -0.044031762
vn -0.598276913 0.787206471 0.149569228
v 0.091004916 0.074364156 -0.063601159
vn -0.963261306 -0.244763106 0.110538177
v 0.096875735 0.076320618 -0.044031762
vn 0.047314551 0.993605554 0.102514856
v 0.092961855 0.078277558 -0.065558098
vn -0.781955361 0.616086066 0.094782472
v 0.104703493 0.076320618 -0.045988701
vn 0.196509540 0.958966613 0.204369918
v 0.094918795 0.080234498 -0.065558098
vn -0.251773447 0.967754185 0.007867920
v 0.102746554 0.078277558 -0.065558098
vn 0.267782956 0.960868359 -0.070883729
v 0.091004916 0.076320618 -0.085127495
vn -0.315440148 0.914776504 -0.252352148
v 0.114488192 0.074364156 -0.067515038
vn 0.371347219 0.924417555 -0.086911052
v 0.089047976 0.074364156 -0.085127495
vn -0.808570981 0.573064923 -0.133453459
v 0.098832674 0.074364156 -0.087084435
vn 0.197162375 0.922719896 -0.331232786
v 0.091004916 0.074364156 -0.089041375
vn -0.290978014 0.660598695 -0.692055821
v 0.122315951 0.070450038 -0.067515038
vn 0.582316279 0.810521245 -0.062953107
v 0.120359011 0.066536158 -0.089041375
v 0.126229823 0.060665101 -0.089041375
vn 0.918841958 -0.039266750 -0.392667532
v 0.110574313 0.070450038 -0.089041375
vn 0.282938778 0.801659942 -0.526580513
v 0.098832674 0.072407216 -0.090998314
vn 0.063241608 0.529648423 -0.845856488
v 0.108617373 0.068493098 -0.090998314
vn 0.172523826 0.635201335 -0.752831221
v 0.124272890 0.058708161 -0.089041375
vn 0.747452497 -0.629433692 -0.212433875
v 0.122315951 0.060665101 -0.092955254
vn 0.496247619 0.173292831 -0.850710213
v 0.096875735 0.070450038 -0.090998314
vn -0.189170003 -0.094585001 -0.977378368
v 0.118402071 0.064579219 -0.092955254
vn 0.251656651 0.463991970 -0.849341273
v 0.108617373 0.066536158 -0.092955254
vn -0.094234392 0.109940119 -0.989461064
v 0.116445132 0.062622041 -0.092955254
vn -0.110414363 -0.126187846 -0.985842526
v 0.122315951 0.056751221 -0.092955254
vn 0.465839446 -0.505317390 -0.726393759
v 0.120359011 0.054794282 -0.087084435
v 0.118402071 0.054794282 -0.090998314
vn -0.118485495 -0.876792669 -0.466042936
v 0.104703493 0.062622041 -0.089041375
vn -0.441781074 -0.820450544 -0.362891614
v 0.112531252 0.056751221 -0.090998314
vn -0.472031444 -0.739515901 -0.479898632
v 0.094918795 0.066536158 -0.089041375
vn -0.354100287 -0.802627265 -0.480002612
v 0.089047976 0.072407216 -0.089041375
vn -0.648834884 0.221553385 -0.727961123
v 0.087091036 0.068493098 -0.087084435
vn -0.783373952 -0.577639461 -0.229473189
v 0.087091036 0.070450038 -0.083170556
vn -0.927639723 -0.322315484 0.188672498
f 5740//5619 5741//5620 5742//5621
f 5741//5620 5740//5619 5743//5622
f 5741//5620 5743//5622 5744//5623
f 5741//5620 5744//5623 5745//4608
f 5741//5620 5745//4608 5742//5621
f 5745//4608 5744//5623 5746//5624
f 5746//5624 5744//5623 5743//5622
f 5745//4608 5746//5624 5747//5625
f 5747//5625 5746//5624 5743//5622
f 5742//5621 5745//4608 5748//5626
f 5748//5626 5745//4608 5747//5625
f 5749//5627 5740//5619 5742//5621
f 5749//5627 5742//5621 5750//5628
f 5750//5628 5742//5621 5748//5626
f 5740//5619 5749//5627 5751//5182
f 5749//5627 5750//5628 5752//5629
f 5749//5627 5752//5629 5751//5182
f 5753//5630 5743//5622 5740//5619
f 5753//5630 5740//5619 5751//5182
f 5743//5622 5753//5630 5754//5631
f 5743//5622 5754//5631 5747//5625
f 5753//5630 5751//5182 5755//5632
f 5753//5630 5755//5632 5754//5631
f 5755//5632 5751//5182 5756//5633
f 5754//5631 5755//5632 5757//5634
f 5757//5634 5755//5632 5756//5633
f 5747//5625 5754//5631 5758//5635
f 5758//5635 5754//5631 5757//5634
f 5747//5625 5758//5635 5759//5636
f 5747//5625 5759//5636 5748//5626
f 5758//5635 5757//5634 5760//5637
f 5759//5636 5758//5635 5761//5638
f 5761//5638 5758//5635 5760//5637
f 5759//5636 5761//5638 5762//5639
f 5759//5636 5762//5639 5748//5626
f 5762//5639 5761//5638 5763//5640
f 5762//5639 5763//5640 5748//5626
f 5763//5640 5761//5638 5764//5641
f 5764//5641 5761//5638 5760//5637
f 5763//5640 5764//5641 5765//5642
f 5763//5640 5765//5642 5748//5626
f 5764//5641 5760//5637 5766//5643
f 5766//5643 5760//5637 5757//5634
f 5764//5641 5766//5643 5767//5644
f 5764//5641 5767//5644 5765//5642
f 5766//5643 5757//5634 5768//5645
f 5768//5645 5757//5634 5756//5633
f 5767//5644 5766//5643 5769//5646
f 5769//5646 5766//5643 5768//5645
f 5768//5645 5756//5633 5770//5647
f 5768//5645 5770//5647 5769//5646
f 5769//5646 5770//5647 5771//5648
f 5769//5646 5771//5648 5767//5644
f 5770//5647 5756//5633 5772//5649
f 5767//5644 5771//5648 5773//5650
f 5767//5644 5773//5650 5765//5642
f 5771//5648 5770//5647 5774//5651
f 5774//5651 5770//5647 5772//5649
f 5773//5650 5771//5648 5775//5652
f 5775//5652 5771//5648 5774//5651
f 5772//5649 5756//5633 5776//5653
f 5776//5653 5756//5633 5751//5182
f 5776//5653 5751//5182 5752//5629
f 5772//5649 5776//5653 5777//1455
f 5776//5653 5752//5629 5778//5654
f 5776//5653 5778//5654 5777//1455
f 5778//5654 5752//5629 5750//5628
f 5779//5655 5774//5651 5772//5649
f 5779//5655 5772//5649 5777//1455
f 5774//5651 5779//5655 5780//5656
f 5774//5651 5780//5656 5775//5652
f 5779//5655 5777//1455 5781//5657
f 5779//5655 5781//5657 5780//5656
f 5778//5654 5750//5628 5782//5658
f 5783//5659 5777//1455 5778//5654
f 5783//5659 5778//5654 5782//5658
f 5782//5658 5750//5628 5748//5626
f 5780//5656 5781//5657 5784//5660
f 5780//5656 5784//5660 5775//5652
f 5785//5661 5781//5657 5777//1455
f 5785//5661 5777//1455 5783//5659
f 5781//5657 5785//5661 5786//5662
f 5781//5657 5786//5662 5784//5660
f 5785//5661 5783//5659 5787//5663
f 5785//5661 5787//5663 5786//5662
f 5788//5664 5783//5659 5782//5658
f 5783//5659 5788//5664 5787//5663
f 5788//5664 5782//5658 5789//139
f 5789//139 5782//5658 5748//5626
f 5787//5663 5788//5664 5790//5665
f 5790//5665 5788//5664 5789//139
f 5786//5662 5787//5663 5791//5666
f 5786//5662 5791//5666 5784//5660
f 5787//5663 5790//5665 5792//5667
f 5792//5667 5790//5665 5789//139
f 5792//5667 5789//139 5748//5626
f 5787//5663 5792//5667 5791//5666
f 5791//5666 5792//5667 5748//5626
f 5791//5666 5748//5626 5765//5642
f 5784//5660 5791//5666 5793//5668
f 5793//5668 5791//5666 5765//5642
f 5784//5660 5793//5668 5794//5669
f 5784//5660 5794//5669 5775//5652
f 5775//5652 5794//5669 5773//5650
f 5794//5669 5793//5668 5795//5670
f 5796//5671 5765//5642 5773//5650
f 5796//5671 5773//5650 5794//5669
f 5765//5642 5796//5671 5793//5668
f 5796//5671 5794//5669 5795//5670
f 5796//5671 5795//5670 5793//5668
o tripo_part_36
g tripo_part_36
usemtl mat_0
v 0.143842325 0.502936184 0.083170019
vn 0.978320897 0.134124637 0.157793701
v 0.143842325 0.487280667 0.098825537
vn 0.990163505 0.110018171 0.086442851
v 0.143842325 0.483366787 0.094911657
vn 0.988973260 0.078489937 0.125583902
v 0.145799384 0.479452908 0.089040838
vn 0.961584330 0.173400447 0.212809637
v 0.141885385 0.504892170 0.087083898
vn 0.976347685 0.118106581 0.181096748
v 0.141885385 0.493151486 0.102739416
v 0.143842325 0.500979245 0.081213079
vn 0.998607934 0.047178328 -0.023589164
v 0.141885385 0.506849110 0.089040838
vn 0.999225974 -0.023603763 0.031471685
v 0.141885385 0.495108426 0.102739416
v 0.143842325 0.520547867 0.073385082
vn 0.971399188 -0.015795108 0.236926645
v 0.143842325 0.500979245 0.077299081
vn 0.942750812 0.086418830 0.322106510
v 0.147756308 0.477495968 0.083170019
vn 0.972526610 0.196073905 0.125487298
v 0.147756308 0.477495968 0.075342111
vn 0.975410879 0.125859469 0.180922985
v 0.141885385 0.510762990 0.090997778
vn 0.999195039 -0.007867677 0.039338388
v 0.141885385 0.499022305 0.106653295
vn 0.989461064 0.109940119 0.094234392
v 0.145799384 0.499022305 0.075342111
vn 0.908530474 0.110603712 0.402913541
v 0.149713144 0.477495968 0.069471441
vn 0.942925513 0.110007972 0.314308494
v 0.141885385 0.512719929 0.090997778
vn 0.995464504 -0.007900512 0.094806150
v 0.139928445 0.504892170 0.108610235
vn 0.979021966 0.118430078 0.165802106
v 0.139928445 0.512719929 0.110567175
vn 0.994440794 -0.023677161 0.102601029
v 0.145799384 0.500979245 0.071428381
vn 0.962931275 0.094714545 0.252572119
v 0.151670083 0.479452908 0.063600622
vn 0.922261059 0.110356025 0.370480955
v 0.141885385 0.516634047 0.092954718
v 0.141885385 0.520547867 0.092954718
v 0.139928445 0.520547867 0.112524115
v 0.147756308 0.500979245 0.067514502
vn 0.937909603 0.126105502 0.323145330
v 0.153627023 0.483366787 0.057729803
v 0.141885385 0.524461567 0.092954718
v 0.139928445 0.528375447 0.110567175
vn 0.988699138 -0.102008641 0.109855458
v 0.147756308 0.502936184 0.065557562
vn 0.961942971 0.189234674 0.197119460
v 0.155584440 0.487280667 0.051858984
vn 0.896637738 0.094382919 0.432588398
v 0.141885385 0.528375447 0.092954718
v 0.141885385 0.536204159 0.110567175
vn 0.992772579 -0.110308066 0.047274884
v 0.147756308 0.504892170 0.063600622
vn 0.940454364 0.102738708 0.324022114
v 0.157541379 0.493151486 0.047945105
vn 0.891035318 0.134049565 0.433689773
v 0.141885385 0.532289326 0.090997778
vn 0.999225974 0.023603763 0.031471685
v 0.141885385 0.542074978 0.106653295
v 0.149713144 0.506849110 0.059686743
vn 0.897109628 0.031477530 0.440685421
v 0.157541379 0.499022305 0.044031225
vn 0.920204997 0.149434999 0.361790001
v 0.141885385 0.534246266 0.089040838
vn 0.958256423 -0.172800347 0.227782249
v 0.143842325 0.549902737 0.104696356
vn 0.992033720 -0.125972539 0.000000000
v 0.143842325 0.553816617 0.100782476
vn 0.986702085 -0.142085090 0.078936167
v 0.149713144 0.510762990 0.059686743
vn 0.908190489 0.000000000 0.418557376
v 0.143842325 0.536204159 0.087083898
vn 0.951665044 -0.196624994 0.235950008
v 0.143842325 0.540118039 0.085126959
vn 0.997221589 -0.070669241 0.023556415
v 0.145799384 0.557730496 0.094911657
vn 0.961823404 -0.204978749 0.181327358
v 0.147756308 0.561644375 0.089040838
vn 0.951900601 -0.228141457 0.204540610
v 0.149713144 0.514676869 0.059686743
vn 0.914520621 0.220746353 0.339003295
v 0.157541379 0.506849110 0.042074285
vn 0.909307659 -0.023516579 0.415459573
v 0.159498319 0.512719929 0.040117346
vn 0.872610271 -0.031445414 0.487403929
v 0.143842325 0.540118039 0.081213079
vn 0.974717557 -0.141491249 0.172933757
v 0.145799384 0.542074978 0.077299081
vn 0.969406009 -0.181271031 0.165508330
v 0.149713144 0.563601315 0.083170019
vn 0.968954682 -0.212697372 0.126042888
v 0.149713144 0.516634047 0.055772863
vn 0.879493773 0.290547043 0.376925886
v 0.159498319 0.520547867 0.040117346
vn 0.849761784 0.000000000 0.527167022
v 0.145799384 0.542074978 0.075342111
vn 0.965277612 -0.141260132 0.219737992
v 0.149713144 0.563601315 0.075342111
vn 0.970763624 -0.165740132 0.173632517
v 0.149713144 0.520547867 0.055772863
vn 0.905175209 0.000000000 0.425038815
v 0.159498319 0.528375447 0.040117346
vn 0.860162973 -0.071022630 0.505049825
v 0.149713144 0.524461567 0.055772863
vn 0.904139400 -0.094344981 0.416690350
v 0.149713144 0.528375447 0.057729803
vn 0.911550879 -0.180738553 0.369335294
v 0.159498319 0.536204159 0.042074285
vn 0.872934043 -0.015728541 0.487584800
v 0.147756308 0.542074978 0.071428381
vn 0.931533813 -0.165781438 0.323668540
v 0.151670083 0.563601315 0.069471441
vn 0.932522237 -0.142249152 0.331914693
v 0.153627023 0.561644375 0.063600622
vn 0.915459931 -0.173621714 0.363027215
v 0.149713144 0.532289326 0.059686743
vn 0.916002095 -0.071069121 0.394828498
v 0.157541379 0.542074978 0.044031225
vn 0.899284184 -0.055219207 0.433865190
v 0.147756308 0.540118039 0.069471441
vn 0.974356353 -0.204300508 0.094292544
v 0.147756308 0.540118039 0.065557562
vn 0.940043509 -0.078995258 0.331780076
v 0.155584440 0.557730496 0.057729803
vn 0.906946838 -0.260254294 0.331232756
v 0.155584440 0.553816617 0.051858984
vn 0.916774154 -0.181774184 0.355645150
v 0.149713144 0.538161099 0.063600622
vn 0.897109628 -0.031477530 0.440685421
v 0.149713144 0.534246266 0.059686743
vn 0.934779286 -0.109974034 0.337777376
v 0.157541379 0.547945797 0.047945105
vn 0.887976289 -0.133589357 0.440059066
f 5797//5672 5798//5673 5799//5674
f 5797//5672 5799//5674 5800//5675
f 5798//5673 5797//5672 5801//5676
f 5798//5673 5801//5676 5802//3958
f 5797//5672 5800//5675 5803//5677
f 5802//3958 5801//5676 5804//5678
f 5802//3958 5804//5678 5805//877
f 5801//5676 5797//5672 5806//5679
f 5806//5679 5797//5672 5803//5677
f 5801//5676 5806//5679 5804//5678
f 5803//5677 5800//5675 5807//5680
f 5803//5677 5807//5680 5806//5679
f 5807//5680 5800//5675 5808//5681
f 5807//5680 5808//5681 5809//5682
f 5810//5683 5805//877 5804//5678
f 5810//5683 5804//5678 5806//5679
f 5805//877 5810//5683 5811//5684
f 5807//5680 5809//5682 5812//5685
f 5807//5680 5812//5685 5806//5679
f 5812//5685 5809//5682 5813//5686
f 5811//5684 5810//5683 5814//5687
f 5814//5687 5810//5683 5806//5679
f 5811//5684 5814//5687 5815//5688
f 5815//5688 5814//5687 5816//5689
f 5812//5685 5813//5686 5817//5690
f 5812//5685 5817//5690 5806//5679
f 5817//5690 5813//5686 5818//5691
f 5816//5689 5814//5687 5819//5689
f 5819//5689 5814//5687 5806//5679
f 5816//5689 5819//5689 5820//1838
f 5820//1838 5819//5689 5806//5679
f 5816//5689 5820//1838 5821//1838
f 5817//5690 5818//5691 5822//5692
f 5817//5690 5822//5692 5806//5679
f 5822//5692 5818//5691 5823//5691
f 5821//1838 5820//1838 5824//1838
f 5824//1838 5820//1838 5806//5679
f 5821//1838 5824//1838 5825//5693
f 5822//5692 5823//5691 5826//5694
f 5822//5692 5826//5694 5806//5679
f 5826//5694 5823//5691 5827//5695
f 5825//5693 5824//1838 5828//3163
f 5828//3163 5824//1838 5806//5679
f 5825//5693 5828//3163 5829//5696
f 5826//5694 5827//5695 5830//5697
f 5826//5694 5830//5697 5806//5679
f 5830//5697 5827//5695 5831//5698
f 5829//5696 5828//3163 5832//5699
f 5832//5699 5828//3163 5806//5679
f 5829//5696 5832//5699 5833//5696
f 5830//5697 5831//5698 5834//5700
f 5830//5697 5834//5700 5806//5679
f 5834//5700 5831//5698 5835//5701
f 5833//5696 5832//5699 5836//5702
f 5836//5702 5832//5699 5806//5679
f 5833//5696 5836//5702 5837//5703
f 5837//5703 5836//5702 5838//5704
f 5834//5700 5835//5701 5839//5705
f 5834//5700 5839//5705 5806//5679
f 5838//5704 5836//5702 5840//5706
f 5840//5706 5836//5702 5806//5679
f 5838//5704 5840//5706 5841//5707
f 5841//5707 5840//5706 5806//5679
f 5838//5704 5841//5707 5842//5708
f 5842//5708 5841//5707 5843//5709
f 5844//5710 5839//5705 5835//5701
f 5839//5705 5844//5710 5806//5679
f 5844//5710 5835//5701 5845//5711
f 5844//5710 5845//5711 5846//5712
f 5843//5709 5841//5707 5847//5713
f 5847//5713 5841//5707 5806//5679
f 5843//5709 5847//5713 5848//5714
f 5848//5714 5847//5713 5806//5679
f 5843//5709 5848//5714 5849//5715
f 5844//5710 5846//5712 5850//5716
f 5844//5710 5850//5716 5806//5679
f 5850//5716 5846//5712 5851//5717
f 5849//5715 5848//5714 5852//5718
f 5852//5718 5848//5714 5806//5679
f 5849//5715 5852//5718 5853//5719
f 5850//5716 5851//5717 5854//5720
f 5850//5716 5854//5720 5806//5679
f 5854//5720 5851//5717 5855//5721
f 5854//5720 5855//5721 5856//5722
f 5854//5720 5856//5722 5806//5679
f 5856//5722 5855//5721 5857//5723
f 5856//5722 5857//5723 5806//5679
f 5857//5723 5855//5721 5858//5724
f 5859//5725 5853//5719 5852//5718
f 5859//5725 5852//5718 5806//5679
f 5853//5719 5859//5725 5860//5726
f 5860//5726 5859//5725 5861//5727
f 5857//5723 5858//5724 5862//5728
f 5857//5723 5862//5728 5806//5679
f 5862//5728 5858//5724 5863//5729
f 5861//5727 5859//5725 5864//5730
f 5864//5730 5859//5725 5806//5679
f 5861//5727 5864//5730 5865//5731
f 5865//5731 5864//5730 5806//5679
f 5861//5727 5865//5731 5866//5732
f 5866//5732 5865//5731 5867//5733
f 5865//5731 5806//5679 5868//5734
f 5865//5731 5868//5734 5867//5733
f 5869//5735 5806//5679 5862//5728
f 5806//5679 5869//5735 5868//5734
f 5868//5734 5869//5735 5867//5733
f 5869//5735 5862//5728 5863//5729
f 5867//5733 5869//5735 5870//5736
f 5870//5736 5869//5735 5863//5729
o tripo_part_37
g tripo_part_37
usemtl mat_0
v 0.149713203 0.514677167 -0.059687689
vn 0.920062661 0.070774049 -0.385325372
v 0.157540604 0.506849408 -0.044032171
v 0.157540604 0.499020696 -0.045989111
vn 0.914406955 0.047296911 -0.402023733
v 0.159497544 0.512720227 -0.042075232
vn 0.869816661 -0.055351969 -0.490260303
v 0.149713203 0.510763288 -0.061644629
vn 0.936079741 0.157324329 -0.314648658
v 0.149713203 0.516634107 -0.059687689
vn 0.909112155 0.086208917 -0.407533020
v 0.159497544 0.520547867 -0.042075232
vn 0.858773649 0.015757315 -0.512112737
v 0.143842503 0.520547867 -0.075342730
vn 0.971490085 -0.007898293 -0.236948803
v 0.149713203 0.506849408 -0.063601568
vn 0.880798340 -0.039321352 -0.471856266
v 0.155584142 0.493149877 -0.049902990
vn 0.922289729 0.078828186 -0.378375292
v 0.149713203 0.520547867 -0.057730749
vn 0.900405407 0.023694878 -0.434406132
v 0.159497544 0.528375745 -0.042075232
vn 0.865578473 -0.070820048 -0.495740384
v 0.149713203 0.524461865 -0.059687689
vn 0.914208114 -0.094573252 -0.394055218
v 0.149713203 0.528375745 -0.059687689
vn 0.910651684 -0.102055795 -0.400372714
v 0.159497544 0.536203504 -0.044032171
vn 0.872934043 -0.015728541 -0.487584800
v 0.147756308 0.504891515 -0.065558508
vn 0.922117889 0.023644049 -0.386186123
v 0.155584142 0.487280965 -0.053816870
vn 0.911917031 0.117920309 -0.393067688
v 0.149713203 0.532289624 -0.061644629
vn 0.927095652 -0.204275310 -0.314269722
v 0.157540604 0.542073369 -0.045989111
vn 0.906805873 -0.055196878 -0.417919219
v 0.147756308 0.502934575 -0.067515448
vn 0.963351429 0.181615427 -0.197408065
v 0.153627202 0.483367085 -0.057730749
vn 0.914037824 0.055157457 -0.401861459
v 0.149713203 0.534246564 -0.063601568
vn 0.939808965 -0.189541310 -0.284311950
v 0.157540604 0.547946095 -0.049902990
vn 0.905624151 -0.110249899 -0.409499615
v 0.155584142 0.553816915 -0.053816870
vn 0.920518219 -0.165221229 -0.354045510
v 0.147756308 0.500977635 -0.069472387
vn 0.940454364 0.102738708 -0.324022114
v 0.151670262 0.479453206 -0.063601568
vn 0.961913109 0.149806142 -0.228651464
v 0.149713203 0.538159490 -0.065558508
vn 0.876382649 0.000000000 -0.481615692
v 0.147756308 0.540116429 -0.067515448
vn 0.940043509 -0.078995258 -0.331780076
v 0.155584142 0.557730794 -0.059687689
vn 0.906946838 -0.260254294 -0.331232756
v 0.153627202 0.561644673 -0.065558508
vn 0.915459931 -0.173621714 -0.363027215
v 0.145799443 0.500977635 -0.073385790
vn 0.964073002 0.102729082 -0.244969368
v 0.151670262 0.477496266 -0.069472387
vn 0.967395008 0.204489991 -0.149434999
v 0.147756308 0.540116429 -0.071428850
vn 0.974356353 -0.204300508 -0.094292544
v 0.147756308 0.542073369 -0.073385790
vn 0.931533813 -0.165781438 -0.323668540
v 0.151670262 0.563601613 -0.071428850
vn 0.932522237 -0.142249152 -0.331914693
v 0.149713203 0.563601613 -0.077299774
vn 0.970763624 -0.165740132 -0.173632517
v 0.145799443 0.499020696 -0.077299774
vn 0.985903800 0.165631831 0.023661690
v 0.149713203 0.477496266 -0.077299774
vn 0.952726424 0.157475427 -0.259834468
v 0.145799443 0.542073369 -0.077299774
vn 0.965277612 -0.141260132 -0.219737992
v 0.149713203 0.563601613 -0.085127428
vn 0.968954682 -0.212697372 -0.126042888
v 0.145799443 0.542073369 -0.079256728
vn 0.969406009 -0.181271031 -0.165508330
v 0.147756308 0.561644673 -0.090998724
vn 0.951900601 -0.228141457 -0.204540610
v 0.145799443 0.500977635 -0.079256728
vn 0.970642745 0.157828078 -0.181502298
v 0.147756308 0.477496266 -0.083170488
vn 0.957665801 0.125595510 -0.259040743
v 0.145799443 0.479453206 -0.090998724
vn 0.966319680 0.133556366 -0.219975203
v 0.143842503 0.540116429 -0.083170488
vn 0.974717557 -0.141491249 -0.172933757
v 0.143842503 0.500977635 -0.083170488
vn 0.969556570 0.134003744 -0.204946905
v 0.143842503 0.502934575 -0.085127428
vn 0.999876022 0.015746079 0.000000000
v 0.143842503 0.483367085 -0.096869543
vn 0.990499973 0.070749991 -0.117916666
v 0.143842503 0.540116429 -0.087084845
vn 0.997221589 -0.070669241 -0.023556415
v 0.145799443 0.557730794 -0.096869543
vn 0.961823404 -0.204978749 -0.181327358
v 0.143842503 0.553816915 -0.102740362
vn 0.986702085 -0.142085090 -0.078936167
v 0.143842503 0.504891515 -0.089041784
vn 0.951665044 0.196624994 -0.235950008
v 0.143842503 0.487280965 -0.102740362
vn 0.990285814 0.102172345 -0.094312936
v 0.143842503 0.536203504 -0.089041784
vn 0.951665044 -0.196624994 -0.235950008
v 0.141885564 0.534246564 -0.090998724
vn 0.958256423 -0.172800347 -0.227782249
v 0.143842503 0.549903035 -0.106654242
v 0.141885564 0.542073369 -0.108611181
vn 0.992772579 -0.110308066 -0.047274884
v 0.141885564 0.506849408 -0.090998724
vn 0.955842614 0.173789561 -0.236985773
v 0.141885564 0.493149877 -0.106654242
vn 0.987625599 0.118515074 -0.102713063
v 0.141885564 0.532289624 -0.092955664
vn 0.999225974 0.023603763 -0.031471685
v 0.141885564 0.536203504 -0.112525061
v 0.141885564 0.510763288 -0.092955664
vn 0.999195039 -0.007867677 -0.039338388
v 0.141885564 0.499020696 -0.108611181
v 0.141885564 0.528375745 -0.094912603
vn 0.999195039 0.007867677 -0.039338388
v 0.141885564 0.528375745 -0.114482000
v 0.141885564 0.524461865 -0.094912603
vn 0.998885930 0.000000000 -0.047191460
v 0.141885564 0.520547867 -0.114482000
v 0.141885564 0.512720227 -0.092955664
vn 0.998453617 -0.007861840 -0.055032875
v 0.141885564 0.504891515 -0.112525061
v 0.141885564 0.512720227 -0.114482000
v 0.141885564 0.520547867 -0.094912603
v 0.141885564 0.516634107 -0.094912603
f 5871//5737 5872//2923 5873//5738
f 5872//2923 5871//5737 5874//5739
f 5871//5737 5873//5738 5875//5740
f 5874//5739 5871//5737 5876//5741
f 5874//5739 5876//5741 5877//5742
f 5871//5737 5875//5740 5878//5743
f 5871//5737 5878//5743 5876//5741
f 5875//5740 5873//5738 5879//5744
f 5875//5740 5879//5744 5878//5743
f 5879//5744 5873//5738 5880//5745
f 5877//5742 5876//5741 5881//5746
f 5881//5746 5876//5741 5878//5743
f 5877//5742 5881//5746 5882//5747
f 5882//5747 5881//5746 5883//5748
f 5883//5748 5881//5746 5878//5743
f 5882//5747 5883//5748 5884//5749
f 5884//5749 5883//5748 5878//5743
f 5882//5747 5884//5749 5885//5750
f 5886//5751 5879//5744 5880//5745
f 5879//5744 5886//5751 5878//5743
f 5886//5751 5880//5745 5887//5752
f 5885//5750 5884//5749 5888//5753
f 5888//5753 5884//5749 5878//5743
f 5885//5750 5888//5753 5889//5754
f 5886//5751 5887//5752 5890//5755
f 5886//5751 5890//5755 5878//5743
f 5890//5755 5887//5752 5891//5756
f 5889//5754 5888//5753 5892//5757
f 5892//5757 5888//5753 5878//5743
f 5889//5754 5892//5757 5893//5758
f 5893//5758 5892//5757 5894//5759
f 5890//5755 5891//5756 5895//5760
f 5890//5755 5895//5760 5878//5743
f 5895//5760 5891//5756 5896//5761
f 5894//5759 5892//5757 5897//5762
f 5897//5762 5892//5757 5878//5743
f 5894//5759 5897//5762 5898//5763
f 5898//5763 5897//5762 5878//5743
f 5894//5759 5898//5763 5899//5764
f 5899//5764 5898//5763 5900//5765
f 5895//5760 5896//5761 5901//5766
f 5895//5760 5901//5766 5878//5743
f 5901//5766 5896//5761 5902//5767
f 5900//5765 5898//5763 5903//5768
f 5903//5768 5898//5763 5878//5743
f 5900//5765 5903//5768 5904//5769
f 5904//5769 5903//5768 5878//5743
f 5900//5765 5904//5769 5905//5770
f 5905//5770 5904//5769 5906//5771
f 5901//5766 5902//5767 5907//5772
f 5901//5766 5907//5772 5878//5743
f 5907//5772 5902//5767 5908//5773
f 5906//5771 5904//5769 5909//5774
f 5909//5774 5904//5769 5878//5743
f 5906//5771 5909//5774 5910//5775
f 5910//5775 5909//5774 5911//5776
f 5911//5776 5909//5774 5878//5743
f 5910//5775 5911//5776 5912//5777
f 5907//5772 5908//5773 5913//5778
f 5907//5772 5913//5778 5878//5743
f 5913//5778 5908//5773 5914//5779
f 5913//5778 5914//5779 5915//5780
f 5912//5777 5911//5776 5916//5781
f 5916//5781 5911//5776 5878//5743
f 5913//5778 5915//5780 5917//5782
f 5913//5778 5917//5782 5878//5743
f 5917//5782 5915//5780 5918//5783
f 5917//5782 5918//5783 5878//5743
f 5918//5783 5915//5780 5919//5784
f 5912//5777 5916//5781 5920//5785
f 5920//5785 5916//5781 5878//5743
f 5912//5777 5920//5785 5921//5786
f 5921//5786 5920//5785 5922//5787
f 5918//5783 5919//5784 5923//5788
f 5918//5783 5923//5788 5878//5743
f 5923//5788 5919//5784 5924//5789
f 5922//5787 5920//5785 5925//5790
f 5925//5790 5920//5785 5878//5743
f 5922//5787 5925//5790 5926//5791
f 5926//5791 5925//5790 5878//5743
f 5922//5787 5926//5791 5927//5703
f 5927//5703 5926//5791 5928//5792
f 5923//5788 5924//5789 5929//5793
f 5923//5788 5929//5793 5878//5743
f 5929//5793 5924//5789 5930//5794
f 5928//5792 5926//5791 5931//5795
f 5931//5795 5926//5791 5878//5743
f 5928//5792 5931//5795 5932//877
f 5929//5793 5930//5794 5933//5796
f 5929//5793 5933//5796 5878//5743
f 5933//5796 5930//5794 5934//877
f 5932//877 5931//5795 5935//5797
f 5935//5797 5931//5795 5878//5743
f 5932//877 5935//5797 5936//877
f 5936//877 5935//5797 5937//5798
f 5937//5798 5935//5797 5878//5743
f 5936//877 5937//5798 5938//877
f 5933//5796 5934//877 5939//5799
f 5933//5796 5939//5799 5878//5743
f 5939//5799 5934//877 5940//877
f 5939//5799 5940//877 5941//877
f 5938//877 5937//5798 5942//5798
f 5942//5798 5937//5798 5878//5743
f 5938//877 5942//5798 5941//877
f 5878//5743 5939//5799 5943//5796
f 5878//5743 5943//5796 5942//5798
f 5943//5796 5939//5799 5941//877
f 5943//5796 5941//877 5942//5798
o tripo_part_38
g tripo_part_38
usemtl mat_0
v 0.161454901 0.461839676 0.092954740
v 0.159497991 0.463796616 0.094911441
vn -0.370884448 0.197278962 0.907483220
v 0.159497991 0.461839676 0.094911441
vn -0.323668540 -0.544710457 0.773646712
v 0.159497991 0.463796616 0.092954740
v 0.159497991 0.461839676 0.092954740
vn -0.716624320 -0.629999399 -0.299249738
v 0.159497991 0.465753317 0.092954740
vn -0.848947525 0.487358779 0.204376251
v 0.161454901 0.461839676 0.090997681
vn 0.323668540 -0.544710457 -0.773646712
v 0.161454901 0.465753317 0.090997681
vn 0.188935384 -0.739996970 -0.645529211
v 0.161454901 0.465753317 0.092954740
vn 0.677774966 0.378293008 0.630488336
v 0.161454901 0.467710257 0.090997681
vn 0.678175211 0.402173668 0.615089178
v 0.163411841 0.467710257 0.089040741
vn 0.949465096 -0.188323647 -0.251098186
v 0.159497991 0.467710257 0.090997681
vn -0.995495498 0.000000000 -0.094809093
v 0.161454901 0.469667256 0.090997681
vn 0.401313633 0.904922903 -0.141640097
v 0.161454901 0.467710257 0.089040741
vn -0.378410578 -0.670102000 -0.638567805
v 0.159497991 0.471624136 0.090997681
vn -0.276096016 0.268207550 0.922949553
v 0.159497991 0.469667256 0.087083682
vn -0.456410021 -0.692484200 -0.558708787
v 0.161454901 0.471624136 0.087083682
vn 0.753503442 0.361053735 -0.549429536
v 0.161454901 0.471624136 0.089040741
vn 0.844906569 0.457986712 0.276371300
v 0.157541022 0.473581314 0.089040741
vn -0.615089178 0.110400617 0.780690074
v 0.157541022 0.473581314 0.085126743
vn -0.094464779 -0.377859116 -0.921031535
v 0.159497991 0.475538254 0.087083682
vn 0.644870162 0.762834251 -0.047185622
v 0.155584082 0.475538254 0.087083682
vn -0.315244168 0.504390657 0.803872645
v 0.155584082 0.475538254 0.085126743
vn 0.086579293 0.700505197 -0.708376050
v 0.153627142 0.475538254 0.087083682
vn -0.754783332 0.157246515 0.636848390
v 0.153627142 0.475538254 0.085126743
vn -0.817050755 0.196406424 -0.542081714
f 5944//4578 5945//5800 5946//5801
f 5946//5801 5945//5800 5947//2868
f 5946//5801 5947//2868 5948//5802
f 5947//2868 5945//5800 5949//5803
f 5946//5801 5948//5802 5950//5804
f 5946//5801 5950//5804 5944//4578
f 5950//5804 5948//5802 5951//5805
f 5950//5804 5951//5805 5944//4578
f 5951//5805 5948//5802 5949//5803
f 5952//5806 5945//5800 5944//4578
f 5952//5806 5944//4578 5951//5805
f 5945//5800 5952//5806 5949//5803
f 5949//5803 5952//5806 5953//5807
f 5952//5806 5951//5805 5954//5808
f 5952//5806 5954//5808 5953//5807
f 5951//5805 5949//5803 5955//5809
f 5955//5809 5949//5803 5956//5810
f 5956//5810 5949//5803 5953//5807
f 5951//5805 5955//5809 5957//5811
f 5951//5805 5957//5811 5954//5808
f 5955//5809 5956//5810 5958//5812
f 5958//5812 5956//5810 5953//5807
f 5955//5809 5958//5812 5957//5811
f 5954//5808 5957//5811 5959//5813
f 5959//5813 5957//5811 5958//5812
f 5960//5814 5953//5807 5954//5808
f 5960//5814 5954//5808 5959//5813
f 5958//5812 5953//5807 5961//5815
f 5961//5815 5953//5807 5960//5814
f 5958//5812 5961//5815 5962//5816
f 5958//5812 5962//5816 5959//5813
f 5960//5814 5959//5813 5963//5817
f 5960//5814 5963//5817 5961//5815
f 5963//5817 5959//5813 5962//5816
f 5962//5816 5961//5815 5964//5818
f 5964//5818 5961//5815 5963//5817
f 5962//5816 5964//5818 5965//5819
f 5962//5816 5965//5819 5963//5817
f 5965//5819 5964//5818 5966//5820
f 5966//5820 5964//5818 5963//5817
f 5963//5817 5965//5819 5967//5821
f 5967//5821 5965//5819 5966//5820
f 5966//5820 5963//5817 5968//5822
f 5966//5820 5968//5822 5967//5821
f 5967//5821 5968//5822 5963//5817
o tripo_part_39
g tripo_part_39
usemtl mat_0
v 0.151670218 0.469667345 0.110567115
vn 0.590661108 0.259890854 0.763921678
v 0.149713218 0.467710167 0.112524055
vn 0.408248305 0.408248305 0.816496611
v 0.149713218 0.465753227 0.112524055
vn 0.612561226 -0.698948145 0.369107425
v 0.147756219 0.465753227 0.114480995
vn -0.454737633 -0.392015219 0.799711049
v 0.149713218 0.465753227 0.110567115
vn 0.299166262 -0.795152426 -0.527477324
v 0.147756219 0.467710167 0.112524055
vn -0.883177519 0.417932212 0.212908864
v 0.149713218 0.469667345 0.110567115
vn -0.677060425 0.653442085 0.338530213
v 0.149713218 0.467710167 0.108610176
vn -0.612561226 -0.369107425 -0.698948145
v 0.151670218 0.467710167 0.108610176
v 0.153627038 0.471624225 0.108610176
vn 0.974326313 -0.110004582 0.196436748
v 0.151670218 0.469667345 0.106653236
vn 0.047414906 -0.505759001 -0.861370802
v 0.153627038 0.475538164 0.106653236
vn 0.858214498 0.480285197 0.181091145
v 0.151670218 0.471624225 0.110567115
vn 0.173465133 0.118271679 0.977712512
v 0.149713218 0.471624225 0.108610176
vn -0.998206854 0.023579689 0.055019274
v 0.151670218 0.473581225 0.104696296
vn 0.142351419 -0.695940375 -0.703848779
v 0.149713218 0.475538164 0.106653236
vn -0.825289130 0.322255760 0.463733882
v 0.151670218 0.477494866 0.102739356
vn 0.822192192 0.569209993 0.000000000
v 0.149713218 0.477494866 0.104696296
vn -0.543357611 0.677228332 0.496109128
v 0.149713218 0.475538164 0.100782417
vn -0.536164939 -0.551934481 -0.638667047
v 0.147756219 0.479451805 0.100782417
vn -0.772900581 0.536298335 -0.339129806
v 0.151670218 0.475538164 0.100782417
vn 0.629122138 -0.338153154 -0.699898422
v 0.149713218 0.479451805 0.100782417
vn 0.306592792 0.817580760 -0.487403929
f 5969//5823 5970//5824 5971//5825
f 5971//5825 5970//5824 5972//5826
f 5971//5825 5972//5826 5973//5827
f 5972//5826 5970//5824 5974//5828
f 5972//5826 5974//5828 5973//5827
f 5974//5828 5970//5824 5975//5829
f 5975//5829 5970//5824 5969//5823
f 5973//5827 5974//5828 5976//5830
f 5973//5827 5976//5830 5971//5825
f 5976//5830 5974//5828 5975//5829
f 5977//2805 5969//5823 5971//5825
f 5977//2805 5971//5825 5976//5830
f 5969//5823 5977//2805 5978//5831
f 5969//5823 5978//5831 5975//5829
f 5977//2805 5976//5830 5979//5832
f 5977//2805 5979//5832 5978//5831
f 5979//5832 5976//5830 5975//5829
f 5978//5831 5979//5832 5980//5833
f 5975//5829 5978//5831 5981//5834
f 5981//5834 5978//5831 5980//5833
f 5979//5832 5975//5829 5982//5835
f 5982//5835 5975//5829 5981//5834
f 5979//5832 5982//5835 5983//5836
f 5979//5832 5983//5836 5980//5833
f 5982//5835 5981//5834 5984//5837
f 5984//5837 5981//5834 5980//5833
f 5982//5835 5984//5837 5983//5836
f 5980//5833 5983//5836 5985//5838
f 5984//5837 5980//5833 5986//5839
f 5986//5839 5980//5833 5985//5838
f 5983//5836 5984//5837 5987//5840
f 5987//5840 5984//5837 5986//5839
f 5987//5840 5986//5839 5988//5841
f 5983//5836 5987//5840 5989//5842
f 5983//5836 5989//5842 5985//5838
f 5989//5842 5987//5840 5988//5841
f 5986//5839 5985//5838 5990//5843
f 5986//5839 5990//5843 5988//5841
f 5990//5843 5985//5838 5989//5842
f 5990//5843 5989//5842 5988//5841
o tripo_part_40
g tripo_part_40
usemtl mat_0
v 0.157541052 0.473581195 -0.089041390
vn 0.330493599 0.118033439 0.936398566
v 0.159497932 0.469667256 -0.092955388
vn 0.686295748 -0.433865130 0.583745837
v 0.159497932 0.471624255 -0.092955388
vn 0.877952278 0.478170425 -0.023516579
v 0.155584052 0.473581195 -0.090998329
vn -0.629745603 -0.732079268 0.259770036
v 0.157541052 0.473581195 -0.090998329
vn 0.677901268 0.733079314 -0.055178016
v 0.159497932 0.467710376 -0.094912298
vn 0.471987605 -0.503453434 0.723714292
v 0.153627113 0.475537896 -0.089041390
v 0.153627113 0.477494836 -0.089041390
vn -0.307372630 0.811778963 0.496525019
v 0.157541052 0.469667256 -0.092955388
vn -0.607619226 -0.702313125 0.370884448
v 0.153627113 0.475537896 -0.090998329
vn -0.922289729 -0.078828186 -0.378375292
v 0.155584052 0.473581195 -0.092955388
vn -0.849341154 -0.290977985 -0.440399110
v 0.155584052 0.475537896 -0.092955388
vn 0.047314551 0.678175211 -0.733375549
v 0.157541052 0.471624255 -0.094912298
v 0.159497932 0.469667256 -0.096869148
vn 0.668773234 0.472075224 -0.574358225
v 0.157541052 0.469667256 -0.096869148
vn -0.819100857 0.401674449 -0.409550428
v 0.157541052 0.465753198 -0.098826088
vn -0.744417250 0.391798556 -0.540681958
v 0.157541052 0.463796258 -0.096869148
vn -0.345728695 -0.832891881 0.432160854
v 0.159497932 0.465753198 -0.098826088
vn 0.787621379 -0.047257286 -0.614344716
v 0.159497932 0.465753198 -0.096869148
vn 0.872448504 -0.432294309 0.227936998
v 0.157541052 0.463796258 -0.100783028
vn -0.212066606 -0.471259117 -0.856120765
v 0.157541052 0.463796258 -0.098826088
v 0.157541052 0.461839318 -0.100783028
f 5991//5844 5992//5845 5993//5846
f 5992//5845 5991//5844 5994//5847
f 5991//5844 5993//5846 5995//5848
f 5993//5846 5992//5845 5996//5849
f 5991//5844 5995//5848 5997//2902
f 5991//5844 5997//2902 5994//5847
f 5997//2902 5995//5848 5998//5850
f 5992//5845 5994//5847 5999//5851
f 5992//5845 5999//5851 5996//5849
f 5994//5847 5997//2902 6000//5852
f 6000//5852 5997//2902 5998//5850
f 5999//5851 5994//5847 6001//5853
f 6001//5853 5994//5847 6000//5852
f 6000//5852 5998//5850 6002//5854
f 6000//5852 6002//5854 6001//5853
f 6002//5854 5998//5850 5995//5848
f 5999//5851 6001//5853 6003//4150
f 6003//4150 6001//5853 6002//5854
f 6003//4150 6002//5854 5995//5848
f 6003//4150 5995//5848 5993//5846
f 5999//5851 6003//4150 5996//5849
f 6003//4150 5993//5846 6004//5855
f 6004//5855 5993//5846 5996//5849
f 6003//4150 6004//5855 6005//5856
f 6003//4150 6005//5856 5996//5849
f 6005//5856 6004//5855 6006//5857
f 5996//5849 6005//5856 6007//5858
f 6007//5858 6005//5856 6006//5857
f 6004//5855 5996//5849 6008//5859
f 6004//5855 6008//5859 6006//5857
f 6008//5859 5996//5849 6009//5860
f 6009//5860 5996//5849 6007//5858
f 6006//5857 6008//5859 6010//5861
f 6010//5861 6008//5859 6009//5860
f 6006//5857 6010//5861 6007//5858
f 6010//5861 6009//5860 6011//170
f 6011//170 6009//5860 6007//5858
f 6007//5858 6010//5861 6012//877
f 6012//877 6010//5861 6011//170
f 6012//877 6011//170 6007//5858
o tripo_part_41
g tripo_part_41
usemtl mat_0
v 0.147756323 0.475538045 -0.106653929
vn -0.600757658 -0.727232993 0.331997633
v 0.149713203 0.473581165 -0.108610868
vn 0.023633042 -0.756257355 0.653847456
v 0.149713203 0.475538045 -0.106653929
vn 0.729350090 -0.290171564 0.619555473
v 0.147756323 0.477494985 -0.104696989
v 0.149713203 0.477494985 -0.108610868
vn 0.781614125 0.623712301 0.007895092
v 0.145799324 0.479451925 -0.106653929
vn -0.813042521 0.568340361 0.126297861
v 0.147756323 0.479451925 -0.106653929
vn 0.378234327 0.906186342 0.189117163
v 0.147756323 0.477494985 -0.110567808
vn -0.574642897 0.566771030 -0.590386569
v 0.149713203 0.475538045 -0.112524837
vn 0.314775258 0.723983109 -0.613811791
v 0.151670143 0.475538045 -0.110567808
vn 0.920546770 0.385528117 0.062943369
v 0.147756323 0.475538045 -0.112524837
vn -0.847848058 0.227662891 -0.478877127
v 0.149713203 0.473581165 -0.114481688
vn -0.023556419 0.541797578 -0.840178907
v 0.151670143 0.471624166 -0.112524837
vn 0.871802449 -0.479098648 0.102102980
v 0.149713203 0.471624166 -0.112524837
vn -0.581686258 -0.613128781 0.534522474
v 0.149713203 0.469667226 -0.116438627
vn 0.645829499 -0.519813955 -0.559193790
v 0.149713203 0.469667226 -0.114481688
vn 0.360953659 -0.863150060 0.353106856
v 0.147756323 0.469667226 -0.114481688
vn -0.715648651 -0.408942044 0.566227436
v 0.147756323 0.471624166 -0.116438627
vn -0.582821727 0.677333355 -0.448930234
v 0.147756323 0.469667226 -0.118395567
vn 0.189093649 0.606675506 -0.772132397
v 0.147756323 0.467710286 -0.118395567
vn 0.204578593 -0.786840737 -0.582262218
v 0.147756323 0.467710286 -0.116438627
vn 0.212066606 -0.471259117 0.856120765
v 0.145799324 0.469667226 -0.118395567
vn -0.856120765 0.471259117 -0.212066606
f 6013//5862 6014//5863 6015//5864
f 6013//5862 6015//5864 6016//875
f 6016//875 6015//5864 6017//5865
f 6017//5865 6015//5864 6014//5863
f 6013//5862 6016//875 6018//5866
f 6018//5866 6016//875 6019//5867
f 6019//5867 6016//875 6017//5865
f 6013//5862 6018//5866 6020//5868
f 6020//5868 6018//5866 6019//5867
f 6020//5868 6019//5867 6017//5865
f 6013//5862 6020//5868 6014//5863
f 6020//5868 6017//5865 6021//5869
f 6021//5869 6017//5865 6022//5870
f 6022//5870 6017//5865 6014//5863
f 6020//5868 6021//5869 6023//5871
f 6020//5868 6023//5871 6014//5863
f 6021//5869 6022//5870 6024//5872
f 6021//5869 6024//5872 6023//5871
f 6022//5870 6014//5863 6025//5873
f 6022//5870 6025//5873 6024//5872
f 6014//5863 6023//5871 6026//5874
f 6014//5863 6026//5874 6025//5873
f 6026//5874 6023//5871 6024//5872
f 6024//5872 6025//5873 6027//5875
f 6025//5873 6026//5874 6028//5876
f 6025//5873 6028//5876 6027//5875
f 6026//5874 6024//5872 6029//5877
f 6026//5874 6029//5877 6028//5876
f 6024//5872 6027//5875 6030//5878
f 6024//5872 6030//5878 6029//5877
f 6030//5878 6027//5875 6031//5879
f 6031//5879 6027//5875 6028//5876
f 6030//5878 6031//5879 6029//5877
f 6028//5876 6029//5877 6032//5880
f 6028//5876 6032//5880 6031//5879
f 6032//5880 6029//5877 6033//5881
f 6033//5881 6029//5877 6031//5879
f 6031//5879 6032//5880 6034//5882
f 6031//5879 6034//5882 6033//5881
f 6033//5881 6034//5882 6032//5880
o tripo_part_42
g tripo_part_42
usemtl mat_0
v 0.141885474 0.518590927 -0.112524815
v 0.141885474 0.520547867 -0.114481755
v 0.141885474 0.524461746 -0.102740079
vn 0.990928710 -0.047187082 -0.125832215
v 0.141885474 0.522504807 -0.114481755
v 0.141885474 0.516633987 -0.110567875
v 0.141885474 0.524461746 -0.114481755
v 0.141885474 0.516633987 -0.108610936
v 0.141885474 0.526418686 -0.114481755
v 0.141885474 0.514677048 -0.104697056
v 0.141885474 0.528375626 -0.112524815
v 0.141885474 0.514677048 -0.102740079
v 0.141885474 0.528375626 -0.110567875
v 0.143842474 0.514677048 -0.100783177
vn 0.899676144 0.094702758 -0.426162422
v 0.141885474 0.530332565 -0.106653996
v 0.143842474 0.516633987 -0.096869297
vn 0.974958539 0.220151931 -0.031450275
v 0.141885474 0.530332565 -0.104697056
vn 0.946026325 -0.102486178 -0.307458550
v 0.143842474 0.516633987 -0.094912358
vn 0.984007955 0.125953019 -0.125953019
v 0.143842474 0.530332565 -0.102740079
vn 0.891617656 -0.299836040 -0.339288116
v 0.143842474 0.518590927 -0.094912358
vn 0.978320897 0.063117474 -0.197242111
v 0.143842474 0.530332565 -0.098826237
vn 0.948683381 -0.316227764 0.000000000
v 0.143842474 0.520547867 -0.092955418
vn 0.930982769 0.362925500 -0.039448425
v 0.143842474 0.530332565 -0.096869297
vn 0.970763624 -0.213094458 -0.110493422
v 0.143842474 0.520547867 -0.090998478
vn 0.985658526 0.102508485 -0.134049565
v 0.143842474 0.528375626 -0.094912358
vn 0.972496688 -0.164697006 -0.164697006
v 0.143842474 0.522504807 -0.090998478
v 0.143842474 0.526418686 -0.092955418
v 0.143842474 0.524461746 -0.090998478
vn 0.984679401 -0.055142045 -0.165426135
f 6035//877 6036//877 6037//5883
f 6037//5883 6036//877 6038//877
f 6035//877 6037//5883 6039//877
f 6037//5883 6038//877 6040//877
f 6039//877 6037//5883 6041//877
f 6037//5883 6040//877 6042//877
f 6041//877 6037//5883 6043//877
f 6037//5883 6042//877 6044//877
f 6043//877 6037//5883 6045//4627
f 6037//5883 6044//877 6046//877
f 6045//4627 6037//5883 6047//5884
f 6037//5883 6046//877 6048//877
f 6047//5884 6037//5883 6049//5885
f 6037//5883 6048//877 6050//5886
f 6049//5885 6037//5883 6051//5887
f 6037//5883 6050//5886 6052//5888
f 6051//5887 6037//5883 6053//5889
f 6037//5883 6052//5888 6054//5890
f 6053//5889 6037//5883 6055//5891
f 6037//5883 6054//5890 6056//5892
f 6055//5891 6037//5883 6057//5893
f 6037//5883 6056//5892 6058//5894
f 6057//5893 6037//5883 6059//4607
f 6037//5883 6058//5894 6060//5894
f 6059//4607 6037//5883 6061//5895
f 6061//5895 6037//5883 6060//5894
o tripo_part_43
g tripo_part_43
usemtl mat_0
v 0.157541052 0.516634226 0.044030756
vn 0.937182307 0.165385112 0.307143778
v 0.157541052 0.518591166 0.042074293
vn 0.944764793 0.133841664 0.299175501
v 0.153627113 0.524461746 0.051858753
vn 0.921917439 -0.031518545 0.386102170
v 0.157541052 0.520547867 0.042074293
vn 0.884443343 -0.189523578 0.426428050
v 0.155584112 0.516634226 0.047944874
vn 0.945732594 0.078811042 0.315244168
v 0.159498230 0.522504807 0.040117353
vn 0.880934477 -0.125847772 0.456198186
v 0.155584112 0.514676809 0.049901813
vn 0.865578473 0.070820048 0.495740384
v 0.159498230 0.524461746 0.040117353
vn 0.884305537 -0.150016114 0.442152768
v 0.153627113 0.514676809 0.051858753
vn 0.922375739 0.000000000 0.386294127
v 0.159498230 0.526418686 0.042074293
vn 0.858853698 -0.007879391 0.512160420
v 0.153627113 0.514676809 0.053815693
vn 0.977955699 0.039433695 0.205055207
v 0.157541052 0.528375864 0.042074293
vn 0.806355655 0.363650590 0.466421396
v 0.151670232 0.516634226 0.057729810
vn 0.851847351 0.165636972 0.496910930
v 0.157541052 0.528375864 0.044030756
vn 0.810170233 -0.574198365 0.117985964
v 0.149713054 0.518591166 0.059686750
vn 0.910707772 -0.062807433 0.408248305
v 0.155584112 0.530332804 0.047944874
vn 0.946644366 -0.118330546 0.299770713
v 0.149713054 0.520547867 0.061643690
vn 0.936949790 -0.133849964 0.322814643
v 0.155584112 0.530332804 0.049901813
vn 0.932231247 -0.213307172 0.292309821
v 0.149713054 0.522504807 0.061643690
vn 0.929018736 0.000000000 0.370032877
v 0.153627113 0.530332804 0.051858753
v 0.149713054 0.524461746 0.061643690
v 0.153627113 0.530332804 0.055772871
vn 0.829398394 -0.308062255 0.466042876
v 0.149713054 0.526418686 0.061643690
vn 0.904474974 -0.165164992 0.393249989
v 0.151670232 0.530332804 0.057729810
vn 0.930664241 -0.047321912 0.362801313
v 0.151670232 0.528375864 0.059686750
f 6062//5896 6063//5897 6064//5898
f 6064//5898 6063//5897 6065//5899
f 6062//5896 6064//5898 6066//5900
f 6064//5898 6065//5899 6067//5901
f 6066//5900 6064//5898 6068//5902
f 6064//5898 6067//5901 6069//5903
f 6068//5902 6064//5898 6070//5904
f 6064//5898 6069//5903 6071//5905
f 6070//5904 6064//5898 6072//5906
f 6064//5898 6071//5905 6073//5907
f 6072//5906 6064//5898 6074//5908
f 6064//5898 6073//5907 6075//5909
f 6074//5908 6064//5898 6076//5910
f 6064//5898 6075//5909 6077//5911
f 6076//5910 6064//5898 6078//5912
f 6064//5898 6077//5911 6079//5913
f 6078//5912 6064//5898 6080//5914
f 6064//5898 6079//5913 6081//5904
f 6080//5914 6064//5898 6082//5914
f 6064//5898 6081//5904 6083//5915
f 6082//5914 6064//5898 6084//5916
f 6064//5898 6083//5915 6085//5917
f 6084//5916 6064//5898 6086//3740
f 6086//3740 6064//5898 6085//5917
o tripo_part_44
g tripo_part_44
usemtl mat_0
v 0.141885459 0.489236742 0.104696743
v 0.141885459 0.489236742 0.100782864
vn 0.956958413 0.000000000 0.290225118
v 0.141885459 0.493150622 0.102739803
v 0.141885459 0.495107561 0.100782864
v 0.143842429 0.491193682 0.098825447
v 0.143842429 0.495107561 0.090997688
vn 0.999876022 0.000000000 0.015746079
v 0.143842429 0.491193682 0.096868508
v 0.141885459 0.495107561 0.098825447
v 0.143842429 0.491193682 0.094911568
v 0.143842429 0.495107561 0.096868508
vn 0.316227764 -0.948683381 0.000000000
v 0.143842429 0.491193682 0.092954628
v 0.143842429 0.497064501 0.094911568
v 0.143842429 0.491193682 0.090997688
v 0.143842429 0.497064501 0.092954628
v 0.143842429 0.493150622 0.089040749
v 0.143842429 0.495107561 0.087083809
v 0.143842429 0.497064501 0.090997688
v 0.143842429 0.499021441 0.089040749
v 0.143842429 0.499021441 0.087083809
v 0.143842429 0.500978410 0.083169453
v 0.143842429 0.500978410 0.085126869
v 0.143842429 0.499021441 0.083169453
v 0.143842429 0.497064501 0.083169453
v 0.143842429 0.495107561 0.085126869
f 6087//877 6088//5918 6089//877
f 6089//877 6088//5918 6090//1525
f 6090//1525 6088//5918 6091//1549
f 6090//1525 6091//1549 6092//5919
f 6092//5919 6091//1549 6093//877
f 6090//1525 6092//5919 6094//1207
f 6092//5919 6093//877 6095//877
f 6094//1207 6092//5919 6096//5920
f 6092//5919 6095//877 6097//877
f 6096//5920 6092//5919 6098//877
f 6092//5919 6097//877 6099//877
f 6098//877 6092//5919 6100//877
f 6092//5919 6099//877 6101//877
f 6092//5919 6101//877 6102//877
f 6100//877 6092//5919 6103//877
f 6103//877 6092//5919 6104//877
f 6104//877 6092//5919 6105//877
f 6105//877 6092//5919 6106//877
f 6105//877 6106//877 6107//877
f 6106//877 6092//5919 6108//877
f 6108//877 6092//5919 6109//877
f 6109//877 6092//5919 6110//877
o tripo_part_45
g tripo_part_45
usemtl mat_0
v 0.157540902 0.493150651 -0.047945619
v 0.157540902 0.493150651 -0.049902558
vn 0.951782823 0.000000000 -0.306772947
v 0.157540902 0.495107561 -0.049902558
vn 0.864348352 0.000000000 -0.502893567
v 0.155584201 0.495107561 -0.051859498
vn 0.845328391 0.418714076 -0.331811130
v 0.155584201 0.491193593 -0.051859498
v 0.155584201 0.491193593 -0.053816438
vn 0.724926531 0.401861459 -0.559454143
v 0.153627142 0.491193593 -0.055773377
vn 0.911100924 -0.212066606 -0.353444338
v 0.153627142 0.495107561 -0.059687257
vn 0.922117889 0.212796450 -0.323135316
v 0.155584201 0.495107561 -0.053816438
v 0.153627142 0.491193593 -0.059687257
v 0.153627142 0.495107561 -0.055773377
vn 0.316227764 0.948683381 0.000000000
v 0.151670203 0.491193593 -0.061644197
vn 0.849525154 -0.180917397 -0.495556325
v 0.153627142 0.497064412 -0.057730317
vn 0.929912508 0.260060281 -0.260060281
v 0.151670203 0.493150651 -0.063601136
vn 0.801437140 -0.589292049 -0.102143943
v 0.151670203 0.497064412 -0.059687257
vn 0.685677350 0.685677350 -0.244321838
v 0.151670203 0.493150651 -0.065558076
vn 0.892395854 0.244816571 -0.379070818
v 0.149713144 0.495107561 -0.067515016
vn 0.888882458 0.125859469 -0.440508127
v 0.149713144 0.497064412 -0.067515016
vn 0.894427299 0.000000000 -0.447213650
v 0.151670203 0.497064412 -0.061644197
vn 0.786938250 0.613811851 -0.062955059
v 0.149713144 0.499021351 -0.067515016
vn 0.873528540 0.275436908 -0.401350945
v 0.151670203 0.499021351 -0.063601136
vn 0.858214498 -0.275573462 -0.433044016
v 0.149713144 0.499021351 -0.065558076
f 6111//877 6112//5921 6113//5922
f 6113//5922 6112//5921 6114//5923
f 6115//870 6116//5924 6112//5921
f 6112//5921 6116//5924 6117//5925
f 6114//5923 6112//5921 6118//5926
f 6118//5926 6112//5921 6117//5925
f 6114//5923 6118//5926 6119//878
f 6118//5926 6117//5925 6120//4627
f 6119//878 6118//5926 6121//5927
f 6118//5926 6120//4627 6122//5928
f 6121//5927 6118//5926 6123//5929
f 6118//5926 6122//5928 6124//5930
f 6123//5929 6118//5926 6125//5931
f 6118//5926 6124//5930 6126//5932
f 6118//5926 6126//5932 6127//5933
f 6118//5926 6127//5933 6128//5934
f 6125//5931 6118//5926 6129//5935
f 6118//5926 6128//5934 6130//5936
f 6118//5926 6130//5936 6129//5935
f 6129//5935 6130//5936 6131//5937
f 6131//5937 6130//5936 6132//1207
o tripo_part_46
g tripo_part_46
usemtl mat_0
v 0.163411885 0.506849229 0.040117059
vn -0.714302480 0.274731696 0.643657148
v 0.163411885 0.506849229 0.038160119
vn -0.698152006 -0.054910827 -0.713840783
v 0.163411885 0.499021500 0.042073999
vn -0.118271679 -0.930403829 0.346930265
v 0.165368825 0.506849229 0.038160119
vn 0.674017608 -0.219447613 -0.705367327
v 0.165368825 0.512720048 0.038160119
vn 0.157251373 0.974958539 -0.157251373
v 0.165368825 0.506849229 0.040117059
vn 0.730925202 0.094312936 0.675909340
f 6133//5938 6134//5939 6135//5940
f 6135//5940 6134//5939 6136//5941
f 6134//5939 6133//5938 6137//5942
f 6134//5939 6137//5942 6136//5941
f 6133//5938 6135//5940 6138//5943
f 6138//5943 6135//5940 6136//5941
f 6133//5938 6138//5943 6137//5942
f 6137//5942 6138//5943 6136//5941
o tripo_part_47
g tripo_part_47
usemtl mat_0
v 0.149713248 0.500978410 -0.069471978
v 0.149713248 0.500978410 -0.067515038
v 0.149713248 0.499021471 -0.067515038
f 6139//877 6140//877 6141//877
